"chr","start","end","strand","pvalue","qvalue","meth.diff"
"chr21",5035001,5040000,"*",0.53273279979664,0.830401681279464,-3.65217391304348
"chr21",5050001,5055000,"*",0.199751662997562,0.589527368124626,16.6666666666667
"chr21",5055001,5060000,"*",0.326638801812156,0.695136369030856,24.2424242424242
"chr21",5060001,5065000,"*",0.931017426632169,0.988713934314717,-0.58558558558558
"chr21",5065001,5070000,"*",0.0569122938967731,0.349185225229262,8.80984042553191
"chr21",5080001,5085000,"*",0.362014480470788,0.720794183865037,7.40740740740741
"chr21",5085001,5090000,"*",0.837235169775775,0.956224600353471,3.92156862745099
"chr21",5090001,5095000,"*",0.0236436338058407,0.22831695831739,6.12244897959183
"chr21",5095001,5100000,"*",0.515246811954236,0.821139902545839,-3.1701444622793
"chr21",5100001,5105000,"*",0.365148315071061,0.724116404781258,-8.57142857142857
"chr21",5105001,5110000,"*",0.0884110860043509,0.42280947932693,20.5882352941177
"chr21",5110001,5115000,"*",0.81614716235696,0.94956950144767,1.31362889983581
"chr21",5115001,5120000,"*",3.70043064436159e-06,0.00144522374610344,-71.3043478260869
"chr21",5120001,5125000,"*",0.608995270993718,0.866985587262336,-7.86290322580645
"chr21",5125001,5130000,"*",0.251373586695547,0.635860608848191,20.6896551724138
"chr21",5130001,5135000,"*",0.0718143766450586,0.391989198493968,7.14285714285714
"chr21",5135001,5140000,"*",0.418353479582951,0.762911792858145,7.5
"chr21",5140001,5145000,"*",0.0035713334328968,0.091629467274688,20
"chr21",5145001,5150000,"*",0.674461564634081,0.893890217223192,-2.62458471760798
"chr21",5150001,5155000,"*",5.92013421635149e-05,0.0104046358852377,-50
"chr21",5215001,5220000,"*",0.325285589602564,0.694839461331873,5.34054054054054
"chr21",5220001,5225000,"*",0.615643643958041,0.870212926100962,1.72825811172017
"chr21",5225001,5230000,"*",0.0306348524245099,0.261498330769894,-11.7311940472038
"chr21",5230001,5235000,"*",0.0125066619372052,0.176549866302314,-10.7326273030611
"chr21",5235001,5240000,"*",0.349909196840152,0.713222856198645,-5.06493506493506
"chr21",5240001,5245000,"*",0.076475213464464,0.402586837189295,-7.60785526519252
"chr21",5245001,5250000,"*",0.560520719602432,0.841172717112329,-2.92166952544312
"chr21",5250001,5255000,"*",0.553431527671344,0.839282382070339,-3.60893113739361
"chr21",5255001,5260000,"*",0.0463780289237789,0.325386770522286,43.75
"chr21",5280001,5285000,"*",0.162085366825413,0.536908062434045,41.6666666666667
"chr21",5285001,5290000,"*",0.395756551239853,0.74970858399789,15
"chr21",5290001,5295000,"*",0.792949231616145,0.93818303214998,1.46537622682661
"chr21",5295001,5300000,"*",0.276765689142118,0.657441779044399,-6.4625850340136
"chr21",5300001,5305000,"*",0.879664032705785,0.96998938982212,3.63636363636364
"chr21",5305001,5310000,"*",0.273141273809002,0.654467144512166,16.0183066361556
"chr21",5310001,5315000,"*",0.111464615072099,0.461404660244149,-13.6263736263736
"chr21",5315001,5320000,"*",0.699104076253347,0.901577629139273,-6.36604774535809
"chr21",5320001,5325000,"*",0.49220597527965,0.810732897426415,-9.79020979020979
"chr21",5325001,5330000,"*",0.832695573669543,0.954639576467203,-5.35714285714286
"chr21",5330001,5335000,"*",0.0250532344572102,0.236213350739703,-29.7297297297297
"chr21",5335001,5340000,"*",0.776708958604664,0.933087124063725,-9.52380952380952
"chr21",5340001,5345000,"*",0.178915675571939,0.561762924443662,-24.5059288537549
"chr21",5350001,5355000,"*",0.267686149063668,0.647609606513198,-29.5454545454545
"chr21",5355001,5360000,"*",0.264668670977937,0.64397446128717,-15.0326797385621
"chr21",5360001,5365000,"*",0.276352756442403,0.657441779044399,-28.5714285714286
"chr21",5365001,5370000,"*",0.0465045632546871,0.325514665637002,-54.5454545454545
"chr21",5370001,5375000,"*",0.445623522744253,0.780919385488544,7.71526001705031
"chr21",5375001,5380000,"*",0.636827852547065,0.877307427671148,11.5384615384615
"chr21",5380001,5385000,"*",0.00154850300553456,0.0625630812006205,-57.1428571428571
"chr21",6035001,6040000,"*",0.207662276933544,0.597815645717779,33.3333333333333
"chr21",6070001,6075000,"*",0.179873728746469,0.562505477352169,-28.5714285714286
"chr21",6090001,6095000,"*",0.411980601054191,0.759399848237984,5.55555555555556
"chr21",6095001,6100000,"*",0.111971031348011,0.461404660244149,-20.8333333333333
"chr21",6105001,6110000,"*",0.000514842355629756,0.0338877183721099,-40.4761904761905
"chr21",6110001,6115000,"*",0.000198360194383743,0.0195100563924777,75
"chr21",6125001,6130000,"*",2.14770661148811e-07,0.000151338501182116,-28.1481481481482
"chr21",6155001,6160000,"*",0.0463780290275008,0.325386770522286,30.7692307692308
"chr21",6365001,6370000,"*",0.275872152679153,0.657194589405098,-13.8200782268579
"chr21",6370001,6375000,"*",0.238423869601077,0.62870210176128,-6.55826265463779
"chr21",6375001,6380000,"*",0.0299297865028929,0.259440689414719,10.4406779661017
"chr21",6430001,6435000,"*",0.438932736591106,0.77609274352314,-3.125
"chr21",6435001,6440000,"*",0.209565139635929,0.599854613860172,12.5641025641026
"chr21",6485001,6490000,"*",0.72767835158059,0.913333121158997,2.93040293040292
"chr21",6505001,6510000,"*",0.735479544752606,0.916514768472463,2.81329923273658
"chr21",6530001,6535000,"*",0.000166002053379482,0.0178301428803503,60
"chr21",6540001,6545000,"*",0.207662276933544,0.597815645717779,33.3333333333333
"chr21",6555001,6560000,"*",6.8354101940439e-05,0.0105726001758958,81.8181818181818
"chr21",6560001,6565000,"*",0.315347957588464,0.689294204956338,22.3529411764706
"chr21",6565001,6570000,"*",0.0242910275454594,0.231554884234176,50
"chr21",6845001,6850000,"*",0.216166268792491,0.608644466019331,-25
"chr21",6895001,6900000,"*",0.290896394031369,0.669175932604883,-11.5384615384615
"chr21",6925001,6930000,"*",0.373159599994442,0.72991429826403,9.28792569659442
"chr21",6930001,6935000,"*",0.657600867613373,0.885622146030948,-16.6666666666667
"chr21",7200001,7205000,"*",0.809672419957992,0.946746065901463,8.33333333333334
"chr21",7205001,7210000,"*",0.610754048334106,0.867920145500054,-6.06060606060607
"chr21",7220001,7225000,"*",0.525308487035741,0.82468036263092,6.66666666666668
"chr21",7225001,7230000,"*",0.943461615642897,0.99140800641826,0.86580086580087
"chr21",7230001,7235000,"*",0.258844704619483,0.641544665286873,-5.87096774193548
"chr21",7235001,7240000,"*",0.00496892723859151,0.11135046018589,24.1511238641798
"chr21",7240001,7245000,"*",0.631698494676599,0.875732679466869,3.46841913106973
"chr21",7245001,7250000,"*",0.918647746479874,0.985300801088321,0.602159468438535
"chr21",7250001,7255000,"*",0.358293298327679,0.719033800763322,-10.3333333333333
"chr21",7255001,7260000,"*",0.207201541240377,0.597815645717779,6.4796033355871
"chr21",7260001,7265000,"*",0.0364344913494746,0.28779154403012,-11.6676755447942
"chr21",7270001,7275000,"*",0.316994680030133,0.689689513613096,7.74849158463003
"chr21",7275001,7280000,"*",0.294613889997809,0.673321081496942,10.2990033222591
"chr21",7280001,7285000,"*",0.121497391889265,0.479534035797801,9.97474747474747
"chr21",7285001,7290000,"*",0.0516143216354631,0.339292280957413,11.2457912457912
"chr21",7295001,7300000,"*",0.498566175942515,0.813391173918986,-4.06640268047518
"chr21",7300001,7305000,"*",0.914058200418076,0.983502787643196,-1.14942528735632
"chr21",7305001,7310000,"*",0.330523357299497,0.69735270162529,8.93329415221863
"chr21",7310001,7315000,"*",0.840021874869203,0.956224600353471,1.59313725490196
"chr21",7315001,7320000,"*",0.0307251239282977,0.261498330769894,-20.4901960784314
"chr21",7320001,7325000,"*",0.016552336333118,0.200027707849572,-14.4840377697842
"chr21",7325001,7330000,"*",0.0703731475719117,0.38754124116734,-11.0329444063143
"chr21",7750001,7755000,"*",0.019553108036687,0.21396174942324,42.8571428571429
"chr21",7795001,7800000,"*",0.00392591709443809,0.0978694935244673,-100
"chr21",7815001,7820000,"*",0.68598594631725,0.89809658351583,-4.80769230769231
"chr21",7820001,7825000,"*",0.245230673167063,0.630306429305182,10.4395604395604
"chr21",7915001,7920000,"*",0.812974441486316,0.948582626331751,-0.425918193206365
"chr21",7920001,7925000,"*",0.126295282623177,0.486968589432802,-2.39389070426603
"chr21",7925001,7930000,"*",0.0979584384890276,0.440875686669567,-2.99849329631585
"chr21",7930001,7935000,"*",0.428925222009799,0.77118780325547,1.3174647704957
"chr21",7935001,7940000,"*",0.386386558630365,0.741660502568503,-1.53058216654385
"chr21",7940001,7945000,"*",0.0268608400551892,0.2428103635193,4.24252970093797
"chr21",7945001,7950000,"*",0.289426234357762,0.667922045451453,2.88359902495848
"chr21",7950001,7955000,"*",0.84407013134095,0.956603743886326,-0.433110348007726
"chr21",7955001,7960000,"*",0.108597365214023,0.456057035516478,5.69717782767578
"chr21",7960001,7965000,"*",0.233916261244519,0.624973260749819,4.43558474046278
"chr21",7965001,7970000,"*",0.129322277498127,0.490423938318804,-7.74207819498977
"chr21",7970001,7975000,"*",0.143036143449741,0.509910795360891,-9.73451327433628
"chr21",7975001,7980000,"*",0.709318973096796,0.905731731588458,-2.75327452552794
"chr21",7980001,7985000,"*",0.958040916394778,0.994618979526121,-0.735294117647056
"chr21",7985001,7990000,"*",0.668100156750987,0.890224649494382,7.5
"chr21",7990001,7995000,"*",0.0214240456532952,0.220644846860996,-20.467385721623
"chr21",8005001,8010000,"*",0.102152201066816,0.447154404420744,-16.1904761904762
"chr21",8010001,8015000,"*",0.0366837123077958,0.289434901822452,30.4347826086957
"chr21",8015001,8020000,"*",0.664047354477215,0.888092665939732,-5.95238095238095
"chr21",8020001,8025000,"*",0.182018770395897,0.566913950720184,-10.3846153846154
"chr21",8030001,8035000,"*",0.188056129748491,0.57254852267365,15.0793650793651
"chr21",8035001,8040000,"*",0.373914382831302,0.730577574014467,-6.84731934731935
"chr21",8040001,8045000,"*",0.750717833441921,0.922859134011335,-2.29885057471265
"chr21",8045001,8050000,"*",0.896927471641633,0.977266498740903,-0.63002333419756
"chr21",8205001,8210000,"*",0.0749345327824355,0.39908315565191,-12.916842549599
"chr21",8215001,8220000,"*",3.59654641442713e-05,0.0073154278609716,8.32726751757267
"chr21",8220001,8225000,"*",0.0967990103200955,0.439050649760049,4.95385751199705
"chr21",8225001,8230000,"*",0.142403200378826,0.5086862289955,-6.14256521216492
"chr21",8230001,8235000,"*",0.00343571485314307,0.0895562253866147,-5.64202410541142
"chr21",8235001,8240000,"*",0.581354286028537,0.853552999560191,-2.83166109253066
"chr21",8400001,8405000,"*",0.603355638990389,0.864367411159154,4.03700588730025
"chr21",8405001,8410000,"*",0.380796013792701,0.737739440874137,-1.64272435355755
"chr21",8410001,8415000,"*",0.518539525194969,0.822454668297301,12.5
"chr21",8420001,8425000,"*",0.186395577448411,0.572122650065984,-12.5816993464052
"chr21",8445001,8450000,"*",3.64210490944532e-05,0.0073154278609716,50
"chr21",8465001,8470000,"*",0.264903792666416,0.64397446128717,25
"chr21",8470001,8475000,"*",0.43925362948251,0.77609274352314,4.23445974134334
"chr21",8520001,8525000,"*",0.0924839856718701,0.430024118503174,50
"chr21",8525001,8530000,"*",0.276352756442404,0.657441779044399,-29.1666666666667
"chr21",8530001,8535000,"*",0.454319530237774,0.786121950204739,-7.68398268398268
"chr21",8535001,8540000,"*",0.207662276933544,0.597815645717779,-33.3333333333333
"chr21",8550001,8555000,"*",0.164942482432858,0.541337839170397,-32.5
"chr21",8555001,8560000,"*",0.248999780589913,0.633997992592207,-21.1764705882353
"chr21",8560001,8565000,"*",0.201388780331716,0.59152066410478,28.5714285714286
"chr21",8575001,8580000,"*",0.897784230748006,0.977758328080878,-3.57142857142857
"chr21",8580001,8585000,"*",0.385179218142023,0.741303730984107,23.3333333333333
"chr21",8585001,8590000,"*",0.00156871515869438,0.0627392789817502,-80
"chr21",8590001,8595000,"*",0.0594393838995401,0.353519283475954,-51.8518518518519
"chr21",8595001,8600000,"*",0.0195091438209546,0.21396174942324,-63.6363636363636
"chr21",8610001,8615000,"*",0.00215032809334526,0.0716436326834936,85.7142857142857
"chr21",8615001,8620000,"*",0.594962165020196,0.86036393033129,-12.5
"chr21",8625001,8630000,"*",0.767553026017375,0.930969249983118,6.31578947368422
"chr21",8630001,8635000,"*",0.391654136259556,0.746541038021516,-25
"chr21",8635001,8640000,"*",0.175856135978159,0.557573109411106,-23.2323232323232
"chr21",8640001,8645000,"*",0.683563503234942,0.89731413878381,-7.93650793650793
"chr21",8650001,8655000,"*",0.73361285657489,0.91562341766511,-2.97619047619048
"chr21",8655001,8660000,"*",0.0745640005417777,0.397712385287327,-23.0769230769231
"chr21",8660001,8665000,"*",0.71565306373397,0.90845595441258,7.14285714285715
"chr21",8680001,8685000,"*",0.00428085646042903,0.101328016554936,-35.7142857142857
"chr21",8685001,8690000,"*",0.726974334875977,0.913282717332504,2.59547645532072
"chr21",8690001,8695000,"*",0.52503444254955,0.824434248631525,-4.06296719725618
"chr21",8695001,8700000,"*",0.00042267018748739,0.0306326950313026,-34.6389228886169
"chr21",8700001,8705000,"*",0.100566864907263,0.445188517544522,12.9032258064516
"chr21",8755001,8760000,"*",0.299919149531604,0.678606894498609,5.12835785335637
"chr21",8760001,8765000,"*",0.497530756622454,0.813391173918986,3.02360854655763
"chr21",8765001,8770000,"*",0.0144458547385419,0.188342287003321,-15.2380952380952
"chr21",8770001,8775000,"*",0.00884731496725974,0.15130394865106,15.5172413793103
"chr21",8775001,8780000,"*",0.115399343509713,0.466239876363957,-10.0533943554539
"chr21",8780001,8785000,"*",0.150186818643746,0.521904762761015,12.4833702882483
"chr21",8785001,8790000,"*",0.721942863197081,0.910834948033418,-1.67443305374341
"chr21",8790001,8795000,"*",0.963362491162173,0.996386392948371,0.714285714285712
"chr21",8795001,8800000,"*",0.0111368575013,0.166934132695392,-45.045045045045
"chr21",8805001,8810000,"*",0.0220434204238798,0.222013245816439,23.2142857142857
"chr21",8810001,8815000,"*",0.471937914288385,0.799056873057692,-4.56047587574355
"chr21",8815001,8820000,"*",0.692376870142853,0.89959023877653,6.4039408866995
"chr21",8820001,8825000,"*",0.260636294622225,0.64397446128717,-38.0952380952381
"chr21",8825001,8830000,"*",0.924741261536204,0.987264970792815,-1.19047619047619
"chr21",8830001,8835000,"*",0.0312345316781806,0.26449660731624,-16.6666666666667
"chr21",8835001,8840000,"*",0.545254198697265,0.83506653414964,-4.97835497835498
"chr21",8840001,8845000,"*",0.91771349460459,0.98515867843877,-0.773195876288657
"chr21",8845001,8850000,"*",0.732834230138459,0.91562341766511,-4.76190476190477
"chr21",8850001,8855000,"*",0.116047374816945,0.467782709267845,35.7142857142857
"chr21",8860001,8865000,"*",0.400152256811405,0.751873203181172,-11.4130434782609
"chr21",8875001,8880000,"*",0.637705732538375,0.877849691259934,-7.60233918128655
"chr21",8985001,8990000,"*",0.974202556347348,0.9988408871652,-0.184069611780446
"chr21",8990001,8995000,"*",0.456516428932581,0.7875608577659,-3.28300904535693
"chr21",8995001,9000000,"*",0.119784803980981,0.476338616790135,-6.23964603591089
"chr21",9005001,9010000,"*",0.964397498206658,0.996431973774512,-0.201928416376396
"chr21",9010001,9015000,"*",0.284142821077315,0.663408844959656,3.76452994357964
"chr21",9015001,9020000,"*",0.432737468551546,0.774476681241693,-4.70392916436082
"chr21",9020001,9025000,"*",0.204819730447237,0.594770741959405,7.73492907801419
"chr21",9025001,9030000,"*",0.657810225784434,0.885622146030948,-2.54339118825101
"chr21",9030001,9035000,"*",0.070843932362544,0.389111409927886,14.5816518697875
"chr21",9035001,9040000,"*",0.23178414086719,0.622324440012067,-7.57017947537967
"chr21",9040001,9045000,"*",0.263269859487037,0.64397446128717,-5.23570793240073
"chr21",9045001,9050000,"*",0.376264695127897,0.733430718415796,12.2291021671827
"chr21",9060001,9065000,"*",0.0924839856718701,0.430024118503174,50
"chr21",9065001,9070000,"*",0.686538780715525,0.89809658351583,-3.92156862745098
"chr21",9070001,9075000,"*",0.475469676180826,0.800611215221846,7.20130932896891
"chr21",9075001,9080000,"*",0.224533774423694,0.615154173101253,-25
"chr21",9080001,9085000,"*",0.312766126587963,0.6888301597473,-10.1398601398601
"chr21",9085001,9090000,"*",0.690792540264656,0.899201468470827,3.47881087919039
"chr21",9095001,9100000,"*",0.468957721177916,0.796415940400653,9.57575757575758
"chr21",9105001,9110000,"*",0.356605626462208,0.717850203043721,-10.7046070460705
"chr21",9110001,9115000,"*",0.000161410489419306,0.0178301428803503,-43.9799331103679
"chr21",9115001,9120000,"*",0.0228741701398921,0.226167955110326,-29.281045751634
"chr21",9120001,9125000,"*",0.380993438736984,0.737739440874137,-18.7878787878788
"chr21",9125001,9130000,"*",0.00142071880095627,0.0598063064115123,34.9206349206349
"chr21",9130001,9135000,"*",0.542315906731969,0.834130572967314,-10.2766798418972
"chr21",9135001,9140000,"*",0.0465045633618353,0.325514665637002,-37.5
"chr21",9140001,9145000,"*",0.377838914704435,0.734773878387877,-13.3333333333333
"chr21",9145001,9150000,"*",0.444882337152297,0.780667357961723,20.8333333333333
"chr21",9150001,9155000,"*",0.71366983730742,0.907896664972883,8.92857142857143
"chr21",9155001,9160000,"*",0.557127518196296,0.840281825002087,17.1428571428571
"chr21",9160001,9165000,"*",0.184387383536865,0.56902691231965,-46.6666666666667
"chr21",9165001,9170000,"*",0.461955191817013,0.792423892311715,-25
"chr21",9170001,9175000,"*",0.178697990518977,0.561576608559861,-38.6363636363636
"chr21",9175001,9180000,"*",0.0140668470111558,0.186233398283287,-58.8235294117647
"chr21",9185001,9190000,"*",0.121595771468442,0.479534035797801,-30
"chr21",9190001,9195000,"*",0.105108751437549,0.451383336961496,-38.0645161290323
"chr21",9245001,9250000,"*",0.00327461178911358,0.0865433115694303,-17.5609004008634
"chr21",9270001,9275000,"*",0.00198785833057662,0.0705790104240084,100
"chr21",9280001,9285000,"*",0.0719511326294237,0.392409978576298,44.7058823529412
"chr21",9285001,9290000,"*",0.0119335673248906,0.17297521297728,-55.5555555555556
"chr21",9290001,9295000,"*",0.15948613556981,0.532883808486581,-9.9223602484472
"chr21",9295001,9300000,"*",0.27357659933234,0.654467144512166,-9.07103825136612
"chr21",9300001,9305000,"*",0.0587398383421834,0.351802621522646,-15.9022931206381
"chr21",9305001,9310000,"*",0.129598413077666,0.490423938318804,-23.030303030303
"chr21",9310001,9315000,"*",0.951336194937417,0.994038860049055,0.83333333333333
"chr21",9315001,9320000,"*",0.295382567063892,0.673363826511112,22.2222222222222
"chr21",9320001,9325000,"*",0.0192275070771825,0.213537716828741,22.7625088090204
"chr21",9325001,9330000,"*",0.969854015390333,0.997143855920606,-0.344287949921751
"chr21",9330001,9335000,"*",0.683637236446224,0.89731413878381,4.57875457875458
"chr21",9335001,9340000,"*",0.460504769049617,0.791527757070613,6.44444444444444
"chr21",9340001,9345000,"*",0.101637639128394,0.446692276044061,-26.6666666666667
"chr21",9345001,9350000,"*",0.959578722372535,0.994967313393058,1.13636363636364
"chr21",9350001,9355000,"*",0.476283892968111,0.800855105590595,-3.8849274649619
"chr21",9360001,9365000,"*",0.251429693195631,0.635860608848191,8.86524822695036
"chr21",9365001,9370000,"*",0.0924839856718701,0.430024118503174,50
"chr21",9370001,9375000,"*",0.548806232702572,0.836997254868688,12.1693121693122
"chr21",9525001,9530000,"*",0.535288075374236,0.83104310522117,-9.7165991902834
"chr21",9530001,9535000,"*",0.264859815625105,0.64397446128717,-16.6666666666667
"chr21",9535001,9540000,"*",0.257099575597277,0.641326175798401,16.231884057971
"chr21",9540001,9545000,"*",0.772947184092299,0.932147405845657,3.4965034965035
"chr21",9545001,9550000,"*",0.416070582362988,0.760994001526401,7.7391304347826
"chr21",9550001,9555000,"*",0.140709641736381,0.505636456824062,-12.0448179271709
"chr21",9555001,9560000,"*",0.0533815615797836,0.34247405050289,25.3333333333333
"chr21",9560001,9565000,"*",0.0399845402044576,0.301276867778496,12.7872498146775
"chr21",9565001,9570000,"*",0.775681288564808,0.93294088256811,2.317429406037
"chr21",9570001,9575000,"*",0.481858948114474,0.805581071401844,-11.8181818181818
"chr21",9575001,9580000,"*",0.942283550691921,0.990912993472581,1.42857142857143
"chr21",9580001,9585000,"*",0.818072258154432,0.949594159121394,-2.52454417952314
"chr21",9585001,9590000,"*",0.0181807114396368,0.209115872159131,55
"chr21",9590001,9595000,"*",0.003038834055798,0.0838389403701531,-33.3333333333333
"chr21",9595001,9600000,"*",0.387865971415531,0.742564754643569,8.46267553584626
"chr21",9600001,9605000,"*",0.77504101855029,0.932376160683282,6.66666666666667
"chr21",9605001,9610000,"*",0.796395062862502,0.939890982742242,7.84313725490196
"chr21",9610001,9615000,"*",0.262678809466735,0.64397446128717,-9.830007390983
"chr21",9615001,9620000,"*",0.772188519382076,0.932136596918189,6.25
"chr21",9620001,9625000,"*",0.0495893256217638,0.336313858765357,24.7582205029014
"chr21",9625001,9630000,"*",0.0390988774811125,0.298320835947359,16.1121983039791
"chr21",9630001,9635000,"*",0.546419717014567,0.83506653414964,-5.1125703564728
"chr21",9640001,9645000,"*",0.314997882525565,0.689294204956338,13.2211538461538
"chr21",9645001,9650000,"*",0.634435475098711,0.876563345929752,3.77655389457121
"chr21",9650001,9655000,"*",0.737527397394431,0.917504442343453,1.70656028368795
"chr21",9655001,9660000,"*",0.465924505586086,0.794409413418828,2.80041797283177
"chr21",9660001,9665000,"*",0.10197345700265,0.446788424716023,25.6756756756757
"chr21",9665001,9670000,"*",0.400329945610417,0.751873203181172,11.1688311688312
"chr21",9670001,9675000,"*",0.127082645009961,0.487454513118457,-14.4444444444444
"chr21",9675001,9680000,"*",0.00507238704440838,0.11135046018589,-15.9559952242879
"chr21",9680001,9685000,"*",0.11822355230273,0.473298162123115,-17.5324675324675
"chr21",9685001,9690000,"*",0.509318743874213,0.818964036924913,-6.21621621621622
"chr21",9690001,9695000,"*",0.34501246588956,0.710646831293175,7.85714285714285
"chr21",9695001,9700000,"*",0.206557887752196,0.597081719537969,-8.7940074906367
"chr21",9700001,9705000,"*",0.0666883539452039,0.373769621202457,15.7474600870827
"chr21",9705001,9710000,"*",0.316489431297285,0.689689513613096,6.08375778155065
"chr21",9710001,9715000,"*",0.747044709015124,0.920887394861658,-4.78468899521531
"chr21",9715001,9720000,"*",0.183942101044147,0.568743175826003,9.34889080956497
"chr21",9720001,9725000,"*",0.949673258564973,0.993562802599026,-0.219320444039539
"chr21",9725001,9730000,"*",0.456393230809506,0.787541583846545,-2.73006268817361
"chr21",9730001,9735000,"*",0.72101391681279,0.910834948033418,1.27743727324944
"chr21",9735001,9740000,"*",0.0877500052467009,0.421299968788042,-6.20007869368483
"chr21",9740001,9745000,"*",0.41165586928618,0.759399848237984,2.41743467640961
"chr21",9745001,9750000,"*",0.100514012108743,0.445188517544522,-6.77129384025936
"chr21",9750001,9755000,"*",0.419751479953904,0.764271666427336,2.61848715024146
"chr21",9755001,9760000,"*",0.565046736057198,0.844626526574974,-1.77383592017738
"chr21",9760001,9765000,"*",0.0150976931045324,0.193215611957852,7.78120145661974
"chr21",9765001,9770000,"*",0.0891590913754629,0.424941296521698,5.61700866331631
"chr21",9770001,9775000,"*",0.0519283443347794,0.339304147647442,-6.02615702725471
"chr21",9775001,9780000,"*",0.924687978433028,0.987264970792815,0.353470134130129
"chr21",9780001,9785000,"*",0.107000745751846,0.45455667787782,7.02116005535055
"chr21",9785001,9790000,"*",0.879261000659969,0.969798492652334,-0.557261956998678
"chr21",9795001,9800000,"*",0.558570692381572,0.84048629440121,2.39022459428747
"chr21",9800001,9805000,"*",0.0232490889375614,0.226822473994101,43.5
"chr21",9805001,9810000,"*",0.845041546532348,0.956933323473326,-1.66666666666666
"chr21",9810001,9815000,"*",0.0645924757738523,0.367680246712698,8.08333333333333
"chr21",9815001,9820000,"*",0.434421457636797,0.775582305993674,-3.27924273157539
"chr21",9820001,9825000,"*",0.0733130294212552,0.39493532324247,6.28920059299806
"chr21",9825001,9830000,"*",0.536795923032047,0.831383196705431,10.7142857142857
"chr21",9830001,9835000,"*",0.751152199831132,0.922859134011335,2.96803652968036
"chr21",9835001,9840000,"*",0.266558295201321,0.645951332390653,4.51700680272109
"chr21",9840001,9845000,"*",0.145174212521818,0.513587876760081,-8.90787065283709
"chr21",9845001,9850000,"*",0.196401826472367,0.5840564492407,-6.26923076923077
"chr21",9850001,9855000,"*",0.878558886092306,0.969551404165511,-0.666666666666671
"chr21",9855001,9860000,"*",0.310939310639621,0.687823585209734,7.81147000659196
"chr21",9860001,9865000,"*",0.156368591258836,0.528847459833828,-8.5836627140975
"chr21",9865001,9870000,"*",0.644836089390317,0.880638935886507,3.27355229040622
"chr21",9870001,9875000,"*",0.395676111800535,0.74970858399789,-5.22971652003911
"chr21",9875001,9880000,"*",0.000804959605769823,0.0456360163593698,-25.657995998153
"chr21",9880001,9885000,"*",0.230265204667472,0.620153232163645,-8.37765957446809
"chr21",9885001,9890000,"*",0.00421705886465788,0.101180627367047,21.0383480825959
"chr21",9890001,9895000,"*",0.219712146300189,0.612684009714529,6.36363636363637
"chr21",9895001,9900000,"*",0.74746429324829,0.920914876838905,2.26815963250072
"chr21",9900001,9905000,"*",0.528507230425482,0.827267819319982,-5.01355013550135
"chr21",9905001,9910000,"*",0.316789482835169,0.689689513613096,-7.84313725490196
"chr21",9910001,9915000,"*",0.0507065874187358,0.337545558423733,-10.804386166705
"chr21",9915001,9920000,"*",0.159361389087674,0.532883808486581,-7.3634859349145
"chr21",9920001,9925000,"*",0.649531876959586,0.883041789794216,-2.83613445378151
"chr21",9925001,9930000,"*",0.231925963507203,0.622324440012067,10.478199718706
"chr21",9930001,9935000,"*",0.778490067841174,0.933285330307547,-2.10526315789473
"chr21",9935001,9940000,"*",0.136484116139844,0.499801851562113,8.47508981517552
"chr21",9940001,9945000,"*",0.3976807143518,0.750429243318437,-4.55043859649122
"chr21",9945001,9950000,"*",0.48970413149427,0.810028245742286,-3.79084967320262
"chr21",9950001,9955000,"*",0.611851919153609,0.868076486710367,-3.76984126984127
"chr21",9955001,9960000,"*",0.144602420505905,0.512878437299429,-11.5221346270467
"chr21",9960001,9965000,"*",0.0088673153405742,0.15130394865106,-17.6709271657537
"chr21",9965001,9970000,"*",0.344105949112496,0.710236295437712,6.04582409460459
"chr21",9970001,9975000,"*",0.85633166754508,0.961863138948426,-1.47976466393296
"chr21",9975001,9980000,"*",0.454114862033994,0.786121950204739,-4.31460872637344
"chr21",9980001,9985000,"*",0.7359496256084,0.916514768472463,-1.91311612364244
"chr21",9985001,9990000,"*",0.512115142313257,0.820157704910652,-4.92510789540492
"chr21",9990001,9995000,"*",0.967458448854334,0.996955862715621,-0.259313136424011
"chr21",9995001,10000000,"*",0.437384382848031,0.77609274352314,4.48585231193927
"chr21",10000001,10005000,"*",0.430275951982463,0.773023241103174,-4.53591111888724
"chr21",10005001,10010000,"*",0.612596842641041,0.868116690840315,3.24248120300752
"chr21",10010001,10015000,"*",0.409442464520616,0.759205475935649,-4.33205292360221
"chr21",10015001,10020000,"*",0.011773288780417,0.172071143713787,18.0451127819549
"chr21",10020001,10025000,"*",0.681770803556592,0.89720118850671,1.8351284175642
"chr21",10025001,10030000,"*",0.0520457786924773,0.339304147647442,12.4281911167157
"chr21",10030001,10035000,"*",0.405234016336576,0.756451177601203,10.4072398190045
"chr21",10035001,10040000,"*",0.112785026265115,0.461588719649785,16.7948717948718
"chr21",10040001,10045000,"*",0.627223510403343,0.873444481193396,5.88235294117647
"chr21",10045001,10050000,"*",0.828805778143462,0.95297753031543,-2.77777777777778
"chr21",10050001,10055000,"*",0.898251087957567,0.978044380874183,-1.49501661129568
"chr21",10055001,10060000,"*",0.46430352566484,0.793208696336288,-8.71080139372823
"chr21",10060001,10065000,"*",0.383390442172631,0.739230611210531,25
"chr21",10065001,10070000,"*",0.580985366632017,0.853212268105929,-10.4395604395604
"chr21",10070001,10075000,"*",0.431759908212279,0.774106644920255,9.55882352941176
"chr21",10075001,10080000,"*",0.0819706992102481,0.41161675068728,-22.1288515406162
"chr21",10080001,10085000,"*",0.0372737237368589,0.291797636826412,18.2539682539683
"chr21",10085001,10090000,"*",0.495927221352054,0.813391173918986,-9.375
"chr21",10090001,10095000,"*",0.777953667977973,0.933235688766624,2.49266862170088
"chr21",10095001,10100000,"*",0.0010328143841654,0.0497307200046766,20.5889724310777
"chr21",10100001,10105000,"*",0.738877680682746,0.91785099194237,-4.16666666666666
"chr21",10105001,10110000,"*",0.00167441959253457,0.0643233318880767,-28.0555555555556
"chr21",10110001,10115000,"*",0.752820154212342,0.924100870283353,2.31762917933132
"chr21",10115001,10120000,"*",0.248045600878348,0.632255465618123,-9.86790986790986
"chr21",10120001,10125000,"*",0.93870320386545,0.98936784455384,-0.277777777777777
"chr21",10125001,10130000,"*",0.0664213629135647,0.372957013803802,17.1059431524548
"chr21",10130001,10135000,"*",0.372339715659121,0.729204394622733,19.047619047619
"chr21",10135001,10140000,"*",0.96838580269161,0.997143855920606,-0.793650793650791
"chr21",10140001,10145000,"*",0.24496326528429,0.630306429305182,-12.3015873015873
"chr21",10145001,10150000,"*",0.320324022162745,0.690972039215739,-13.1578947368421
"chr21",10150001,10155000,"*",0.74234742071473,0.919564198347704,4.62962962962963
"chr21",10155001,10160000,"*",0.925746453264825,0.987264970792815,-1.9047619047619
"chr21",10160001,10165000,"*",0.123696683269273,0.482937002393282,33.3333333333333
"chr21",10165001,10170000,"*",0.394762864080307,0.748905522687366,-21.4285714285714
"chr21",10265001,10270000,"*",0.0650204012581423,0.367835709229903,-28.5714285714286
"chr21",10320001,10325000,"*",0.436644091530149,0.77609274352314,-11.1111111111111
"chr21",10325001,10330000,"*",0.723151171293208,0.91106679824216,1.32226115078831
"chr21",10330001,10335000,"*",0.00786644618686346,0.139875502628346,-7.70167427701673
"chr21",10335001,10340000,"*",0.661069386748472,0.887324855197383,1.47360430428297
"chr21",10340001,10345000,"*",0.896961510897862,0.977266498740903,-0.440753865411403
"chr21",10345001,10350000,"*",0.495078489244483,0.812988035362933,2.97915607524148
"chr21",10350001,10355000,"*",0.701917706190497,0.902580695006901,-1.40916851412991
"chr21",10355001,10360000,"*",0.35424752767707,0.716032236794077,4.45774121166791
"chr21",10360001,10365000,"*",0.714909873563345,0.908337370193564,1.60142348754448
"chr21",10365001,10370000,"*",0.256220216650294,0.641326175798401,7.26583379949034
"chr21",10370001,10375000,"*",0.498509313651145,0.813391173918986,2.5539818899466
"chr21",10375001,10380000,"*",0.00398875538499,0.0989152395051188,11.720885729907
"chr21",10380001,10385000,"*",0.322888414304932,0.693324643484115,2.47724287849282
"chr21",10385001,10390000,"*",0.302977622720811,0.681163221307919,4.23513378934403
"chr21",10390001,10395000,"*",0.891311009854005,0.974780269791788,1.26768867924528
"chr21",10395001,10400000,"*",0.530709835051835,0.828718378590493,3.03030303030303
"chr21",10400001,10405000,"*",0.54443200317874,0.834965672916922,1.95922068987084
"chr21",10405001,10410000,"*",0.0314254588443196,0.265120672935893,-9.35344500871674
"chr21",10410001,10415000,"*",0.842812193694283,0.956224600353471,-0.704539887907563
"chr21",10415001,10420000,"*",0.0734593367943922,0.395420472943781,-4.38638542665388
"chr21",10420001,10425000,"*",0.249952220863193,0.635272636539498,-2.70198631612081
"chr21",10430001,10435000,"*",0.929254872042582,0.988314077241041,0.393141092019589
"chr21",10435001,10440000,"*",0.760708669707437,0.927057655358539,-1.40751631643119
"chr21",10440001,10445000,"*",0.467573051612802,0.795507878227977,-3.28236732369837
"chr21",10445001,10450000,"*",0.791802165706606,0.937597428162303,0.930587337909994
"chr21",10455001,10460000,"*",0.264768098025969,0.64397446128717,4.86608173631955
"chr21",10460001,10465000,"*",0.12082095459497,0.478261189596648,4.1187165348038
"chr21",10465001,10470000,"*",0.593559385081759,0.859115189854801,2.22034715525554
"chr21",10470001,10475000,"*",0.939689517706191,0.989912530272558,0.437220796502236
"chr21",10475001,10480000,"*",0.641868912689983,0.879865478365485,2.74352498390531
"chr21",10480001,10485000,"*",0.28212436604771,0.661477783227058,6.68615984405458
"chr21",10485001,10490000,"*",0.503925800020075,0.815164316511133,-4.22439245968658
"chr21",10490001,10495000,"*",0.438141215864791,0.77609274352314,6.82261208576997
"chr21",10500001,10505000,"*",0.272851427695522,0.654210619611024,-11.1111111111111
"chr21",10510001,10515000,"*",0.92134676433491,0.986906559999149,0.490196078431371
"chr21",10515001,10520000,"*",0.581500781966962,0.853552999560191,2.23298043419995
"chr21",10520001,10525000,"*",0.811846636786914,0.947738601230821,-0.906701154111089
"chr21",10525001,10530000,"*",0.578946411935687,0.8513089498279,-3.2512315270936
"chr21",10530001,10535000,"*",0.228760720583326,0.619048604431663,-7.45098039215687
"chr21",10535001,10540000,"*",0.000359635884653519,0.0284071940349915,-13.0596722339842
"chr21",10540001,10545000,"*",0.629775971236298,0.874619730895135,1.55032467532468
"chr21",10545001,10550000,"*",0.53749709418723,0.831383196705431,-3.28356594179379
"chr21",10550001,10555000,"*",0.274300845512694,0.654957343044636,-6.27651037487104
"chr21",10555001,10560000,"*",0.733670940498942,0.91562341766511,-1.4402383842843
"chr21",10560001,10565000,"*",0.546349049957916,0.83506653414964,-2.96228631084432
"chr21",10565001,10570000,"*",0.459122826419861,0.790118352443481,-3.45317270597146
"chr21",10570001,10575000,"*",0.868464053383031,0.96703370946578,-0.687154037029969
"chr21",10575001,10580000,"*",0.0937991456771189,0.432682410833429,-6.03336543835242
"chr21",10580001,10585000,"*",0.177502319243534,0.559912490598301,-5.6775791347419
"chr21",10585001,10590000,"*",0.476525875773181,0.800855105590595,-2.81813353328959
"chr21",10590001,10595000,"*",0.269552823899546,0.649528731996803,-4.90734385724091
"chr21",10595001,10600000,"*",0.303923537533111,0.681563366388436,-3.93094447081158
"chr21",10600001,10605000,"*",0.509694342754047,0.819166093644828,-2.60305614783227
"chr21",10605001,10610000,"*",0.0162301362581187,0.198601036339191,9.31558481834013
"chr21",10610001,10615000,"*",0.141853079168756,0.507753129611179,-6.91624964592579
"chr21",10615001,10620000,"*",0.097883489410166,0.440875686669567,8.46459389124777
"chr21",10620001,10625000,"*",0.101547545156207,0.446692276044061,-8.54990583804143
"chr21",10625001,10630000,"*",0.62578674277219,0.873444481193396,-2.04123447304393
"chr21",10630001,10635000,"*",0.0392060411295799,0.298611559199292,-11.4797217037163
"chr21",10635001,10640000,"*",0.850370706793433,0.959259638760884,0.867030137816138
"chr21",10640001,10645000,"*",0.534666328690684,0.83104310522117,-2.92914416625757
"chr21",10645001,10650000,"*",0.743755109767613,0.919564198347704,-1.46449561614799
"chr21",10650001,10655000,"*",0.153753856862696,0.527520553316133,-3.50973236009733
"chr21",10655001,10660000,"*",0.0191776125322314,0.213320595097447,-5.66558856072856
"chr21",10660001,10665000,"*",0.720163621156068,0.910566592936539,0.927835051546388
"chr21",10665001,10670000,"*",0.67405463360195,0.893792494407439,-1.1005822243346
"chr21",10670001,10675000,"*",0.398507796269237,0.750429243318437,2.12252293636513
"chr21",10675001,10680000,"*",0.761856954183569,0.927881717605066,-0.790005754134804
"chr21",10680001,10685000,"*",0.152454702694059,0.524599393019694,-3.09796586392331
"chr21",10685001,10690000,"*",0.0332501139259397,0.27433095491901,5.14290031923534
"chr21",10690001,10695000,"*",0.416304963814619,0.760994001526401,-2.1476917736897
"chr21",10695001,10700000,"*",0.155700341984948,0.527956647788183,3.58534800722744
"chr21",10700001,10705000,"*",0.438793101789188,0.77609274352314,2.53320683111955
"chr21",10705001,10710000,"*",0.187686971311717,0.572176673166248,3.82107023411371
"chr21",10710001,10715000,"*",0.278128478589489,0.657441779044399,3.79291251384275
"chr21",10715001,10720000,"*",0.915225402944594,0.983502787643196,0.333517864759636
"chr21",10720001,10725000,"*",0.670499294735762,0.892131363325227,1.49904968976253
"chr21",10725001,10730000,"*",0.164064420798694,0.539968575943269,-3.34781977612896
"chr21",10730001,10735000,"*",0.863800478240017,0.964963826796014,-0.53451037359854
"chr21",10735001,10740000,"*",0.78871137391194,0.936594756520428,-0.788002033553636
"chr21",10740001,10745000,"*",0.774638680377862,0.932376160683282,-1.96428571428572
"chr21",10745001,10750000,"*",0.800014353364617,0.941587293513018,1.25439839144541
"chr21",10750001,10755000,"*",0.884290803628942,0.97270604749045,-0.484611169459792
"chr21",10755001,10760000,"*",0.948540582373547,0.992888667969928,0.230263157894739
"chr21",10760001,10765000,"*",0.565735514970022,0.844820651121783,2.17159889291036
"chr21",10765001,10770000,"*",0.907324623967295,0.981155530916794,0.42387666222975
"chr21",10770001,10775000,"*",0.424484434336037,0.769104529222253,-4.21680216802168
"chr21",10775001,10780000,"*",0.524715085053734,0.824301016296704,-2.18681661980631
"chr21",10780001,10785000,"*",0.386171255286103,0.741660502568503,-3.5706678027479
"chr21",10785001,10790000,"*",0.0586226084149242,0.351802621522646,7.60757278687834
"chr21",10790001,10795000,"*",0.0925203928983976,0.430024118503174,-11.2179487179487
"chr21",10795001,10800000,"*",0.454367461949167,0.786121950204739,-3.66795809357878
"chr21",10800001,10805000,"*",0.110093376074707,0.460331351633789,-8.36144849302744
"chr21",10805001,10810000,"*",0.972625249969055,0.998183285734665,0.156223175965664
"chr21",10810001,10815000,"*",0.150014645711837,0.521564272677654,-6.05842911877394
"chr21",11190001,11195000,"*",0.340631450491269,0.707844840955844,33.3333333333333
"chr21",11195001,11200000,"*",0.662288751376766,0.887324855197383,-10.7142857142857
"chr21",11225001,11230000,"*",0.485393995131536,0.808223539975058,-20
"chr21",11245001,11250000,"*",0.224525714218993,0.615154173101253,-20
"chr21",11255001,11260000,"*",0.126824501350784,0.487454513118457,36.3636363636364
"chr21",11295001,11300000,"*",0.103122728562235,0.449398527139222,42.8571428571429
"chr21",11460001,11465000,"*",0.205315844960759,0.59561083205737,35.7142857142857
"chr21",11475001,11480000,"*",0.124701053716201,0.484490827748406,-40
"chr21",11505001,11510000,"*",0.858014070573969,0.962514706578027,-5
"chr21",11525001,11530000,"*",0.857639243814884,0.962514706578027,-4.16666666666666
"chr21",11565001,11570000,"*",0.497157689625102,0.813391173918986,-17.948717948718
"chr21",11570001,11575000,"*",0.657600867613373,0.885622146030948,-16.6666666666667
"chr21",11605001,11610000,"*",0.264903792666416,0.64397446128717,25
"chr21",11615001,11620000,"*",0.472307906666726,0.799056873057692,-11.25
"chr21",11665001,11670000,"*",0.103122728562235,0.449398527139222,42.8571428571429
"chr21",11705001,11710000,"*",0.327094761814239,0.695136369030856,-14.2857142857143
"chr21",11710001,11715000,"*",0.0879755838095087,0.421299968788042,-37.5
"chr21",11730001,11735000,"*",0.826225851712568,0.95139287437992,-4.16666666666666
"chr21",11750001,11755000,"*",0.608666003438185,0.866985587262336,-7.14285714285715
"chr21",11760001,11765000,"*",0.282640369622819,0.662320599482806,-20
"chr21",11780001,11785000,"*",0.0177848261387134,0.206998887011847,50
"chr21",11785001,11790000,"*",0.0697095277593592,0.384718329316497,-47.5
"chr21",11805001,11810000,"*",0.340631450491269,0.707844840955844,30
"chr21",11825001,11830000,"*",0.439621746071587,0.77609274352314,8.33333333333334
"chr21",11875001,11880000,"*",0.845610210917116,0.957041595300014,-5.55555555555556
"chr21",11885001,11890000,"*",0.165576543404933,0.542153283715267,33.3333333333333
"chr21",11910001,11915000,"*",0.660722554292644,0.887324855197383,-12.5
"chr21",11965001,11970000,"*",0.0631682168053401,0.363398170328593,-50
"chr21",11980001,11985000,"*",0.116786758662225,0.468881161276665,-33.3333333333333
"chr21",12000001,12005000,"*",0.842067962196248,0.956224600353471,-3.50877192982456
"chr21",12005001,12010000,"*",0.181932750553567,0.566913950720184,-33.8461538461538
"chr21",12010001,12015000,"*",0.274374022086267,0.654957343044636,31.4285714285714
"chr21",12015001,12020000,"*",0.0873398902507769,0.42083579743863,38.961038961039
"chr21",12030001,12035000,"*",0.250667761818149,0.635559358820352,-12.5
"chr21",12040001,12045000,"*",0.415267719447491,0.760958680672207,-18.0952380952381
"chr21",12045001,12050000,"*",0.461955191817013,0.792423892311715,26.6666666666667
"chr21",12070001,12075000,"*",0.613793332636317,0.86855215950751,12.5
"chr21",12080001,12085000,"*",0.913079013711971,0.983502787643196,2.77777777777778
"chr21",12085001,12090000,"*",0.0924839856718701,0.430024118503174,50
"chr21",12140001,12145000,"*",0.165576543342249,0.542153283715267,37.5
"chr21",12145001,12150000,"*",0.0815503928619521,0.411397136187445,44.2857142857143
"chr21",12155001,12160000,"*",0.140279015537115,0.505636456824062,-23.0769230769231
"chr21",12165001,12170000,"*",0.905693703071555,0.980135408136217,2.38095238095237
"chr21",12170001,12175000,"*",0.325607120413099,0.694866062743354,20
"chr21",12185001,12190000,"*",0.0506719023628662,0.337545558423733,-66.6666666666667
"chr21",12205001,12210000,"*",0.809672419957992,0.946746065901463,8.33333333333334
"chr21",12220001,12225000,"*",0.870729971384845,0.967947913537752,-3.33333333333333
"chr21",12250001,12255000,"*",0.165576543404933,0.542153283715267,-33.3333333333333
"chr21",12265001,12270000,"*",0.620795622441711,0.871792494160053,-7.5
"chr21",12350001,12355000,"*",0.398912387237696,0.750429243318437,25
"chr21",12500001,12505000,"*",0.207662276933544,0.597815645717779,-33.3333333333333
"chr21",12590001,12595000,"*",0.617947191416781,0.871444344065783,16.6666666666667
"chr21",12720001,12725000,"*",0.0472287145382647,0.328906874045812,-40
"chr21",12770001,12775000,"*",0.0136231722760514,0.183469159196631,-80
"chr21",12800001,12805000,"*",0.0158263688995003,0.195637537938273,-66.6666666666667
"chr21",12815001,12820000,"*",0.662288751376763,0.887324855197383,10.7142857142857
"chr21",12885001,12890000,"*",0.216166268792491,0.608644466019331,-25
"chr21",12965001,12970000,"*",0.754008135863316,0.924404612519601,1.13723346090761
"chr21",12970001,12975000,"*",0.0764745138701966,0.402586837189295,-5.816702402551
"chr21",12975001,12980000,"*",0.588291455364423,0.85680514820526,-1.9124847001224
"chr21",12980001,12985000,"*",0.845817842332715,0.957041595300014,0.684833785133399
"chr21",12985001,12990000,"*",0.195751626617519,0.583602177744342,-4.53615913738613
"chr21",12995001,13000000,"*",0.143597374881507,0.511133947046579,5.93284671532847
"chr21",13000001,13005000,"*",0.2868530850221,0.665537025645335,-4.06186344775556
"chr21",13005001,13010000,"*",0.350213049727276,0.713222856198645,7.3469387755102
"chr21",13010001,13015000,"*",0.935432742572753,0.989266186235458,0.324074074074066
"chr21",13015001,13020000,"*",0.451724744152917,0.784880116508899,-4.5200082935932
"chr21",13020001,13025000,"*",0.0606999309349618,0.356399826576831,11.0089399744572
"chr21",13025001,13030000,"*",0.00798970889160872,0.140419133770023,-14.3429969124664
"chr21",13030001,13035000,"*",0.442081578923091,0.778424575847867,5.03919372900337
"chr21",13035001,13040000,"*",0.626880461045521,0.873444481193396,-2.37226277372263
"chr21",13040001,13045000,"*",0.00336845590333703,0.0886900561814955,-48.3660130718954
"chr21",13045001,13050000,"*",0.0125570450831002,0.176905865599587,-72.7272727272727
"chr21",13050001,13055000,"*",0.582515087608477,0.854209650790069,-5.68627450980391
"chr21",13055001,13060000,"*",0.493519363761004,0.812135593345222,11.3636363636364
"chr21",13060001,13065000,"*",0.138186005818991,0.501636215303717,19.7916666666667
"chr21",13065001,13070000,"*",0.410369531182196,0.759205475935649,-6.78863745787194
"chr21",13070001,13075000,"*",0.889540313053179,0.974332691088251,1.14942528735632
"chr21",13075001,13080000,"*",0.179809218807412,0.562505477352169,12.0567375886525
"chr21",13080001,13085000,"*",0.0219296106779227,0.221820378511937,-19.3406593406593
"chr21",13085001,13090000,"*",0.861601830530057,0.964193070459456,2.01388888888889
"chr21",13095001,13100000,"*",0.611629575401187,0.868076486710367,-5.81395348837209
"chr21",13100001,13105000,"*",0.779034966200409,0.933594336206195,2.12979706650592
"chr21",13105001,13110000,"*",0.607211429047779,0.866308632740596,-5.4006968641115
"chr21",13110001,13115000,"*",0.0543372067160745,0.344756826005419,22.9885057471264
"chr21",13115001,13120000,"*",0.106772867105591,0.45455667787782,17.7777777777778
"chr21",13120001,13125000,"*",0.162014656824262,0.536908062434045,11.7482517482517
"chr21",13125001,13130000,"*",0.0542433247184674,0.344756826005419,-16.6233766233766
"chr21",13130001,13135000,"*",0.078261450291737,0.404245404519405,-13.8242894056848
"chr21",13135001,13140000,"*",0.498286668040387,0.813391173918986,14.4927536231884
"chr21",13145001,13150000,"*",0.164915015894289,0.541337839170397,-15.7142857142857
"chr21",13150001,13155000,"*",0.666263665811546,0.889110396859372,-4.41176470588235
"chr21",13155001,13160000,"*",0.812722183529903,0.948445708867068,-3.57142857142857
"chr21",13160001,13165000,"*",0.839226699257803,0.956224600353471,-2.63157894736842
"chr21",13165001,13170000,"*",0.57410491488598,0.84882795953867,5.84033613445378
"chr21",13170001,13175000,"*",0.264008144787558,0.64397446128717,23.2804232804233
"chr21",13175001,13180000,"*",0.314738513178716,0.689294204956338,-25
"chr21",13180001,13185000,"*",0.207662276933544,0.597815645717779,-33.3333333333333
"chr21",13185001,13190000,"*",0.86738636733876,0.96671361077167,2.35934664246824
"chr21",13190001,13195000,"*",0.476454518434566,0.800855105590595,9.27272727272727
"chr21",13195001,13200000,"*",0.172074343467418,0.5542817092774,-10.1428571428571
"chr21",13200001,13205000,"*",0.243666198056611,0.62944339640872,-14.6520146520146
"chr21",13205001,13210000,"*",0.689942712662121,0.899201468470827,-2.16557017543859
"chr21",13210001,13215000,"*",0.297890660368309,0.677160868768959,17.8571428571429
"chr21",13215001,13220000,"*",0.636269872809685,0.876961337082887,4.65838509316771
"chr21",13220001,13225000,"*",0.563690304321611,0.843136774336368,5.39405684754523
"chr21",13225001,13230000,"*",0.266088139345701,0.64547950986897,-8.68298368298368
"chr21",13230001,13235000,"*",0.00903559202435018,0.151676804627281,22.2794446932378
"chr21",13240001,13245000,"*",0.0964343750752456,0.438508186791059,12.037037037037
"chr21",13245001,13250000,"*",0.704094984893096,0.904054914916196,-2.75099262620533
"chr21",13250001,13255000,"*",0.0990339250629918,0.442370165851279,-12.7571305099395
"chr21",13255001,13260000,"*",0.842049188563724,0.956224600353471,1.31362889983579
"chr21",13260001,13265000,"*",0.397197653406431,0.750221917598643,6.39981908638625
"chr21",13265001,13270000,"*",0.0157635158556422,0.195445355317751,-24.9330954504906
"chr21",13270001,13275000,"*",0.350035415338948,0.713222856198645,9.84126984126984
"chr21",13275001,13280000,"*",0.52112054079319,0.82263685791709,4.51030927835051
"chr21",13280001,13285000,"*",0.0477238704356603,0.329964799093914,-16.1114049004054
"chr21",13285001,13290000,"*",0.0764766722987625,0.402586837189295,15.406162464986
"chr21",13290001,13295000,"*",0.0547279801492522,0.345987140691765,-18.1159420289855
"chr21",13295001,13300000,"*",0.0625986218715385,0.363092666466102,14.2434988179669
"chr21",13300001,13305000,"*",0.622799011868395,0.872688270567035,4.43655723158829
"chr21",13305001,13310000,"*",0.100094237781017,0.445074314737854,-16.3153786104606
"chr21",13310001,13315000,"*",0.629718672636626,0.874619730895135,-2.59060217720821
"chr21",13315001,13320000,"*",0.0256212802115812,0.239217027624761,-21.5988779803647
"chr21",13320001,13325000,"*",0.925060588313235,0.987264970792815,1.1904761904762
"chr21",13325001,13330000,"*",0.653544924987967,0.884222637156546,4.04547858276044
"chr21",13330001,13335000,"*",0.292702521248652,0.670996671763444,-19.6078431372549
"chr21",13335001,13340000,"*",0.929305511261013,0.988314077241041,-1.19047619047619
"chr21",13340001,13345000,"*",0.787654031363633,0.936231974238983,2.38356164383562
"chr21",13345001,13350000,"*",0.303083720661618,0.681163221307919,-7.70346494762288
"chr21",13350001,13355000,"*",0.585575582956505,0.856019492197991,7.14285714285715
"chr21",13355001,13360000,"*",0.403597149643536,0.754597862232463,-10.4166666666667
"chr21",13360001,13365000,"*",0.235093113977679,0.625806603526289,7.45798319327732
"chr21",13365001,13370000,"*",0.811069557381838,0.947618246367678,1.86074429771909
"chr21",13370001,13375000,"*",0.344683440952387,0.710247815711245,6.49087221095335
"chr21",13375001,13380000,"*",0.567806200438058,0.845873614977653,-5.2185548617306
"chr21",13380001,13385000,"*",0.0108350381999488,0.164514726880432,-22.4025974025974
"chr21",13385001,13390000,"*",0.922558341281607,0.987201425524325,-1.5
"chr21",13390001,13395000,"*",0.0462444560796926,0.325098526240239,16.7919799498747
"chr21",13395001,13400000,"*",0.555410861672839,0.839324668435094,-4.3956043956044
"chr21",13400001,13405000,"*",0.136874851690486,0.499801851562113,-12.2995877233165
"chr21",13405001,13410000,"*",0.0943256736946418,0.433140047749746,12.859097127223
"chr21",13410001,13415000,"*",0.817386949246803,0.949594159121394,-1.61256762380357
"chr21",13415001,13420000,"*",0.158925112175443,0.532527902094074,-9.99408633944412
"chr21",13420001,13425000,"*",0.279438803217623,0.658329352084414,5.68437410542674
"chr21",13425001,13430000,"*",0.0214511336767182,0.220644846860996,14.5238095238095
"chr21",13430001,13435000,"*",0.66368124801813,0.887855218566595,-2.92192613370733
"chr21",13435001,13440000,"*",0.974729283265008,0.9988408871652,0.312221231043708
"chr21",13440001,13445000,"*",0.708580707793094,0.9054953376099,3.10245310245311
"chr21",13445001,13450000,"*",0.733859107596041,0.915671331696003,-2.20095693779905
"chr21",13450001,13455000,"*",0.810840687160548,0.947618246367678,-1.44656228727025
"chr21",13455001,13460000,"*",0.858368720440474,0.962720501706531,1.13745903219588
"chr21",13460001,13465000,"*",0.918866579222622,0.985300801088321,-0.836120401337792
"chr21",13465001,13470000,"*",0.0768893911218481,0.402586837189295,14.1386410432395
"chr21",13475001,13480000,"*",0.723916356201472,0.911474826346515,-2.45636716224952
"chr21",13480001,13485000,"*",0.913864269652715,0.983502787643196,-0.778331257783305
"chr21",13485001,13490000,"*",0.545517648347477,0.83506653414964,3.51947919845388
"chr21",13490001,13495000,"*",0.583742374341659,0.854877165133386,-3.53876004804582
"chr21",13495001,13500000,"*",0.784997383105815,0.935433063904831,1.83901115465782
"chr21",13500001,13505000,"*",0.151722652756531,0.524126066560091,9.84131827891365
"chr21",13505001,13510000,"*",0.0835659344445316,0.414878897701311,20.3921568627451
"chr21",13510001,13515000,"*",0.516026376687944,0.821139902545839,6.92599620493359
"chr21",13515001,13520000,"*",0.150343739198002,0.522191940000966,-7.8498609823911
"chr21",13520001,13525000,"*",0.773342285489947,0.932147405845657,3.46729708431837
"chr21",13525001,13530000,"*",0.95802314659823,0.994618979526121,0.338066260987158
"chr21",13530001,13535000,"*",0.617141933071829,0.871186303111437,-4.34782608695652
"chr21",13535001,13540000,"*",0.00274465340920193,0.0797848683834053,21.0372069317023
"chr21",13540001,13545000,"*",0.690439981834163,0.899201468470827,-3.70370370370371
"chr21",13545001,13550000,"*",0.736705212464789,0.916806097296419,-3.15964523281597
"chr21",13550001,13555000,"*",0.228858751524327,0.619048604431663,7.28571428571428
"chr21",13555001,13560000,"*",0.476083026944428,0.800855105590595,5.32852564102564
"chr21",13560001,13565000,"*",0.00150311860664976,0.0617948760511569,-29.7474922172259
"chr21",13565001,13570000,"*",0.00691371741101958,0.129264450530499,29.5934959349593
"chr21",13570001,13575000,"*",0.0175311566854761,0.205064944257732,-13.0434782608696
"chr21",13575001,13580000,"*",0.720438857816607,0.91075079490213,-2.66666666666666
"chr21",13585001,13590000,"*",0.484306963680551,0.806795723856464,14.2857142857143
"chr21",13595001,13600000,"*",0.232120033302948,0.622350813928195,12.3552123552124
"chr21",13600001,13605000,"*",0.911722489385591,0.983502787643196,-1.62337662337662
"chr21",13605001,13610000,"*",0.848234355827296,0.958328888035512,-1.1204481792717
"chr21",13610001,13615000,"*",0.0214681472621509,0.220644846860996,60.7142857142857
"chr21",13645001,13650000,"*",0.20275511105159,0.592422456646998,20
"chr21",13650001,13655000,"*",0.497815865539926,0.813391173918986,13.3333333333333
"chr21",13660001,13665000,"*",0.853357944305758,0.96089875469963,2.88461538461539
"chr21",13665001,13670000,"*",0.310331800042204,0.687823585209734,-7.98226164079823
"chr21",13675001,13680000,"*",0.332309289561443,0.699650885180277,14.5299145299145
"chr21",13685001,13690000,"*",0.80967241995799,0.946746065901463,8.33333333333333
"chr21",13690001,13695000,"*",0.409725824063315,0.759205475935649,-33.3333333333333
"chr21",13760001,13765000,"*",0.0460832835939051,0.324289773438591,-25
"chr21",13780001,13785000,"*",0.0530464809323434,0.342439633566918,-55
"chr21",13795001,13800000,"*",0.34824246551362,0.713063741720566,-24.4444444444444
"chr21",13800001,13805000,"*",0.348492180855943,0.713063741720566,7.10132890365449
"chr21",13805001,13810000,"*",0.48617011823772,0.808558299316578,4.22932330827067
"chr21",13810001,13815000,"*",0.955519390528149,0.994487752857917,0.438596491228072
"chr21",13815001,13820000,"*",0.0403805218877526,0.302961653010566,14.5257084676735
"chr21",13820001,13825000,"*",0.204237994226161,0.59403934605292,9.09090909090909
"chr21",13825001,13830000,"*",0.000393931545276178,0.0291509343504372,18.6011904761905
"chr21",13830001,13835000,"*",0.784097181397267,0.935064153557724,3.49761526232114
"chr21",13835001,13840000,"*",0.786210481471512,0.935679648678641,-2.57648953301127
"chr21",13840001,13845000,"*",0.462378777562255,0.792423892311715,-5.32786885245902
"chr21",13845001,13850000,"*",0.912355623286437,0.983502787643196,1.11498257839722
"chr21",13850001,13855000,"*",0.00506425672994019,0.11135046018589,16.7263369881405
"chr21",13855001,13860000,"*",0.848972793349749,0.958581153356581,1.04805044853007
"chr21",13860001,13865000,"*",0.00670692653297715,0.126872687546291,-28.7068004459309
"chr21",13865001,13870000,"*",0.416701215602741,0.761281066966546,8.64468864468865
"chr21",13870001,13875000,"*",0.068230836702348,0.3796852901411,-14.4494720965309
"chr21",13875001,13880000,"*",0.87610761184194,0.969507325103692,0.777688388307862
"chr21",13880001,13885000,"*",0.12923323307591,0.490423938318804,19.0860215053763
"chr21",13885001,13890000,"*",0.48305664770152,0.805973908501706,-5.64102564102564
"chr21",13890001,13895000,"*",0.143313412948858,0.510381607411586,-10.7320099255583
"chr21",13895001,13900000,"*",0.265180654585551,0.644389907271491,7.6923076923077
"chr21",13900001,13905000,"*",0.398265447299698,0.750429243318437,9.37921727395412
"chr21",13905001,13910000,"*",0.119863870995981,0.476338616790135,-10.4166666666667
"chr21",13910001,13915000,"*",0.411004070993235,0.759205475935649,6.01213458356316
"chr21",13915001,13920000,"*",0.930910113553579,0.988713934314717,0.726099233561917
"chr21",13920001,13925000,"*",6.72104636199112e-05,0.0105726001758958,-32.9559748427673
"chr21",13925001,13930000,"*",0.936942378282019,0.989266186235458,0.479016973862334
"chr21",13930001,13935000,"*",0.211509110079247,0.601865544078695,11.5942028985507
"chr21",13935001,13940000,"*",0.505314987892576,0.815323471398855,-2.4812030075188
"chr21",13940001,13945000,"*",0.927901816885648,0.987906977541437,-0.687960687960687
"chr21",13945001,13950000,"*",0.034630713399882,0.277598535007036,-17.0177383592018
"chr21",13950001,13955000,"*",0.112745293296203,0.461588719649785,12.5
"chr21",13955001,13960000,"*",0.247286735795007,0.63149069486856,-8.51393188854489
"chr21",13960001,13965000,"*",0.740480558889902,0.918415372088217,2.99145299145299
"chr21",13965001,13970000,"*",0.9737323594959,0.99861557333408,-0.275157232704404
"chr21",13970001,13975000,"*",0.258114149851229,0.641326175798401,11.9444444444444
"chr21",13975001,13980000,"*",0.831229447080913,0.953580778880355,-1.58132530120482
"chr21",13980001,13985000,"*",0.0553085685294301,0.347470274139315,-17.3245614035088
"chr21",13985001,13990000,"*",0.47920189950324,0.804007005610448,-4.11700975081257
"chr21",13990001,13995000,"*",0.954392581853887,0.99426621518398,0.41227668346312
"chr21",13995001,14000000,"*",0.0578055128723096,0.350209918507837,-16.015132408575
"chr21",14000001,14005000,"*",0.118803346758772,0.474538368019413,6.79210814760687
"chr21",14005001,14010000,"*",0.583943121901923,0.854877165133386,2.09366678849267
"chr21",14010001,14015000,"*",0.815516019487259,0.94956950144767,0.825396825396829
"chr21",14015001,14020000,"*",0.258068579342518,0.641326175798401,-4.82724822347463
"chr21",14020001,14025000,"*",0.900111116369789,0.97848415276038,0.751879699248126
"chr21",14025001,14030000,"*",0.0970830482258563,0.439185218164588,-9.55066237021124
"chr21",14030001,14035000,"*",0.557765592897824,0.840281825002087,3.0072463768116
"chr21",14035001,14040000,"*",0.589083539621511,0.857163370899742,2.05254515599343
"chr21",14040001,14045000,"*",0.924704122278563,0.987264970792815,-0.330410471470333
"chr21",14045001,14050000,"*",0.936304756242935,0.989266186235458,-0.369218810726779
"chr21",14050001,14055000,"*",0.692013389594947,0.899399912895633,-1.27313101406366
"chr21",14055001,14060000,"*",0.261516988149155,0.64397446128717,-5.65217391304348
"chr21",14060001,14065000,"*",0.584370819196201,0.855325184041077,1.08544895374781
"chr21",14065001,14070000,"*",0.79584261450977,0.939639636514375,-1.20320855614973
"chr21",14070001,14075000,"*",0.60388990226433,0.864367411159154,0.815290029403903
"chr21",14075001,14080000,"*",0.205051688827654,0.595174802831712,2.05718395971948
"chr21",14080001,14085000,"*",0.794351469957877,0.938914438760601,-0.556668713440844
"chr21",14085001,14090000,"*",0.42737815262305,0.770443006454811,-2.6735459662289
"chr21",14090001,14095000,"*",0.968666722458988,0.997143855920606,-0.284153005464483
"chr21",14095001,14100000,"*",0.0242720057881424,0.231554884234176,-10.9338061465721
"chr21",14100001,14105000,"*",0.162807748688223,0.537594397970038,4.96495327102804
"chr21",14105001,14110000,"*",0.503384992939015,0.815164316511133,-2.44360902255639
"chr21",14110001,14115000,"*",0.57859889958202,0.851135329764939,2.09176788124156
"chr21",14115001,14120000,"*",0.026641004263115,0.2424459024707,-6.15736129826
"chr21",14120001,14125000,"*",0.377258995791852,0.734432650809567,3.6171497584541
"chr21",14130001,14135000,"*",0.403075289718065,0.754539240937987,-5.050758240381
"chr21",14135001,14140000,"*",0.820424377375469,0.950898369614441,-1.79995443153338
"chr21",14140001,14145000,"*",0.551392732266706,0.838298206711709,-3.72340425531915
"chr21",14145001,14150000,"*",0.242915326745287,0.62944339640872,8.54460093896713
"chr21",14150001,14155000,"*",0.659981809689524,0.887055357140765,3.12124849939976
"chr21",14155001,14160000,"*",0.833542599697548,0.954855252524672,1.45067698259188
"chr21",14165001,14170000,"*",0.920633782722445,0.986443452604601,0.523914145681936
"chr21",14170001,14175000,"*",0.0545793526230415,0.345669233279263,-7.73655450100662
"chr21",14175001,14180000,"*",0.303844660059698,0.681563366388436,4.28118393234672
"chr21",14180001,14185000,"*",0.201656102805264,0.59152066410478,-6.95146612740142
"chr21",14185001,14190000,"*",0.319350665073704,0.690279077655977,-5.55285737412984
"chr21",14190001,14195000,"*",0.132774103076449,0.495481629161935,-8.24964131994261
"chr21",14195001,14200000,"*",0.690639236750835,0.899201468470827,-3.76811594202898
"chr21",14200001,14205000,"*",0.00138113655838223,0.0592035975940676,-18.4605757196496
"chr21",14205001,14210000,"*",0.508730130605892,0.818737272249543,-4.15995705850778
"chr21",14210001,14215000,"*",0.507537145568321,0.817782748875842,-3.67610531544957
"chr21",14215001,14220000,"*",0.209436002026937,0.599729162627034,-5.77212261422788
"chr21",14220001,14225000,"*",0.15766399161382,0.530301910539698,-6.79012345679012
"chr21",14225001,14230000,"*",0.0937215091297772,0.432682410833429,-7.47474747474748
"chr21",14235001,14240000,"*",0.0650383764683882,0.367835709229903,-12.6872852233677
"chr21",14240001,14245000,"*",0.497596535084363,0.813391173918986,-3.69623655913979
"chr21",14245001,14250000,"*",0.285660555665529,0.664990098743899,-6.93581780538303
"chr21",14250001,14255000,"*",0.39086546784732,0.746482337203663,6.35111876075732
"chr21",14255001,14260000,"*",0.749787132837358,0.922471743760347,-1.07310529845741
"chr21",14260001,14265000,"*",0.372100121670024,0.729059045524044,4.62691100536601
"chr21",14265001,14270000,"*",0.626687643752938,0.873444481193396,1.71385991058123
"chr21",14270001,14275000,"*",0.0332343754837507,0.27433095491901,-7.63052208835341
"chr21",14275001,14280000,"*",0.00760465959245165,0.137242952815191,-11.6174055829228
"chr21",14280001,14285000,"*",0.69542634376392,0.899821822959066,-2.02413198719528
"chr21",14285001,14290000,"*",0.781798693230478,0.934941875239743,0.707070707070712
"chr21",14290001,14295000,"*",0.00249909218771748,0.0770553424546222,-12.6857457347276
"chr21",14295001,14300000,"*",0.871684987864649,0.967947913537752,-0.726392251815988
"chr21",14300001,14305000,"*",0.125824316602369,0.486285372492061,-6.57127715951245
"chr21",14305001,14310000,"*",0.782818026902697,0.935064153557724,1.53243050605845
"chr21",14310001,14315000,"*",0.520153463941221,0.822454668297301,2.86195286195287
"chr21",14315001,14320000,"*",0.193883214452867,0.579752870099385,-6.81376875551632
"chr21",14320001,14325000,"*",0.235186275952887,0.625806603526289,-4.19776119402985
"chr21",14330001,14335000,"*",0.521674880186111,0.822783238966278,2.4738914569423
"chr21",14335001,14340000,"*",0.469610053505104,0.797044586224259,3.77867746288799
"chr21",14340001,14345000,"*",0.0246054378801101,0.233121601478671,-10.7112705783031
"chr21",14345001,14350000,"*",0.905637574087028,0.980135408136217,-0.329175329175324
"chr21",14350001,14355000,"*",0.114831026937388,0.465012741572488,-7.31481481481482
"chr21",14355001,14360000,"*",0.125296648806002,0.485844148431438,-9.850640113798
"chr21",14360001,14365000,"*",0.454390148773653,0.786121950204739,-2.62736729794611
"chr21",14365001,14370000,"*",0.815761322234411,0.94956950144767,0.786042944785281
"chr21",14375001,14380000,"*",0.891114128141956,0.974780269791788,0.205399061032863
"chr21",14380001,14385000,"*",0.787449151109224,0.936202863571426,-1.37201979307243
"chr21",14385001,14390000,"*",0.137530467907369,0.50061082049573,-5.20575495049505
"chr21",14390001,14395000,"*",0.750653968178738,0.922859134011335,-0.79760717846461
"chr21",14395001,14400000,"*",0.250888314482671,0.635559358820352,-5.49382716049382
"chr21",14400001,14405000,"*",0.763108927253952,0.928582363232302,-1.63265306122449
"chr21",14405001,14410000,"*",0.0650143873671403,0.367835709229903,-13.527397260274
"chr21",14410001,14415000,"*",0.14146821504139,0.506891718522413,-6.85904550499444
"chr21",14415001,14420000,"*",0.53711248928204,0.831383196705431,-2.80222011642074
"chr21",14420001,14425000,"*",0.552241193323473,0.838681267890261,-3.88453314326443
"chr21",14430001,14435000,"*",0.00927037959470479,0.15262475070439,50
"chr21",14475001,14480000,"*",0.606060277010056,0.866152418658405,1.98529411764706
"chr21",14480001,14485000,"*",0.587327938030564,0.856705996272856,2.7732683982684
"chr21",14485001,14490000,"*",0.366581277956409,0.725321245154393,5.23809523809524
"chr21",14490001,14495000,"*",0.639614409140297,0.878769811664989,-2.35955056179775
"chr21",14495001,14500000,"*",0.666008673101722,0.888938859294684,-1.57832042882667
"chr21",14500001,14505000,"*",0.0466224164232999,0.325525346261361,7.38980121002594
"chr21",14505001,14510000,"*",0.00202839265836553,0.0711237353537318,-9.90629183400268
"chr21",14510001,14515000,"*",0.612683971630389,0.868116690840315,2.16974346679453
"chr21",14515001,14520000,"*",0.57563934521298,0.849562619590125,-1.91387559808612
"chr21",14520001,14525000,"*",0.553646609635733,0.839282382070339,3.55828220858895
"chr21",14525001,14530000,"*",0.161103667544515,0.536249423692206,-7.61904761904763
"chr21",14530001,14535000,"*",0.173319728526704,0.555856611105261,-6.70851886999051
"chr21",14535001,14540000,"*",0.318326225077843,0.690086245272885,-2.35235235235236
"chr21",14540001,14545000,"*",0.626054760541206,0.873444481193396,4.54260651629073
"chr21",14545001,14550000,"*",0.000309381511915958,0.0261327503787975,-24.4890576957859
"chr21",14550001,14555000,"*",0.765980202061987,0.930718664161931,-2.7126099706745
"chr21",14555001,14560000,"*",0.353635185063559,0.715150024843025,-3.5578947368421
"chr21",14560001,14565000,"*",0.0066336769577181,0.126872687546291,10.0017828489927
"chr21",14565001,14570000,"*",0.15715929363215,0.529133062372612,8.6176980913823
"chr21",14570001,14575000,"*",0.960752091388872,0.995102322258115,0.215315483991763
"chr21",14575001,14580000,"*",0.667054126863985,0.88965860592939,-1.41025641025642
"chr21",14580001,14585000,"*",0.406927856283868,0.757136826965613,-3.70387285348922
"chr21",14585001,14590000,"*",0.510825135202897,0.819477340790471,-6.14304519526108
"chr21",14590001,14595000,"*",0.0618387166000293,0.360672581175808,-17.2881355932203
"chr21",14595001,14600000,"*",0.00503802464601857,0.11135046018589,-9.69547110879749
"chr21",14600001,14605000,"*",0.385309222335125,0.741303730984107,4.14316280879207
"chr21",14605001,14610000,"*",0.217582646681459,0.610865018438761,4.46002805049088
"chr21",14610001,14615000,"*",0.974954031013725,0.9988408871652,0.0915750915750912
"chr21",14615001,14620000,"*",0.952670399807653,0.99426621518398,-0.202991452991452
"chr21",14620001,14625000,"*",0.354867432998614,0.716661338091876,-3.89724310776942
"chr21",14625001,14630000,"*",0.53157282286299,0.829145095346533,2.68065268065268
"chr21",14630001,14635000,"*",0.743675178743641,0.919564198347704,-1.67120093276331
"chr21",14635001,14640000,"*",0.00141640754282056,0.0598063064115123,-9.331843575419
"chr21",14640001,14645000,"*",0.251243289396065,0.635860608848191,4.89099254159495
"chr21",14645001,14650000,"*",0.684535715387894,0.89731413878381,-1.84453227931489
"chr21",14650001,14655000,"*",0.318887885529457,0.690279077655977,-6.22222222222222
"chr21",14655001,14660000,"*",0.854913756615458,0.961299377640222,0.828460038986356
"chr21",14660001,14665000,"*",0.323684227872219,0.693537880242095,-3.91473948174978
"chr21",14665001,14670000,"*",0.639099322356373,0.878769811664989,-2.22300222300222
"chr21",14670001,14675000,"*",0.84691715035275,0.957972917222356,1.02837554751476
"chr21",14675001,14680000,"*",0.00112766029242321,0.0521542885245735,-23.271144278607
"chr21",14680001,14685000,"*",0.539932506838586,0.832367592928674,2.30769230769231
"chr21",14685001,14690000,"*",0.10044854327564,0.445188517544522,-6.78228301579548
"chr21",14695001,14700000,"*",0.506413386207121,0.816720831621027,2.50029624363076
"chr21",14700001,14705000,"*",0.0141791062466338,0.187015228731399,-11.9534317043455
"chr21",14705001,14710000,"*",0.406633869298195,0.757136826965613,4.54545454545454
"chr21",14710001,14715000,"*",0.00406579202502197,0.0999388739017639,19.2735042735043
"chr21",14715001,14720000,"*",0.881948517186017,0.97134546072657,-0.813008130081294
"chr21",14720001,14725000,"*",0.228881756137071,0.619048604431663,-3.54128993369499
"chr21",14725001,14730000,"*",0.168985784290191,0.549364157378899,-3.19082115489301
"chr21",14730001,14735000,"*",0.0777095270060595,0.402990843781034,6.47147524503644
"chr21",14735001,14740000,"*",0.535035024625423,0.83104310522117,4.64015151515151
"chr21",14740001,14745000,"*",0.283297204624259,0.662915385248432,-5.25832142127833
"chr21",14745001,14750000,"*",0.394346922330413,0.748699119825248,3.00044782803404
"chr21",14750001,14755000,"*",0.000470361904245893,0.0334004463318043,16.0714285714286
"chr21",14755001,14760000,"*",0.944143938339678,0.991562413005022,-0.279156327543417
"chr21",14760001,14765000,"*",0.721988056523076,0.910834948033418,1.71286905566824
"chr21",14765001,14770000,"*",0.0985161795094717,0.441760609844977,-7.03093611892326
"chr21",14770001,14775000,"*",0.22020414748777,0.612878948197541,-6.49463383838383
"chr21",14775001,14780000,"*",0.0569330692725383,0.349185225229262,-7.33652312599681
"chr21",14780001,14785000,"*",0.785177405494883,0.935433063904831,-0.711462450592881
"chr21",14785001,14790000,"*",0.0133421181278726,0.18283643360418,8.42844024662207
"chr21",14790001,14795000,"*",0.863110582287052,0.964959827207057,-0.505050505050508
"chr21",14795001,14800000,"*",0.559893394353802,0.841036444937441,5.40013012361743
"chr21",14810001,14815000,"*",0.209046918890486,0.599729162627034,-3.3879781420765
"chr21",14815001,14820000,"*",0.644429515154857,0.880638935886507,1.44714250674516
"chr21",14820001,14825000,"*",0.635334539642147,0.87662449728838,-1.57133355503825
"chr21",14825001,14830000,"*",0.023095445333204,0.226822473994101,-7.74976657329599
"chr21",14830001,14835000,"*",0.0135182835731534,0.183391798846084,-12.3397435897436
"chr21",14835001,14840000,"*",0.696517602684247,0.90016686487122,-1.21739130434783
"chr21",14840001,14845000,"*",0.601654427817958,0.864286684620043,1.12193483372522
"chr21",14845001,14850000,"*",0.138564828338811,0.502377897484189,-4.05405405405406
"chr21",14850001,14855000,"*",0.489403255558136,0.809721084154789,-1.96645459803355
"chr21",14855001,14860000,"*",0.219178667960773,0.612557071167914,6.10369342812555
"chr21",14860001,14865000,"*",0.0238810832303754,0.229663495361887,-14.1693112616863
"chr21",14865001,14870000,"*",0.292269262492884,0.670797556423432,6.7745756020529
"chr21",14870001,14875000,"*",0.495550368051211,0.813193064285717,4.76190476190476
"chr21",14875001,14880000,"*",0.729894955715588,0.913736133185062,1.35004821600772
"chr21",14880001,14885000,"*",0.533611460190785,0.83104310522117,-2.27826086956522
"chr21",14885001,14890000,"*",0.00169851086654873,0.0645387035824311,14.2800265428003
"chr21",14890001,14895000,"*",0.275250915855949,0.65660466184843,-4.05425328025947
"chr21",14895001,14900000,"*",0.894054186759815,0.976114448349356,0.241984271022389
"chr21",14900001,14905000,"*",0.0816240375607236,0.411397136187445,-5.83452893352463
"chr21",14905001,14910000,"*",0.00718436411155361,0.131869659802146,12.6819923371648
"chr21",14910001,14915000,"*",0.308677519525667,0.686275446636762,3.12430011198208
"chr21",14915001,14920000,"*",0.0263130977323761,0.241645910143135,-6.94521306032098
"chr21",14920001,14925000,"*",0.355274979539734,0.716661338091876,-3.17836812144213
"chr21",14925001,14930000,"*",0.44193310611817,0.778424575847867,2.93987621573829
"chr21",14930001,14935000,"*",0.645465827227332,0.880638935886507,1.96078431372549
"chr21",14935001,14940000,"*",0.227917001750131,0.61839310007851,-3.21406647373499
"chr21",14940001,14945000,"*",0.100453130272947,0.445188517544522,-7.10475784083635
"chr21",14945001,14950000,"*",0.540798586533018,0.832817976632446,1.57965194109773
"chr21",14950001,14955000,"*",0.025875308226737,0.240632019724272,6.90538880112339
"chr21",14955001,14960000,"*",0.0301424660179212,0.260124524536951,13.9349991263323
"chr21",14960001,14965000,"*",0.0556024134968845,0.347807114966034,10.4555638536221
"chr21",14965001,14970000,"*",0.585778987568671,0.856019492197991,-2.19512195121951
"chr21",14970001,14975000,"*",0.970634615346558,0.997143855920606,0.135685210312075
"chr21",14975001,14980000,"*",0.201212829364109,0.591357103022445,6.15913615250044
"chr21",14985001,14990000,"*",0.573173178842264,0.848584192727493,-2.96857251041273
"chr21",14990001,14995000,"*",0.379869827582133,0.736888765977482,-3.43375748502994
"chr21",15000001,15005000,"*",0.721891759352147,0.910834948033418,-1.68408826945412
"chr21",15005001,15010000,"*",0.0679260539732375,0.378984253517349,-9.19043503313166
"chr21",15010001,15015000,"*",0.00480465672540908,0.109506484153935,11.9004524886878
"chr21",15015001,15020000,"*",0.417680826782017,0.76263394147858,3.92200974878141
"chr21",15020001,15025000,"*",0.814667212330467,0.949383774249883,0.903001736541809
"chr21",15025001,15030000,"*",0.00465536525021022,0.10730235314419,16.676798378926
"chr21",15030001,15035000,"*",0.78309217498738,0.935064153557724,-1.50744299981157
"chr21",15035001,15040000,"*",0.678310899978085,0.895790274543438,2.50176180408739
"chr21",15040001,15045000,"*",0.88876077384682,0.974117280970244,0.807792824899023
"chr21",15045001,15050000,"*",0.498613945075859,0.813391173918986,-3.34246575342466
"chr21",15050001,15055000,"*",0.312205135778003,0.6888301597473,5.14922236233711
"chr21",15055001,15060000,"*",0.762446607978276,0.928025321882542,1.89075630252101
"chr21",15060001,15065000,"*",0.189236729376271,0.5732370559895,3.29226030034655
"chr21",15065001,15070000,"*",0.0585829425287708,0.351802621522646,10.2743561030235
"chr21",15070001,15075000,"*",0.121691140805587,0.479534035797801,8.76369327073553
"chr21",15075001,15080000,"*",0.579815697201204,0.85206810132223,2.25409836065574
"chr21",15080001,15085000,"*",0.784095526598336,0.935064153557724,0.878095630102216
"chr21",15085001,15090000,"*",0.250619416114154,0.635559358820352,-2.98906776142811
"chr21",15090001,15095000,"*",0.930686580208269,0.988713934314717,0.382653061224492
"chr21",15095001,15100000,"*",0.425036722411072,0.769390603467329,3.04960432348967
"chr21",15100001,15105000,"*",0.780792165407152,0.934539230342253,-0.851048286945721
"chr21",15105001,15110000,"*",0.933914576797788,0.989266186235458,0.329670329670328
"chr21",15110001,15115000,"*",0.58738590356119,0.856705996272856,2.76308831306188
"chr21",15115001,15120000,"*",0.216344817405814,0.608796465209651,-3.83146335640964
"chr21",15120001,15125000,"*",0.17533241153585,0.557573109411106,-7.95238095238096
"chr21",15125001,15130000,"*",0.0445781307720095,0.319128573652981,11.3210543029533
"chr21",15130001,15135000,"*",0.0293532940755672,0.255704655949489,11.1993171148101
"chr21",15135001,15140000,"*",0.0310439394397251,0.263573543793801,-13.4965034965035
"chr21",15140001,15145000,"*",0.736625794518849,0.916806097296419,1.80504201680672
"chr21",15145001,15150000,"*",0.0129587604277047,0.179044511701411,-6.26634306740781
"chr21",15150001,15155000,"*",0.70504368804072,0.90447643986771,-1.65678409487269
"chr21",15155001,15160000,"*",0.83514269965907,0.955701718644841,-1.53738644304683
"chr21",15160001,15165000,"*",0.620256554336984,0.871732022588764,2.17142857142857
"chr21",15165001,15170000,"*",0.0937719542891529,0.432682410833429,-7.78966865610208
"chr21",15170001,15175000,"*",0.499108972497332,0.813391173918986,2.75750202757502
"chr21",15175001,15180000,"*",0.204326755968399,0.594051734680664,4.48588709677419
"chr21",15180001,15185000,"*",0.5134963169054,0.820841859383821,1.66215693853884
"chr21",15185001,15190000,"*",0.504486948341854,0.815323471398855,-2.12094307980665
"chr21",15190001,15195000,"*",0.568865187007418,0.846346995240487,-1.61163714860423
"chr21",15195001,15200000,"*",0.289731832919555,0.66824632067732,-4.19720186542305
"chr21",15200001,15205000,"*",0.456775386732229,0.787814271032279,-3.30555469500294
"chr21",15205001,15210000,"*",0.941472239860217,0.990523191252473,-0.353935898276203
"chr21",15210001,15215000,"*",0.195307853893893,0.583020897186442,8.78167303019786
"chr21",15215001,15220000,"*",0.0688013256066078,0.38174689740683,7.43150009856101
"chr21",15220001,15225000,"*",0.361157608295665,0.720794183865037,-5.53877713829848
"chr21",15225001,15230000,"*",0.569448262800499,0.846346995240487,1.50417215634607
"chr21",15230001,15235000,"*",0.545767939851567,0.83506653414964,-2.91438979963571
"chr21",15235001,15240000,"*",0.513755929059575,0.820841859383821,-1.72188317349609
"chr21",15240001,15245000,"*",0.361365878019929,0.720794183865037,-6.54739246288542
"chr21",15245001,15250000,"*",0.70064677458097,0.902580695006901,-1.34421134421134
"chr21",15250001,15255000,"*",0.432469348968773,0.774422267734079,-3.20811170212766
"chr21",15255001,15260000,"*",0.0847936512469866,0.416604126258132,8.11965811965811
"chr21",15260001,15265000,"*",0.0384938784593502,0.29560285599997,-6.88584474885845
"chr21",15265001,15270000,"*",0.186524639561798,0.572122650065984,3.61861861861862
"chr21",15270001,15275000,"*",0.440081497928895,0.77609274352314,-4.34105845728122
"chr21",15275001,15280000,"*",0.104694806273882,0.450708885337395,-8.51088071094908
"chr21",15280001,15285000,"*",0.762485669871062,0.928025321882542,1.29645635263613
"chr21",15285001,15290000,"*",0.364220659147066,0.722888547093133,3.32631578947369
"chr21",15290001,15295000,"*",0.0703968940214358,0.38754124116734,7.11822660098522
"chr21",15295001,15300000,"*",0.154310175628908,0.527612036185705,-4.59108112555537
"chr21",15300001,15305000,"*",0.36022401037134,0.720794183865037,3.69971264367817
"chr21",15305001,15310000,"*",0.122111572868948,0.480114293774443,8.30917874396135
"chr21",15310001,15315000,"*",0.255616225705482,0.640407008805964,4.09439290036305
"chr21",15315001,15320000,"*",0.884069137733856,0.97270604749045,0.463425715583832
"chr21",15320001,15325000,"*",0.927728772438253,0.987872352353972,-0.279503105590062
"chr21",15325001,15330000,"*",0.169641145141846,0.550589681600729,-10.3299856527977
"chr21",15330001,15335000,"*",0.921905959163209,0.987201425524325,1.13207547169811
"chr21",15335001,15340000,"*",0.0231818326994911,0.226822473994101,6.80576254346746
"chr21",15340001,15345000,"*",0.463835151396602,0.793208696336288,2.32974910394266
"chr21",15345001,15350000,"*",0.683728769960008,0.89731413878381,2.24395857307249
"chr21",15350001,15355000,"*",0.306395957059212,0.684764240454963,-4.25186627718273
"chr21",15355001,15360000,"*",0.216499454199734,0.608796465209651,6.1368778280543
"chr21",15360001,15365000,"*",0.741200392808079,0.91898390854335,-1.15984405458091
"chr21",15365001,15370000,"*",3.58092544735327e-05,0.0073154278609716,-23.1135531135531
"chr21",15370001,15375000,"*",0.162354943002519,0.536908062434045,4.47606343560101
"chr21",15375001,15380000,"*",0.521374460466503,0.82263685791709,2.43116948724426
"chr21",15380001,15385000,"*",0.155131447908372,0.527612036185705,-4.35749489121289
"chr21",15385001,15390000,"*",0.957140528064876,0.994618979526121,0.245499181669384
"chr21",15390001,15395000,"*",0.112902712916722,0.461725463527955,-5.28330143938763
"chr21",15395001,15400000,"*",0.0126133511056892,0.177209887949163,-11.7440694954895
"chr21",15400001,15405000,"*",0.0261502002940747,0.241254472529324,5.61224489795918
"chr21",15405001,15410000,"*",0.026649067565722,0.2424459024707,-10.3174603174603
"chr21",15410001,15415000,"*",0.902790929734507,0.979655728910809,0.523809523809526
"chr21",15415001,15420000,"*",0.468170903108815,0.79622688891286,5.4938632378726
"chr21",15420001,15425000,"*",0.954006947267975,0.99426621518398,-0.204897551224392
"chr21",15425001,15430000,"*",0.626714470602957,0.873444481193396,1.73545374226934
"chr21",15430001,15435000,"*",0.459669446995566,0.790661977121854,4.03286034353996
"chr21",15435001,15440000,"*",0.848467084304637,0.958342481147428,2.14352283317801
"chr21",15440001,15445000,"*",0.0258773551794523,0.240632019724272,13.4445371142619
"chr21",15445001,15450000,"*",0.72608133283718,0.912469032864744,-2.69905533063428
"chr21",15450001,15455000,"*",0.149539530155739,0.520942961840855,4.76889214966985
"chr21",15455001,15460000,"*",0.662008746251291,0.887324855197383,-1.45833333333333
"chr21",15460001,15465000,"*",0.555755181379815,0.839457274778963,-1.6876030960538
"chr21",15465001,15470000,"*",0.889623292725512,0.974332691088251,0.6452330626321
"chr21",15470001,15475000,"*",0.713238881894321,0.90753926332761,-1.4354066985646
"chr21",15475001,15480000,"*",0.443098039433692,0.779679819705604,-3.06234853491958
"chr21",15480001,15485000,"*",0.798700421832316,0.940670793345817,-1.53757447626369
"chr21",15485001,15490000,"*",0.257476892955626,0.641326175798401,4.55223880597015
"chr21",15490001,15495000,"*",0.300828388330993,0.679788997096393,4.10750507099391
"chr21",15495001,15500000,"*",0.0777892709830531,0.402990843781034,-9.4807153630683
"chr21",15500001,15505000,"*",0.684537087666795,0.89731413878381,1.51260504201681
"chr21",15505001,15510000,"*",0.618483141787811,0.871444344065783,1.79569892473118
"chr21",15510001,15515000,"*",0.0820996301669985,0.41161675068728,9.54337899543379
"chr21",15515001,15520000,"*",0.401784376215703,0.753814829142351,3.27791294944579
"chr21",15520001,15525000,"*",0.40223394389249,0.7542557016709,-3.1231925968768
"chr21",15525001,15530000,"*",0.0162722897484173,0.198601036339191,15.9150757077024
"chr21",15530001,15535000,"*",0.0400815516755215,0.301684484238668,-13.4770889487871
"chr21",15535001,15540000,"*",0.634982649163649,0.876563345929752,-2.68699276157052
"chr21",15540001,15545000,"*",0.118308889120701,0.473370227955907,5.97279716144293
"chr21",15545001,15550000,"*",0.410478191374996,0.759205475935649,3.36363636363637
"chr21",15550001,15555000,"*",0.202243681054567,0.59166586675556,-8.71428571428571
"chr21",15555001,15560000,"*",0.187209318047205,0.572122650065984,6.25
"chr21",15565001,15570000,"*",0.229767608678252,0.619350570938693,-7.71370023419204
"chr21",15570001,15575000,"*",0.107471281421941,0.455364580676392,5.23088023088023
"chr21",15575001,15580000,"*",0.913215009913664,0.983502787643196,0.478659752692456
"chr21",15580001,15585000,"*",0.958452582866867,0.994618979526121,-0.14464802314369
"chr21",15585001,15590000,"*",0.954435572746374,0.99426621518398,0.215672178288995
"chr21",15590001,15595000,"*",0.0586669791647583,0.351802621522646,-8.11188811188812
"chr21",15595001,15600000,"*",0.534399946951654,0.83104310522117,-2.37324703344122
"chr21",15600001,15605000,"*",0.913821263819722,0.983502787643196,-0.520262869660459
"chr21",15605001,15610000,"*",0.598034925747818,0.861018439738576,2.63797292606733
"chr21",15610001,15615000,"*",0.000887665836700487,0.0476358078778964,11.5196078431373
"chr21",15615001,15620000,"*",0.229215280227237,0.619048604431663,-5.73814655172413
"chr21",15620001,15625000,"*",0.0101991229764094,0.159870870412907,9.25294117647059
"chr21",15625001,15630000,"*",0.68029064667324,0.896154309945277,1.64890767307577
"chr21",15630001,15635000,"*",0.202025763088987,0.59152066410478,-6.14035087719298
"chr21",15635001,15640000,"*",0.234710931785883,0.625717804495547,4.9781976744186
"chr21",15640001,15645000,"*",0.653315118115618,0.884198614356485,1.42136162323617
"chr21",15645001,15650000,"*",0.26938753735645,0.649528731996803,-4.49201085318058
"chr21",15650001,15655000,"*",0.497003384201358,0.813391173918986,2.19092331768389
"chr21",15655001,15660000,"*",0.241791111209615,0.62944339640872,3.44438170525128
"chr21",15660001,15665000,"*",0.106012239406881,0.453334394136548,6.98669480100815
"chr21",15665001,15670000,"*",0.26527774903354,0.644403101487831,-2.93928746835922
"chr21",15670001,15675000,"*",0.67685877422273,0.895767541940096,0.830162573503979
"chr21",15675001,15680000,"*",0.12968678539611,0.490423938318804,3.9741935483871
"chr21",15680001,15685000,"*",0.0210203449325463,0.219573588225558,-12.2322580645161
"chr21",15685001,15690000,"*",0.476426253363285,0.800855105590595,3.44256868586561
"chr21",15690001,15695000,"*",0.753877702249235,0.924404612519601,1.23473822170104
"chr21",15695001,15700000,"*",0.218299611766824,0.611428070219054,-6.70995670995671
"chr21",15700001,15705000,"*",0.706982322187651,0.905128025943939,1.63682864450129
"chr21",15705001,15710000,"*",0.249543452678103,0.63469264555972,3.66820040899795
"chr21",15710001,15715000,"*",0.834666237815709,0.955701718644841,0.570206699928733
"chr21",15715001,15720000,"*",0.434581081190658,0.775582305993674,-2.29352550903684
"chr21",15720001,15725000,"*",0.295297141253089,0.673363826511112,5.10502283105023
"chr21",15725001,15730000,"*",0.467251654670026,0.795153505768648,-3.48266499582289
"chr21",15730001,15735000,"*",0.137578962332539,0.50061082049573,-8.90393126789898
"chr21",15735001,15740000,"*",0.143891330487164,0.511921079617795,8.74097007223942
"chr21",15740001,15745000,"*",0.225886166188785,0.615154173101253,-2.9211373390558
"chr21",15745001,15750000,"*",0.656423221233163,0.88549439157274,-2.1145112054203
"chr21",15750001,15755000,"*",0.387743619615322,0.742532728383469,2.34058514628657
"chr21",15755001,15760000,"*",0.622585867379492,0.872688270567035,1.22672508214677
"chr21",15760001,15765000,"*",0.243974173752099,0.6298708929406,-4.28571428571429
"chr21",15765001,15770000,"*",0.0346079964960185,0.277598535007036,-10.1487314085739
"chr21",15770001,15775000,"*",0.163810643534487,0.53978931947694,-3.40176387756614
"chr21",15775001,15780000,"*",0.327221533780394,0.695136369030856,-2.32142857142857
"chr21",15780001,15785000,"*",0.359484571139126,0.720747244804658,2.49269717624148
"chr21",15785001,15790000,"*",0.549584541745927,0.836997254868688,1.52043868394816
"chr21",15790001,15795000,"*",0.148353884610635,0.518895360476258,-4.1991341991342
"chr21",15795001,15800000,"*",0.0262649210888189,0.241645910143135,-6.97674418604651
"chr21",15800001,15805000,"*",0.964682220982835,0.996431973774512,0.126085738302051
"chr21",15805001,15810000,"*",0.876561884167291,0.969507325103692,0.537482319660543
"chr21",15810001,15815000,"*",0.237543816722014,0.628550111514431,-3.36852689793866
"chr21",15815001,15820000,"*",0.012384505808841,0.175653013389806,-6.88259109311742
"chr21",15820001,15825000,"*",0.332618068755288,0.70009132435619,-4.66697936210132
"chr21",15825001,15830000,"*",0.088058598147631,0.421410445866471,9.11803713527852
"chr21",15830001,15835000,"*",0.752231672401755,0.923539758467401,0.93190270593767
"chr21",15835001,15840000,"*",0.0847054776455331,0.416604126258132,5.97004176868788
"chr21",15840001,15845000,"*",0.131356247742213,0.49460868860619,5.68267268235041
"chr21",15845001,15850000,"*",0.627209051571529,0.873444481193396,-1.35172413793104
"chr21",15850001,15855000,"*",0.299116358938202,0.677881367935385,3.60323886639676
"chr21",15855001,15860000,"*",0.483309136787625,0.805973908501706,-2.04844006568144
"chr21",15860001,15865000,"*",0.624912784080446,0.873444481193396,-1.31782945736434
"chr21",15865001,15870000,"*",0.769082470790104,0.93101273346254,1.08444187391555
"chr21",15870001,15875000,"*",0.174144616803334,0.556724263814205,-3.42001576044129
"chr21",15875001,15880000,"*",0.533950147769419,0.83104310522117,-1.71253558795617
"chr21",15880001,15885000,"*",0.564239100988175,0.843693896684641,1.07746863066012
"chr21",15885001,15890000,"*",0.258701075070416,0.641505664107593,-3.03135888501742
"chr21",15890001,15895000,"*",0.00785072885145229,0.139875502628346,12.1426466254052
"chr21",15895001,15900000,"*",0.93145954008746,0.988716299222051,-0.287356321839072
"chr21",15900001,15905000,"*",0.307180004328264,0.684974780043281,-2.54803675856308
"chr21",15905001,15910000,"*",0.20172677030464,0.59152066410478,-4.6218487394958
"chr21",15910001,15915000,"*",0.584519409698546,0.855364581636298,-1.64227642276423
"chr21",15915001,15920000,"*",0.206229442078737,0.596868249408612,-5.5276886035313
"chr21",15920001,15925000,"*",0.580643898708712,0.852888969478112,-2.14740190880169
"chr21",15925001,15930000,"*",0.950553173047858,0.99366376305226,-0.370370370370365
"chr21",15930001,15935000,"*",0.0767612583501173,0.402586837189295,5.24332810047096
"chr21",15935001,15940000,"*",0.230390407150052,0.620153232163645,-6.91454664057404
"chr21",15940001,15945000,"*",0.504105309855625,0.815200718001058,3.83079157588961
"chr21",15945001,15950000,"*",0.000128304574355672,0.0156415047220579,21.6762086513995
"chr21",15950001,15955000,"*",0.136006563328374,0.499543437930235,7.90478329216259
"chr21",15955001,15960000,"*",0.051222516789717,0.338859127111192,12.5352112676056
"chr21",15960001,15965000,"*",0.214634993864996,0.6070289977166,-3.79566210045662
"chr21",15965001,15970000,"*",0.57273368787906,0.848375540643446,-2.44175627240143
"chr21",15970001,15975000,"*",0.823310494612432,0.950898369614441,-0.476190476190474
"chr21",15975001,15980000,"*",0.854240769216243,0.96089875469963,-0.803825803825808
"chr21",15980001,15985000,"*",0.915327867730381,0.983502787643196,-0.298968394769705
"chr21",15985001,15990000,"*",0.554359798725716,0.839282382070339,-4.39560439560439
"chr21",15990001,15995000,"*",0.262456594695926,0.64397446128717,-3.98686679174484
"chr21",15995001,16000000,"*",0.563388219841119,0.842864265904036,-2.26608187134503
"chr21",16000001,16005000,"*",0.632602255468901,0.876261995132442,1.94805194805195
"chr21",16005001,16010000,"*",0.568453996415472,0.846156668098153,-2.54768915631801
"chr21",16010001,16015000,"*",0.545593397411929,0.83506653414964,2.38296434003719
"chr21",16020001,16025000,"*",0.0572141648190662,0.349459868515284,10.5661619486504
"chr21",16025001,16030000,"*",0.754654148011644,0.924737434290022,1.00701861458652
"chr21",16030001,16035000,"*",0.41107871500196,0.759205475935649,-3.25863678804855
"chr21",16035001,16040000,"*",0.000303454785373666,0.0261327503787975,25.8996328029376
"chr21",16040001,16045000,"*",0.132229779818528,0.495379946514203,-7.80880773361976
"chr21",16045001,16050000,"*",0.61974377235091,0.871732022588764,-1.13902194497048
"chr21",16050001,16055000,"*",0.69538942319744,0.899821822959066,-1.17920701033158
"chr21",16055001,16060000,"*",0.676721542633166,0.895767541940096,-1.69321279954082
"chr21",16060001,16065000,"*",0.732614358826104,0.91562341766511,1.14716981132076
"chr21",16065001,16070000,"*",0.0612445289222719,0.358492121834781,7.15505979298563
"chr21",16070001,16075000,"*",0.933504938788436,0.989266186235458,-0.214277327697543
"chr21",16075001,16080000,"*",0.815106324573882,0.9494941941598,-0.788027761711974
"chr21",16080001,16085000,"*",0.459833606374763,0.790661977121854,3.25314720179484
"chr21",16085001,16090000,"*",0.00773434866981323,0.138705283542824,-8.21340042176921
"chr21",16090001,16095000,"*",0.0870823279828453,0.420236395196044,7.21900500131614
"chr21",16095001,16100000,"*",0.311808464218613,0.688654759673133,5.57751427316645
"chr21",16100001,16105000,"*",0.257972969981628,0.641326175798401,3.96825396825398
"chr21",16105001,16110000,"*",0.327719826254957,0.695173421821049,4.44139194139194
"chr21",16110001,16115000,"*",0.200984802109816,0.59129693306873,4.85964912280702
"chr21",16115001,16120000,"*",0.549365932998064,0.836997254868688,2.03412073490814
"chr21",16120001,16125000,"*",0.483172481199715,0.805973908501706,-2.63157894736842
"chr21",16125001,16130000,"*",0.23041824216379,0.620153232163645,-4.97311827956989
"chr21",16130001,16135000,"*",0.410935397099479,0.759205475935649,-2.06526933843107
"chr21",16135001,16140000,"*",0.658232676104083,0.885622146030948,-1.60416666666666
"chr21",16140001,16145000,"*",0.206551303048088,0.597081719537969,-4.99270377319158
"chr21",16145001,16150000,"*",0.416855784844917,0.761365593000719,2.71382172500902
"chr21",16150001,16155000,"*",0.636327138045491,0.876961337082887,1.31944444444444
"chr21",16155001,16160000,"*",0.0903068709720743,0.428287262810081,-6.46983924876652
"chr21",16160001,16165000,"*",0.585529156209209,0.856019492197991,1.48385977091288
"chr21",16165001,16170000,"*",0.286034338931798,0.664990098743899,6.58967391304348
"chr21",16170001,16175000,"*",0.0226174941426963,0.224895309509413,6.07219538378959
"chr21",16175001,16180000,"*",0.0107699528066191,0.163880450715438,-14.7727272727273
"chr21",16180001,16185000,"*",0.135650663342716,0.49849668755844,-7.50896057347671
"chr21",16185001,16190000,"*",0.307215573467492,0.684974780043281,-4.1005291005291
"chr21",16190001,16195000,"*",0.434679130243965,0.775582305993674,4.91803278688525
"chr21",16195001,16200000,"*",0.950317421654311,0.993565061604671,-0.350565348343457
"chr21",16200001,16205000,"*",0.917829668391994,0.98515867843877,0.388319353836597
"chr21",16205001,16210000,"*",0.465030808191845,0.793679675064013,-3.50567959263611
"chr21",16210001,16215000,"*",0.164821920270439,0.541337839170397,6.73362796303737
"chr21",16215001,16220000,"*",0.679715449624378,0.896005927406597,-2.08333333333333
"chr21",16220001,16225000,"*",0.0432581738684605,0.31415801890008,-8.05318138651472
"chr21",16225001,16230000,"*",0.15556930892605,0.5278986140182,5.85517241379311
"chr21",16230001,16235000,"*",0.056295665412325,0.348066647233362,14.4155844155844
"chr21",16235001,16240000,"*",0.721376707693933,0.910834948033418,-1.54220779220779
"chr21",16240001,16245000,"*",0.582434367423873,0.854209650790069,3.3261105092091
"chr21",16245001,16250000,"*",0.0340344600994354,0.276923905670174,-8.03571428571429
"chr21",16250001,16255000,"*",0.586382711761567,0.856486695134805,-2.19627467333889
"chr21",16255001,16260000,"*",0.877898795356492,0.969507325103692,0.778875379939203
"chr21",16260001,16265000,"*",0.0866642160544029,0.418888731518773,11.830131445905
"chr21",16265001,16270000,"*",0.0115085471845825,0.170961652336041,-11.063372717508
"chr21",16270001,16275000,"*",0.824566621352269,0.950898369614441,-0.935593220338982
"chr21",16275001,16280000,"*",0.244764049136467,0.630306429305182,4.42106621918162
"chr21",16280001,16285000,"*",0.519843047835423,0.822454668297301,3.00483829895595
"chr21",16285001,16290000,"*",0.0306890380745994,0.261498330769894,-7.71959459459459
"chr21",16290001,16295000,"*",0.0414375947610677,0.307285117268255,-7.53690753690753
"chr21",16295001,16300000,"*",0.0270518551986146,0.243189951465806,-6.1676569361922
"chr21",16300001,16305000,"*",0.955585315868454,0.994487752857917,-0.260162601626013
"chr21",16305001,16310000,"*",0.87389750243404,0.969311997808663,0.764525993883791
"chr21",16310001,16315000,"*",0.487548942142202,0.808788410032639,-1.50970017636685
"chr21",16315001,16320000,"*",0.606829983166703,0.866308632740596,-2.83999076425768
"chr21",16320001,16325000,"*",0.391257704511802,0.746541038021516,4.50870646766169
"chr21",16330001,16335000,"*",0.860040743110832,0.963430728842758,-0.823196308724827
"chr21",16335001,16340000,"*",0.0940993437845792,0.433047366678856,4.97496871088861
"chr21",16340001,16345000,"*",0.686206915271165,0.89809658351583,-1.45104895104895
"chr21",16345001,16350000,"*",0.170076153915008,0.550733982049573,5.78861788617886
"chr21",16350001,16355000,"*",0.922605030682051,0.987201425524325,0.303030303030294
"chr21",16355001,16360000,"*",0.138217546094353,0.501636215303717,-5.10488364470666
"chr21",16360001,16365000,"*",0.877626453277628,0.969507325103692,0.843373493975907
"chr21",16370001,16375000,"*",0.55454673544218,0.839282382070339,-2.41891148982958
"chr21",16375001,16380000,"*",0.169895284376118,0.550733982049573,-3.77320419693301
"chr21",16380001,16385000,"*",0.252055840462353,0.635941870026415,-3.54010025062657
"chr21",16385001,16390000,"*",0.111660946003176,0.461404660244149,-5.83655083655084
"chr21",16390001,16395000,"*",0.62076697360218,0.871792494160053,-1.95679268799335
"chr21",16395001,16400000,"*",0.0828271518607864,0.413253994025073,-5.83190394511149
"chr21",16400001,16405000,"*",0.484192117118046,0.806795587423527,2.33151183970857
"chr21",16405001,16410000,"*",0.134019679654367,0.496868889625864,7.07720588235294
"chr21",16410001,16415000,"*",0.618674847177663,0.871444344065783,-2.2196261682243
"chr21",16415001,16420000,"*",0.0574835281727323,0.34988118038369,-9.91212469923632
"chr21",16420001,16425000,"*",0.172953474207125,0.555828362498074,6.08371187540558
"chr21",16425001,16430000,"*",0.243572791236489,0.62944339640872,3.95152792413067
"chr21",16430001,16435000,"*",0.536974017084577,0.831383196705431,-2.50764525993884
"chr21",16435001,16440000,"*",0.191888422170166,0.576978446474022,6.49863346492561
"chr21",16440001,16445000,"*",0.331979295745923,0.699375022203729,-5.47619047619048
"chr21",16445001,16450000,"*",0.799270915777821,0.941185014726647,-1.22258180510607
"chr21",16450001,16455000,"*",0.75645705485868,0.92495935894928,1.40706345856199
"chr21",16455001,16460000,"*",0.755616860111682,0.924949958685659,1.18717237126117
"chr21",16460001,16465000,"*",0.125798250821906,0.486285372492061,-8.1981981981982
"chr21",16465001,16470000,"*",0.699367342857719,0.901577629139273,1.56549992615567
"chr21",16470001,16475000,"*",0.0314524382970889,0.265120672935893,-5.48210823197602
"chr21",16475001,16480000,"*",0.793290648671607,0.938386885438566,1.14145172479031
"chr21",16480001,16485000,"*",0.00538379180311858,0.114438220850415,-8.75
"chr21",16485001,16490000,"*",0.499336304670316,0.813391173918986,2.46238030095759
"chr21",16490001,16495000,"*",0.574788195257733,0.849077750086544,1.90476190476191
"chr21",16495001,16500000,"*",0.111965944576327,0.461404660244149,-8.95003162555344
"chr21",16500001,16505000,"*",0.457412081929968,0.787945830915872,-3.21669202347316
"chr21",16505001,16510000,"*",0.494558935438435,0.812514446396867,4.06681190994916
"chr21",16510001,16515000,"*",0.0218898559378334,0.221820378511937,-8.15628815628816
"chr21",16515001,16520000,"*",0.593069439238247,0.858788157961811,-3.00925925925926
"chr21",16520001,16525000,"*",0.539548986240817,0.832367592928674,1.94129523217891
"chr21",16525001,16530000,"*",0.813981851982051,0.948965017551644,0.716486526140747
"chr21",16530001,16535000,"*",0.823977920559371,0.950898369614441,-1.05576884219034
"chr21",16535001,16540000,"*",0.0173565279551506,0.204040788502858,-7.73541114058355
"chr21",16540001,16545000,"*",0.0342178608953224,0.277497738737928,9.33794466403162
"chr21",16545001,16550000,"*",0.201025773770679,0.59129693306873,-3.7133240652667
"chr21",16550001,16555000,"*",0.607669058462321,0.866478805232612,1.65657852819369
"chr21",16555001,16560000,"*",0.0827769988044492,0.413253994025073,5.25000918476065
"chr21",16560001,16565000,"*",0.627314535639468,0.873444481193396,-1.92048012003001
"chr21",16565001,16570000,"*",0.483469697318876,0.805973908501706,-3.02325581395348
"chr21",16570001,16575000,"*",0.336794457809167,0.704586327009168,-3.88571428571429
"chr21",16575001,16580000,"*",0.0523112466285522,0.339304147647442,-6.13189206003577
"chr21",16580001,16585000,"*",0.108299770198575,0.455896637422743,5.62776548672567
"chr21",16585001,16590000,"*",0.5784775752397,0.851135329764939,2.46753246753246
"chr21",16590001,16595000,"*",0.468289040578796,0.79622688891286,-2.92891807022552
"chr21",16595001,16600000,"*",0.396009664272765,0.749805454242121,-2.61920172599784
"chr21",16600001,16605000,"*",0.790672677425151,0.936846990345568,1.89850310332238
"chr21",16605001,16610000,"*",0.0233598109774864,0.226822473994101,11.6288960447172
"chr21",16610001,16615000,"*",0.273610090714261,0.654467144512166,3.06206896551724
"chr21",16615001,16620000,"*",0.970827759231008,0.997143855920606,-0.0833402783565362
"chr21",16620001,16625000,"*",0.100805856983179,0.445188517544522,-7.88617886178862
"chr21",16625001,16630000,"*",0.0752931056019931,0.399977504312743,-6.06494436129369
"chr21",16630001,16635000,"*",0.503255304651726,0.815164316511133,4.25759520753103
"chr21",16635001,16640000,"*",0.899231878416047,0.978274976487139,-0.502717391304353
"chr21",16640001,16645000,"*",0.541793818379908,0.833802658321093,3.19937135159407
"chr21",16645001,16650000,"*",0.0997404418416255,0.444344300473148,-9.12698412698413
"chr21",16650001,16655000,"*",0.00610480707632018,0.122523549583789,-8.64390041062425
"chr21",16655001,16660000,"*",0.519653457934591,0.822454668297301,2.0637003459382
"chr21",16660001,16665000,"*",0.787431047219189,0.936202863571426,-0.825130283729003
"chr21",16665001,16670000,"*",0.377350033388927,0.734432650809567,-3.34607253211905
"chr21",16670001,16675000,"*",0.0145615288380932,0.188342287003321,16.7019027484144
"chr21",16675001,16680000,"*",0.528604131491516,0.827267819319982,-3.4718349135527
"chr21",16680001,16685000,"*",0.103775881413005,0.449780793053899,-8.85261527463362
"chr21",16685001,16690000,"*",0.671616913455465,0.892322017781286,1.35355307682667
"chr21",16690001,16695000,"*",0.0441988723426401,0.318017309154093,-11.5281948615282
"chr21",16695001,16700000,"*",0.870245073677705,0.967856805561504,-0.827205882352944
"chr21",16700001,16705000,"*",0.733153387953121,0.91562341766511,-1.52337486123104
"chr21",16705001,16710000,"*",0.613651102300998,0.868525719584461,-2.51376146788991
"chr21",16710001,16715000,"*",0.219172111270566,0.612557071167914,-5.92221874674174
"chr21",16715001,16720000,"*",0.400338198860883,0.751873203181172,-5.609881626351
"chr21",16720001,16725000,"*",0.142310606408236,0.508613911057397,-11.7758784425451
"chr21",16725001,16730000,"*",0.463881795472002,0.793208696336288,2.85834976063081
"chr21",16730001,16735000,"*",0.119420506306088,0.47606297966431,-5.4054054054054
"chr21",16735001,16740000,"*",0.297936783260448,0.677160868768959,-7.3087171678721
"chr21",16740001,16745000,"*",0.838823452850065,0.956224600353471,0.88004101161997
"chr21",16745001,16750000,"*",0.199027097739978,0.588624525499388,-4.25771570173462
"chr21",16750001,16755000,"*",0.0696706731066053,0.384718329316497,-11.6039426523297
"chr21",16755001,16760000,"*",0.857621886184068,0.962514706578027,-0.803410395146742
"chr21",16760001,16765000,"*",0.650887975912344,0.883822137998266,-1.57563025210085
"chr21",16765001,16770000,"*",0.18576039069833,0.571507897859634,-6.76115556761155
"chr21",16770001,16775000,"*",0.635620260408384,0.876846630822398,3.95927601809954
"chr21",16775001,16780000,"*",0.913959021690877,0.983502787643196,0.636485880770954
"chr21",16780001,16785000,"*",0.140560880068215,0.505636456824062,7.01566951566952
"chr21",16785001,16790000,"*",0.479104560400682,0.804007005610448,4.59956709956709
"chr21",16790001,16795000,"*",0.503078169071945,0.815164316511133,-2.6750080897422
"chr21",16795001,16800000,"*",0.630577528962295,0.875370413175896,2.78947368421053
"chr21",16800001,16805000,"*",0.625596522016144,0.873444481193396,2.26011102299762
"chr21",16805001,16810000,"*",0.860868216925113,0.964139487810028,-0.89346148639502
"chr21",16810001,16815000,"*",0.0925232112652981,0.430024118503174,10.75
"chr21",16815001,16820000,"*",0.510887464794133,0.819477340790471,-2.30535894843276
"chr21",16820001,16825000,"*",0.41366634716556,0.760354919177772,-4.33168316831684
"chr21",16825001,16830000,"*",0.652113001929864,0.884198614356485,1.8172128963496
"chr21",16830001,16835000,"*",0.0163532823633731,0.198898918710229,12.6190476190476
"chr21",16835001,16840000,"*",0.816942673043812,0.949594159121394,1.68970814132104
"chr21",16840001,16845000,"*",0.230826747103851,0.620777365011505,6.0687263556116
"chr21",16845001,16850000,"*",0.0153066891876143,0.194213536958555,15.5693581780538
"chr21",16850001,16855000,"*",0.0343455958774926,0.277598535007036,-10.8316430020284
"chr21",16855001,16860000,"*",0.965060105698612,0.996645227615115,-0.172376642964878
"chr21",16860001,16865000,"*",0.50490911449439,0.815323471398855,4.35835351089587
"chr21",16865001,16870000,"*",0.375306100050295,0.732075994271248,-6.02409638554218
"chr21",16870001,16875000,"*",0.538579913554968,0.832078355386548,3.79310344827586
"chr21",16880001,16885000,"*",0.206860589249482,0.597219688880435,7.53623188405798
"chr21",16885001,16890000,"*",0.670237632799286,0.892131363325227,-2.44631185807657
"chr21",16890001,16895000,"*",0.49060367799558,0.81011025090889,-5.69930069930069
"chr21",16895001,16900000,"*",0.277388554387879,0.657441779044399,5.24583817266744
"chr21",16900001,16905000,"*",0.390867920803227,0.746482337203663,-7.00000000000001
"chr21",16905001,16910000,"*",0.367426876805268,0.725361118770299,5.54169636493229
"chr21",16910001,16915000,"*",0.438471905133363,0.77609274352314,-4.03900853311662
"chr21",16915001,16920000,"*",0.0786629692716522,0.405400157271365,11.1471861471862
"chr21",16920001,16925000,"*",0.321361693231898,0.692392042325444,6.68067226890756
"chr21",16925001,16930000,"*",0.491710990773305,0.810487283736538,-4.89130434782609
"chr21",16930001,16935000,"*",0.427976850489615,0.770685782747936,4.86915486915487
"chr21",16935001,16940000,"*",0.187266208927037,0.572122650065984,6.40113798008535
"chr21",16940001,16945000,"*",0.206558000272595,0.597081719537969,5.98311817279047
"chr21",16945001,16950000,"*",0.243353080486733,0.62944339640872,-10.4288499025341
"chr21",16955001,16960000,"*",0.785009035166481,0.935433063904831,-2.09677419354839
"chr21",16960001,16965000,"*",0.00224793482364779,0.0729270693712763,18.8854489164087
"chr21",16965001,16970000,"*",0.8115898566183,0.947738601230821,-1.48148148148147
"chr21",16970001,16975000,"*",0.242514564411178,0.62944339640872,8.33333333333334
"chr21",16975001,16980000,"*",0.491858291029347,0.810540034209167,-4.72488038277512
"chr21",16980001,16985000,"*",0.449097638398988,0.782055089904605,-5.77882847386394
"chr21",16985001,16990000,"*",0.876183070865253,0.969507325103692,-0.869565217391299
"chr21",16990001,16995000,"*",0.562075757700977,0.841714693023346,-3.5921625544267
"chr21",16995001,17000000,"*",0.82278013076685,0.950898369614441,2.50783699059561
"chr21",17000001,17005000,"*",0.511397188412008,0.819853127816417,4.19799498746867
"chr21",17005001,17010000,"*",0.786423572897268,0.935774833694616,-1.25164690382081
"chr21",17010001,17015000,"*",0.0522786553782266,0.339304147647442,10.3753026634383
"chr21",17015001,17020000,"*",0.328161069364058,0.695462320247531,-6.56270305393113
"chr21",17020001,17025000,"*",0.601774109121334,0.864286684620043,3.5650623885918
"chr21",17025001,17030000,"*",0.437959210166261,0.77609274352314,-4.80610561056106
"chr21",17030001,17035000,"*",0.800540626843046,0.941747011243225,1.39318885448916
"chr21",17035001,17040000,"*",0.914774194211594,0.983502787643196,-0.490196078431371
"chr21",17040001,17045000,"*",0.710556711100678,0.906524308347791,1.59461534986673
"chr21",17045001,17050000,"*",0.0834116108473964,0.414778877209661,-12.0841919340595
"chr21",17050001,17055000,"*",0.300045853179357,0.678675144096165,6.05538814751041
"chr21",17055001,17060000,"*",0.935542805082417,0.989266186235458,0.627298291152922
"chr21",17060001,17065000,"*",0.696841876955071,0.90016686487122,-1.71275748264482
"chr21",17065001,17070000,"*",0.277265566613823,0.657441779044399,7.96004842615011
"chr21",17070001,17075000,"*",0.547172576758845,0.835321651713779,3.50515463917526
"chr21",17075001,17080000,"*",0.480728551799118,0.805031376643116,4.84126984126985
"chr21",17080001,17085000,"*",0.27576296163594,0.657157159423951,-4.46985446985447
"chr21",17085001,17090000,"*",0.598741313399741,0.861679739132021,3.30315634940054
"chr21",17090001,17095000,"*",0.114051199454095,0.463531122943681,-8.52486690040255
"chr21",17095001,17100000,"*",0.326568340458176,0.695136369030856,6.41711229946523
"chr21",17100001,17105000,"*",0.0853441601233625,0.416604126258132,-12.3809523809524
"chr21",17105001,17110000,"*",0.549110223616538,0.836997254868688,-3.7574159525379
"chr21",17110001,17115000,"*",0.074106678213809,0.39647636822152,10.2232667450059
"chr21",17115001,17120000,"*",0.0950046467949968,0.434036652969507,-12.1212121212121
"chr21",17120001,17125000,"*",0.00823489486172505,0.143650895478727,10.8676599474145
"chr21",17125001,17130000,"*",0.626416951743525,0.873444481193396,2.22222222222221
"chr21",17130001,17135000,"*",0.661332211621349,0.887324855197383,-3.08219178082192
"chr21",17135001,17140000,"*",0.175772062038105,0.557573109411106,-8.55572998430142
"chr21",17140001,17145000,"*",0.129432221632272,0.490423938318804,-9.14257228315055
"chr21",17145001,17150000,"*",0.152173425081886,0.524477827101981,-16.6666666666667
"chr21",17310001,17315000,"*",0.661908155519185,0.887324855197383,3.27089740005592
"chr21",17315001,17320000,"*",0.694972113651064,0.899803895447492,-3.48717948717948
"chr21",17320001,17325000,"*",0.800277294575461,0.941739099575744,1.67427701674276
"chr21",17325001,17330000,"*",0.00401007727723455,0.0989152395051188,15.324985092427
"chr21",17330001,17335000,"*",0.767117084279539,0.930849003744786,-1.71858216970999
"chr21",17335001,17340000,"*",0.188216164423728,0.57254852267365,5.42957521558607
"chr21",17340001,17345000,"*",6.39618310065116e-05,0.0105726001758958,-28.5414987912973
"chr21",17345001,17350000,"*",0.671625944623244,0.892322017781286,2.45614035087719
"chr21",17350001,17355000,"*",0.336514398590837,0.704586327009168,-5.3008849557522
"chr21",17355001,17360000,"*",0.177698104943414,0.560187299440448,-5.99343185550082
"chr21",17360001,17365000,"*",0.539514435840031,0.832367592928674,-3.05882352941176
"chr21",17365001,17370000,"*",0.414146295347058,0.760367839198177,3.85774562989752
"chr21",17370001,17375000,"*",0.313665715017037,0.689286000460818,5.97345132743363
"chr21",17375001,17380000,"*",0.440038024288497,0.77609274352314,3.44865947268884
"chr21",17380001,17385000,"*",0.60684812745607,0.866308632740596,2.93362669600293
"chr21",17385001,17390000,"*",0.387691072903309,0.742532728383469,-5.6799938842596
"chr21",17390001,17395000,"*",0.901854887457934,0.979307979429916,-0.414658166174264
"chr21",17395001,17400000,"*",0.617839078119847,0.871444344065783,-1.7769255353148
"chr21",17400001,17405000,"*",0.220418042368594,0.612878948197541,-4.4094973789701
"chr21",17405001,17410000,"*",0.0533967631444984,0.34247405050289,-10.1903916346059
"chr21",17410001,17415000,"*",0.459888595227776,0.790661977121854,-3.82850814744503
"chr21",17415001,17420000,"*",0.128322734176453,0.489478470569977,5.8446455505279
"chr21",17420001,17425000,"*",0.729051128175448,0.913736133185062,1.442082592003
"chr21",17425001,17430000,"*",0.0949069511594477,0.434036652969507,-4.05826452718493
"chr21",17430001,17435000,"*",0.0418314329810469,0.308254689577317,-7.01628171147293
"chr21",17435001,17440000,"*",0.639077978796354,0.878769811664989,2.23577235772359
"chr21",17440001,17445000,"*",0.201108245656804,0.59129693306873,6.95349847892222
"chr21",17445001,17450000,"*",0.0183019407890027,0.209550137158279,7.38082616319373
"chr21",17450001,17455000,"*",0.606828533636189,0.866308632740596,2.13793103448277
"chr21",17455001,17460000,"*",0.941631079251817,0.990523191252473,-0.214373213556551
"chr21",17460001,17465000,"*",0.0138925986823963,0.185369145404233,-8.74533920875502
"chr21",17465001,17470000,"*",0.559574198229335,0.841036444937441,1.92052980132451
"chr21",17470001,17475000,"*",0.214110566039333,0.606201079040078,3.49094521970826
"chr21",17475001,17480000,"*",0.876508047133728,0.969507325103692,-0.500667556742329
"chr21",17480001,17485000,"*",0.919139557126664,0.985443203690781,0.384351407000683
"chr21",17485001,17490000,"*",0.30983778299952,0.68711659762985,-3.41463414634147
"chr21",17490001,17495000,"*",0.178163641723452,0.560649239622143,6.17535578917258
"chr21",17495001,17500000,"*",0.306439303054241,0.684764240454963,4.55011973999316
"chr21",17500001,17505000,"*",0.0477360064669284,0.329964799093914,-8.07826086956522
"chr21",17505001,17510000,"*",0.929192763074607,0.988314077241041,-0.174033770373194
"chr21",17510001,17515000,"*",0.0569648688001222,0.349185225229262,-6.88483701728735
"chr21",17520001,17525000,"*",0.959267340631577,0.994932045535555,-0.144927536231887
"chr21",17525001,17530000,"*",0.953243769002291,0.99426621518398,0.207768744354109
"chr21",17530001,17535000,"*",0.12675732988969,0.487454513118457,-4.21965317919075
"chr21",17535001,17540000,"*",0.079520988207963,0.407042440779387,-6.16016938597584
"chr21",17540001,17545000,"*",0.689195576377558,0.899201468470827,-1.23559907834101
"chr21",17545001,17550000,"*",0.503940842042302,0.815164316511133,-2.13363633494302
"chr21",17550001,17555000,"*",0.186159490517984,0.572122650065984,5.36614382768228
"chr21",17555001,17560000,"*",0.315902852731195,0.689294204956338,-5.03496503496503
"chr21",17560001,17565000,"*",0.439926290706645,0.77609274352314,2.19762062128223
"chr21",17565001,17570000,"*",0.137923891389806,0.501346926820236,4.99999999999999
"chr21",17570001,17575000,"*",0.247296427165455,0.63149069486856,4.53211325966851
"chr21",17575001,17580000,"*",0.83071666076144,0.953303644327933,-0.850104094378901
"chr21",17580001,17585000,"*",0.149018304088029,0.520416630769421,-4.57404230989137
"chr21",17585001,17590000,"*",0.835229727388516,0.955701718644841,-0.860012554927814
"chr21",17590001,17595000,"*",0.689167804578883,0.899201468470827,-1.64056674123788
"chr21",17595001,17600000,"*",0.0105818310516842,0.162249562573371,8.2579867389994
"chr21",17600001,17605000,"*",0.313585100853814,0.689286000460818,2.26325864204482
"chr21",17745001,17750000,"*",0.923645042935913,0.987264970792815,0.38318292508237
"chr21",17750001,17755000,"*",0.428207491808455,0.770685782747936,4.07148120854828
"chr21",17755001,17760000,"*",0.00225654242629701,0.0729270693712763,-9.93475873651573
"chr21",17760001,17765000,"*",0.154641980461203,0.527612036185705,-6.83679299181108
"chr21",17765001,17770000,"*",0.201876800176404,0.59152066410478,-3.31485429992893
"chr21",17770001,17775000,"*",0.736569168100754,0.916806097296419,-1.14827201783724
"chr21",17775001,17780000,"*",0.805760276336134,0.944905504686022,1.38327178946135
"chr21",17780001,17785000,"*",0.398169945393042,0.750429243318437,-5.45454545454545
"chr21",17785001,17790000,"*",0.788969195745349,0.936729748353468,-1.66363084395871
"chr21",17790001,17795000,"*",0.414813419293316,0.760958680672207,-4.94280164040578
"chr21",17795001,17800000,"*",0.312672618039496,0.6888301597473,-6.67293233082708
"chr21",17800001,17805000,"*",0.136779598758067,0.499801851562113,-3.94472793991171
"chr21",17805001,17810000,"*",0.569310156356678,0.846346995240487,-1.41636141636141
"chr21",17810001,17815000,"*",0.244876416440635,0.630306429305182,-4.15263748597082
"chr21",17815001,17820000,"*",0.000281544330733377,0.0250538815829827,18.411312849162
"chr21",17820001,17825000,"*",0.65994172045246,0.887055357140765,1.90604026845638
"chr21",17825001,17830000,"*",0.431635248068802,0.774106644920255,-4.10814606741573
"chr21",17830001,17835000,"*",0.338326477889719,0.705705969120465,-2.70011947431302
"chr21",17835001,17840000,"*",0.602785374872414,0.864343315999756,2.69230769230769
"chr21",17840001,17845000,"*",0.418952414506581,0.763607849100666,2.29026636793627
"chr21",17845001,17850000,"*",0.309793796648479,0.68711659762985,3.69047619047619
"chr21",17850001,17855000,"*",0.838523407070919,0.956224600353471,-0.923944757829209
"chr21",17855001,17860000,"*",0.0442419528239976,0.318017309154093,-6.84621389539423
"chr21",17860001,17865000,"*",0.691815654324747,0.899399912895633,-1.66697709070591
"chr21",17865001,17870000,"*",0.445121528150334,0.780667357961723,-3.09278350515464
"chr21",17870001,17875000,"*",0.240554334722824,0.62944339640872,-4.24953255141934
"chr21",17875001,17880000,"*",0.187631048840979,0.572176673166248,-4.62691430433366
"chr21",17880001,17885000,"*",0.652900436614827,0.884198614356485,-1.11596870685687
"chr21",17885001,17890000,"*",0.234987688060908,0.625806603526289,-6.25
"chr21",17890001,17895000,"*",0.226728766480268,0.616835614688965,-3.13157468846091
"chr21",17895001,17900000,"*",0.707825412053535,0.905128025943939,-1.20751341681574
"chr21",17900001,17905000,"*",0.562919419790828,0.842521507585592,2.33058286516854
"chr21",17905001,17910000,"*",0.0753869407132837,0.399977504312743,-6.37626262626263
"chr21",17910001,17915000,"*",0.241338548569432,0.62944339640872,-3.28097731239093
"chr21",17915001,17920000,"*",0.64915467168136,0.882870447266388,-2.05323811069632
"chr21",17920001,17925000,"*",0.968790175476197,0.997143855920606,0.186954715413368
"chr21",17925001,17930000,"*",0.00554013866117984,0.116608307748785,19.0778483127297
"chr21",17930001,17935000,"*",0.21500742593376,0.6070289977166,-4.31618748662339
"chr21",17935001,17940000,"*",0.504669381785248,0.815323471398855,-2.37979009030999
"chr21",17940001,17945000,"*",0.357573409769257,0.718812972894424,-4.52809601745773
"chr21",17945001,17950000,"*",0.0179252105264209,0.207820018278348,-11.0792192881745
"chr21",17950001,17955000,"*",0.0277652051852456,0.246762822316405,-11.3622291021672
"chr21",17955001,17960000,"*",0.20089361527478,0.59129693306873,11.3461538461538
"chr21",17960001,17965000,"*",0.0560492250011887,0.348066647233362,-11.1111111111111
"chr21",17965001,17970000,"*",0.182539236575434,0.567308060621265,-6.06060606060607
"chr21",17970001,17975000,"*",0.30853928013197,0.686275446636762,-4.36042300449081
"chr21",17975001,17980000,"*",0.312696630603406,0.6888301597473,-2.56255044390638
"chr21",17980001,17985000,"*",0.0181957037604152,0.209115872159131,-11.5334397214566
"chr21",17985001,17990000,"*",0.0589726400677028,0.352232506096815,-9.73711518505708
"chr21",17990001,17995000,"*",0.889839345514276,0.974332691088251,0.60606060606061
"chr21",17995001,18000000,"*",0.633171813476878,0.876261995132442,-2.38831615120275
"chr21",18000001,18005000,"*",0.149749849184246,0.521417255951089,-6.01851851851852
"chr21",18005001,18010000,"*",0.778269844871169,0.933235688766624,1.05571612074502
"chr21",18010001,18015000,"*",0.363731818025703,0.722438833187857,-5.16791044776119
"chr21",18015001,18020000,"*",0.60307205975055,0.864343315999756,2.58751902587518
"chr21",18020001,18025000,"*",0.0120228818685026,0.173554126356413,-12.1256038647343
"chr21",18025001,18030000,"*",0.111310909832357,0.461404660244149,-5.21403508771929
"chr21",18030001,18035000,"*",0.427366442519828,0.770443006454811,-3.49186704384724
"chr21",18035001,18040000,"*",0.214397477761261,0.606769029251877,7.53246753246754
"chr21",18040001,18045000,"*",0.000156518889726546,0.0178301428803503,-21.5312768833723
"chr21",18045001,18050000,"*",0.797029804811854,0.940120726145525,-1.00388829975256
"chr21",18050001,18055000,"*",0.105490451470324,0.452469721681743,-8.26763695168788
"chr21",18055001,18060000,"*",0.426870347215219,0.770443006454811,4.31519699812383
"chr21",18060001,18065000,"*",0.169567222154028,0.550589681600729,6.25984251968503
"chr21",18065001,18070000,"*",0.378548207909398,0.735438222573364,3.94777265745008
"chr21",18070001,18075000,"*",0.570924182881736,0.846775232729497,-3.16742081447964
"chr21",18075001,18080000,"*",0.705662078359083,0.904534533262356,-1.67390748786097
"chr21",18080001,18085000,"*",0.23698416985954,0.628204643330531,-5.94165594165594
"chr21",18085001,18090000,"*",0.144209049186864,0.512331005280383,14.4736842105263
"chr21",18090001,18095000,"*",0.843118508450824,0.956224600353471,-1.73913043478261
"chr21",18095001,18100000,"*",0.238782160720338,0.628800559721356,6.92761218473632
"chr21",18100001,18105000,"*",0.646557423481956,0.881366013706569,-3.60866078588613
"chr21",18105001,18110000,"*",0.625574892206493,0.873444481193396,-2.37516869095816
"chr21",18110001,18115000,"*",0.13905881279922,0.503622472605227,7.00515883790388
"chr21",18115001,18120000,"*",0.838974708709939,0.956224600353471,-1.33333333333333
"chr21",18120001,18125000,"*",0.0579424713182376,0.350209918507837,7.5227890612506
"chr21",18125001,18130000,"*",0.00165983962516568,0.0641135855215095,9.97300944669366
"chr21",18130001,18135000,"*",0.722960505830694,0.91106679824216,2.11849610057037
"chr21",18135001,18140000,"*",0.0369519170965066,0.290266613306533,10.6971975393028
"chr21",18145001,18150000,"*",0.50331431088724,0.815164316511133,2.6832955404384
"chr21",18150001,18155000,"*",0.744075677729912,0.919568446293509,-1.37142172715294
"chr21",18155001,18160000,"*",0.903532979233193,0.97976813882606,-0.486180486180487
"chr21",18160001,18165000,"*",0.0634814806706405,0.36429659921395,12.6373626373626
"chr21",18165001,18170000,"*",0.243266543742128,0.62944339640872,4.72727272727272
"chr21",18170001,18175000,"*",0.0309463306876763,0.263062520839618,-13.1034482758621
"chr21",18175001,18180000,"*",0.361113869707914,0.720794183865037,-4.79477611940298
"chr21",18180001,18185000,"*",0.0571702212202463,0.349459868515284,-7.61839396019217
"chr21",18185001,18190000,"*",0.851692642854642,0.959673806105444,-0.699797160243409
"chr21",18190001,18195000,"*",0.107803654547578,0.455524350406149,-7.16599190283401
"chr21",18195001,18200000,"*",0.812283613801421,0.948091284247716,1.06484424666242
"chr21",18200001,18205000,"*",0.00178862760780356,0.0665293760997834,-14.9425287356322
"chr21",18205001,18210000,"*",0.353237599304094,0.714793127756987,-6.26808100289296
"chr21",18210001,18215000,"*",0.156917292533582,0.528999313892791,-5.21147301895964
"chr21",18215001,18220000,"*",0.773688813017782,0.932147405845657,-1.25858123569793
"chr21",18220001,18225000,"*",0.639504387691678,0.878769811664989,-2.24455174213755
"chr21",18225001,18230000,"*",0.790789479475192,0.936846990345568,-1.17666021921341
"chr21",18230001,18235000,"*",0.328341314495243,0.695462320247531,3.10169491525424
"chr21",18235001,18240000,"*",0.138171660940722,0.501636215303717,9.37031484257871
"chr21",18240001,18245000,"*",0.238184284252788,0.628614719932245,-6.41343462614954
"chr21",18245001,18250000,"*",0.033816211465171,0.27578650417651,-10.9649122807017
"chr21",18250001,18255000,"*",0.437740113256384,0.77609274352314,3.5539324841899
"chr21",18255001,18260000,"*",0.0451210753782484,0.320230876534516,-8.1371969248965
"chr21",18260001,18265000,"*",0.557590135123344,0.840281825002087,2.01676646706587
"chr21",18265001,18270000,"*",0.137077609672554,0.499801851562113,6.03408029878618
"chr21",18270001,18275000,"*",0.859174064242397,0.963167573372877,0.606606606606608
"chr21",18275001,18280000,"*",0.802077244111862,0.942437410347049,0.83333333333333
"chr21",18280001,18285000,"*",0.899261896543847,0.978274976487139,0.422932330827075
"chr21",18285001,18290000,"*",0.363984702383416,0.722624246753858,4.43560271146478
"chr21",18290001,18295000,"*",0.885634903694245,0.973118689116996,0.882612533097971
"chr21",18295001,18300000,"*",0.534137428931107,0.83104310522117,-3.20493722068526
"chr21",18300001,18305000,"*",0.268190433685764,0.647933243000105,-5.1627159501808
"chr21",18305001,18310000,"*",0.443855488421393,0.780271088672766,-3.37526205450733
"chr21",18310001,18315000,"*",0.278771267435993,0.657638258414441,5.07246376811594
"chr21",18315001,18320000,"*",0.533934311171548,0.83104310522117,-2.48357963875205
"chr21",18320001,18325000,"*",0.00148507758079167,0.0617757123844109,-14.3045484508899
"chr21",18325001,18330000,"*",0.670776653785311,0.89225352433505,1.83933713345478
"chr21",18330001,18335000,"*",0.0120753347085939,0.173607385043095,-12.0041862899006
"chr21",18335001,18340000,"*",0.718000242955358,0.90963087186451,2.27272727272727
"chr21",18340001,18345000,"*",0.711636585347426,0.906867173823042,1.88976377952755
"chr21",18345001,18350000,"*",0.0421982163428886,0.309349359390525,8.23478689332349
"chr21",18350001,18355000,"*",0.85571948318066,0.961436465839865,-1.0989010989011
"chr21",18355001,18360000,"*",0.0369555553911376,0.290266613306533,-9.99119718309859
"chr21",18360001,18365000,"*",0.119713157108762,0.476338616790135,9.88372093023255
"chr21",18365001,18370000,"*",0.270067849399162,0.649853271060081,5.10471204188482
"chr21",18370001,18375000,"*",0.25432443516121,0.638718741139954,-6.22726611377855
"chr21",18375001,18380000,"*",0.485811155186754,0.808343768275238,3.45696432170933
"chr21",18380001,18385000,"*",0.0164710704335877,0.199640733014003,-12.2917965618598
"chr21",18385001,18390000,"*",0.250969101007866,0.635559358820352,-7.375
"chr21",18390001,18395000,"*",0.106132993972397,0.453334394136548,-9.43683409436834
"chr21",18395001,18400000,"*",0.344696877313425,0.710247815711245,-4.02064483242003
"chr21",18400001,18405000,"*",0.280618624006697,0.659725692894213,4.65367965367965
"chr21",18405001,18410000,"*",0.714241150102526,0.908141668515239,1.40916808149405
"chr21",18410001,18415000,"*",0.891692268163794,0.974780269791788,-0.694444444444442
"chr21",18415001,18420000,"*",0.222060620547206,0.614117294432282,-5.65719788155994
"chr21",18420001,18425000,"*",0.273425024837554,0.654467144512166,5.1896136974671
"chr21",18430001,18435000,"*",0.333775183406395,0.7010575259477,-6.66666666666668
"chr21",18435001,18440000,"*",0.516773405474857,0.821183779495535,3.96213183730716
"chr21",18440001,18445000,"*",0.0157139942438521,0.195445355317751,-9.42798922931374
"chr21",18445001,18450000,"*",0.407216833962587,0.757136826965613,-6.0035445281347
"chr21",18450001,18455000,"*",0.0324382376930284,0.271794281853629,11.559934318555
"chr21",18455001,18460000,"*",0.146157603883492,0.514515751277392,-6.8868108318722
"chr21",18460001,18465000,"*",0.0866974543897319,0.418888731518773,-10.2240896358543
"chr21",18465001,18470000,"*",0.39381093157232,0.748443051893326,-5.80065359477123
"chr21",18470001,18475000,"*",0.306794232890033,0.684779811686666,-5.48089591567853
"chr21",18475001,18480000,"*",0.929862650485738,0.98849757037876,0.416666666666665
"chr21",18480001,18485000,"*",0.343035749850611,0.710101258669394,-4.18439716312057
"chr21",18485001,18490000,"*",0.625515802586181,0.873444481193396,1.90397350993378
"chr21",18490001,18495000,"*",0.0201805159736871,0.215788371147592,-6.6737790422001
"chr21",18495001,18500000,"*",0.606689102644793,0.866308632740596,-3.2747436702239
"chr21",18500001,18505000,"*",0.029913520643351,0.259440689414719,15.5486907914092
"chr21",18505001,18510000,"*",0.903715487409703,0.979814910007744,-0.793650793650791
"chr21",18510001,18515000,"*",0.00101819721102601,0.0494046049254597,-21.4111261872456
"chr21",18515001,18520000,"*",0.0796490509111452,0.407042440779387,-8.41084504254899
"chr21",18520001,18525000,"*",0.224852954029783,0.615154173101253,-7.32360097323601
"chr21",18525001,18530000,"*",0.0541055887062596,0.344756826005419,-9.16860916860917
"chr21",18530001,18535000,"*",0.817996273855996,0.949594159121394,-1.07303565247491
"chr21",18535001,18540000,"*",0.192690062743434,0.578475884793758,5.88978954413625
"chr21",18540001,18545000,"*",0.0345766236281402,0.277598535007036,11.7896288109054
"chr21",18545001,18550000,"*",0.502346931425465,0.815164316511133,4.7536231884058
"chr21",18550001,18555000,"*",0.00211448942943527,0.0711237353537318,-12.764149941595
"chr21",18555001,18560000,"*",0.878568738472271,0.969551404165511,-0.810810810810814
"chr21",18560001,18565000,"*",0.225490489804328,0.615154173101253,7.14285714285714
"chr21",18565001,18570000,"*",0.00353650120338583,0.0910681445414007,-12.4925462134764
"chr21",18570001,18575000,"*",0.654939755792765,0.884917640442656,-2.10772833723653
"chr21",18575001,18580000,"*",0.129534172042663,0.490423938318804,-8.28209764918625
"chr21",18580001,18585000,"*",0.573376697736923,0.848584192727493,-3.22580645161291
"chr21",18585001,18590000,"*",0.1367949237039,0.499801851562113,-6.22376610218556
"chr21",18590001,18595000,"*",0.818406910253627,0.949719474922911,-1.11111111111111
"chr21",18595001,18600000,"*",0.817825956787619,0.949594159121394,1.60513643659711
"chr21",18600001,18605000,"*",0.966382134362014,0.996869611821711,0.367647058823528
"chr21",18605001,18610000,"*",0.191163741243954,0.575784533395456,-8.64745011086475
"chr21",18610001,18615000,"*",0.000859740322891938,0.0464921113071564,21.1818181818182
"chr21",18615001,18620000,"*",0.0863983289317681,0.4185075058746,-9.14786967418546
"chr21",18620001,18625000,"*",0.0514569102567257,0.339204220272905,-11.7292049330884
"chr21",18625001,18630000,"*",0.598057635987381,0.861018439738576,-3.22420634920635
"chr21",18630001,18635000,"*",0.975667910027031,0.999409209892179,0.274725274725274
"chr21",18635001,18640000,"*",0.117611754573138,0.47111717074026,10.1048376910446
"chr21",18640001,18645000,"*",0.804394965683198,0.943855171454647,1.75838489091501
"chr21",18645001,18650000,"*",0.344064127001288,0.710236295437712,5.35714285714286
"chr21",18650001,18655000,"*",0.722345404813908,0.910834948033418,2.59412718429112
"chr21",18655001,18660000,"*",0.544564930539848,0.834965672916922,-3.63984674329502
"chr21",18660001,18665000,"*",0.744354233522296,0.919568446293509,-2.13675213675213
"chr21",18665001,18670000,"*",0.701449760937607,0.902580695006901,1.61290322580645
"chr21",18670001,18675000,"*",0.0236924613259157,0.228317318919818,-13.382269904009
"chr21",18675001,18680000,"*",0.263904613821205,0.64397446128717,-6.3789494667597
"chr21",18680001,18685000,"*",0.0920985886463429,0.430024118503174,8.62222222222222
"chr21",18685001,18690000,"*",0.934812054604572,0.989266186235458,-0.386690647482013
"chr21",18690001,18695000,"*",0.152045307692883,0.524477827101981,-8.11170212765957
"chr21",18695001,18700000,"*",0.344435650635957,0.710247815711245,11.1801242236025
"chr21",18700001,18705000,"*",0.7222986398462,0.910834948033418,-2.234382124943
"chr21",18705001,18710000,"*",0.615624991825763,0.870212926100962,-3.60040567951319
"chr21",18710001,18715000,"*",0.118467522077245,0.473735312971007,-12.2015915119363
"chr21",18715001,18720000,"*",0.278168185575814,0.657441779044399,7.6923076923077
"chr21",18720001,18725000,"*",0.440070014428065,0.77609274352314,-4.54788657035848
"chr21",18725001,18730000,"*",0.468520387385788,0.79622688891286,-5.67226890756303
"chr21",18730001,18735000,"*",0.347901372756385,0.713063741720566,5.82585419618957
"chr21",18735001,18740000,"*",0.903289962275941,0.979655728910809,-0.738955823293175
"chr21",18740001,18745000,"*",0.922298996362768,0.987201425524325,-0.716783216783212
"chr21",18745001,18750000,"*",0.566935270427981,0.84529267255752,-3.04651162790698
"chr21",18750001,18755000,"*",0.932830430044616,0.989266186235458,-0.27713016319888
"chr21",18755001,18760000,"*",0.145596508192788,0.513827034435391,-5.57420282905778
"chr21",18760001,18765000,"*",0.76200079509754,0.927881717605066,1.24378109452736
"chr21",18765001,18770000,"*",0.877062651611262,0.969507325103692,0.900900900900903
"chr21",18770001,18775000,"*",0.305964459030223,0.684355757869063,8.33333333333334
"chr21",18775001,18780000,"*",0.635040842221938,0.876563345929752,-3.41591591591591
"chr21",18780001,18785000,"*",0.110204504238928,0.460331351633789,-9.12827781715095
"chr21",18785001,18790000,"*",0.174668231387424,0.557573109411106,-9.12698412698413
"chr21",18790001,18795000,"*",0.14605869813201,0.514515751277392,6.84796854521625
"chr21",18795001,18800000,"*",0.973756721935294,0.99861557333408,0.257189618891751
"chr21",18800001,18805000,"*",0.340230430407431,0.707639031291196,-4.35591958302308
"chr21",18805001,18810000,"*",0.150518246242999,0.522539886957176,8.68544600938968
"chr21",18810001,18815000,"*",0.37279702299371,0.729467190383315,5.01904761904761
"chr21",18815001,18820000,"*",0.382927401360661,0.738948202582677,4.64551172098341
"chr21",18820001,18825000,"*",0.315362257736666,0.689294204956338,5.43093270365997
"chr21",18825001,18830000,"*",0.362790550288569,0.721884395281245,-4.26587301587301
"chr21",18830001,18835000,"*",0.60910978883196,0.866985587262336,-3.37777777777778
"chr21",18835001,18840000,"*",0.201845968457588,0.59152066410478,-8.69932432432432
"chr21",18840001,18845000,"*",0.494328058720012,0.812514446396867,-5.54699537750386
"chr21",18845001,18850000,"*",0.795781318256665,0.939639636514375,-1.79434092477572
"chr21",18850001,18855000,"*",0.446374633937581,0.780935074181838,6.95187165775402
"chr21",18855001,18860000,"*",0.182012735759746,0.566913950720184,-6.76629306766293
"chr21",18860001,18865000,"*",0.801513104182964,0.942100991887933,-1.89098998887653
"chr21",18865001,18870000,"*",0.267818928516309,0.647609606513198,6.44048303622772
"chr21",18870001,18875000,"*",0.363494421898645,0.722438833187857,-9.00900900900902
"chr21",18875001,18880000,"*",0.0600165865707261,0.355242341720769,8.52004110996917
"chr21",18880001,18885000,"*",0.377632993837713,0.73457663162123,-5.31948051948052
"chr21",18885001,18890000,"*",0.816238507609395,0.94956950144767,-1.66666666666667
"chr21",18890001,18895000,"*",0.656224153662517,0.88549439157274,2.13058419243987
"chr21",18895001,18900000,"*",0.496062113182918,0.813391173918986,4.86744893524554
"chr21",18900001,18905000,"*",0.326686323168648,0.695136369030856,5.42857142857143
"chr21",18905001,18910000,"*",0.258506774602973,0.641326175798401,5.04775452143874
"chr21",18910001,18915000,"*",0.0799484646439025,0.407569040207857,11.5789473684211
"chr21",18915001,18920000,"*",0.385996091426494,0.741660502568503,3.84841363102233
"chr21",18920001,18925000,"*",0.593089119047595,0.858788157961811,-2.94117647058824
"chr21",18925001,18930000,"*",0.433294069618439,0.775078195780566,-4.03952339436211
"chr21",18930001,18935000,"*",0.000167395367013246,0.0178301428803503,21.2068965517241
"chr21",18935001,18940000,"*",0.720828390539798,0.910834948033418,1.98949546395034
"chr21",18940001,18945000,"*",0.160377136700995,0.534844056455406,-6.11608881963381
"chr21",18945001,18950000,"*",0.173188286099589,0.555828362498074,-6.3903743315508
"chr21",18950001,18955000,"*",0.349019165048359,0.713222856198645,-4.3631100082713
"chr21",18955001,18960000,"*",0.753527732471867,0.924404612519601,2.28230337078652
"chr21",18960001,18965000,"*",0.79543855471123,0.939639636514375,-1.47058823529411
"chr21",18965001,18970000,"*",0.780865354058378,0.934539230342253,1.20021822149482
"chr21",18970001,18975000,"*",0.184577637023032,0.569114380821015,-7.83783783783784
"chr21",18975001,18980000,"*",0.596494474339447,0.861018439738576,3.36206896551724
"chr21",18980001,18985000,"*",0.246943923992295,0.63149069486856,-7.22077922077923
"chr21",18985001,18990000,"*",0.439474362495344,0.77609274352314,-3.10622446527278
"chr21",18990001,18995000,"*",0.57768643222046,0.851135329764939,-2.79083431257344
"chr21",18995001,19000000,"*",0.532135591199481,0.82965473633452,-3.58009708737864
"chr21",19000001,19005000,"*",0.714106350101268,0.908134522650491,-2.66666666666667
"chr21",19005001,19010000,"*",0.0619248656442675,0.360672581175808,-12.3333333333333
"chr21",19010001,19015000,"*",0.425298987919494,0.769390603467329,-3.66666666666666
"chr21",19015001,19020000,"*",0.0993507779776232,0.443451409004883,15.954415954416
"chr21",19020001,19025000,"*",0.639616215319525,0.878769811664989,2.19119906026927
"chr21",19025001,19030000,"*",0.645324400312682,0.880638935886507,2.10911136107986
"chr21",19030001,19035000,"*",0.360180240175364,0.720794183865037,5.35353535353535
"chr21",19035001,19040000,"*",0.148361262383681,0.518895360476258,-5.44377375363291
"chr21",19040001,19045000,"*",0.460962653401365,0.791798562981703,-4.99999999999999
"chr21",19045001,19050000,"*",0.612549610130272,0.868116690840315,3.41889333052808
"chr21",19050001,19055000,"*",0.789761392341799,0.936729748353468,1.58159597411933
"chr21",19055001,19060000,"*",0.94652034571644,0.992146359338465,-0.438596491228072
"chr21",19060001,19065000,"*",0.77775337944633,0.933235688766624,2
"chr21",19065001,19070000,"*",0.274025553535447,0.654957343044636,-7.52979414951246
"chr21",19070001,19075000,"*",0.242784857309582,0.62944339640872,9.09090909090908
"chr21",19075001,19080000,"*",0.361382801023338,0.720794183865037,5.3968253968254
"chr21",19080001,19085000,"*",0.6428020977257,0.880185333219649,-2.37373737373737
"chr21",19085001,19090000,"*",0.318967123368483,0.690279077655977,-5.80645161290323
"chr21",19090001,19095000,"*",0.608437875963837,0.866985587262336,-2.64873949579832
"chr21",19095001,19100000,"*",0.41883242287475,0.763587119504536,4.572940287226
"chr21",19100001,19105000,"*",0.00161535454045504,0.0635581672652415,13.4235128650616
"chr21",19105001,19110000,"*",0.0511036075974888,0.338814111248316,-9.80645161290322
"chr21",19110001,19115000,"*",0.0121006569944689,0.173607385043095,-15.1455546813533
"chr21",19115001,19120000,"*",0.961343108684676,0.995102322258115,0.360576923076927
"chr21",19120001,19125000,"*",0.0201941957705591,0.215788371147592,8.89470241988227
"chr21",19125001,19130000,"*",0.100816517771106,0.445188517544522,6.49486995943689
"chr21",19130001,19135000,"*",0.0572666055240354,0.34946548336282,14.4427001569859
"chr21",19135001,19140000,"*",0.34180292111967,0.708437412252002,-5.65134099616859
"chr21",19140001,19145000,"*",0.673630494963943,0.89368227582497,3.06001188354129
"chr21",19145001,19150000,"*",0.514392470081184,0.821139902545839,-3.10391363022942
"chr21",19150001,19155000,"*",0.432940207800086,0.774642316323391,-5.05015565548254
"chr21",19155001,19160000,"*",0.625614941319785,0.873444481193396,2.29895585272029
"chr21",19160001,19165000,"*",0.863610210564437,0.964963826796014,0.93735054997609
"chr21",19165001,19170000,"*",0.0576887288278441,0.349915240431185,12.6638477801268
"chr21",19170001,19175000,"*",0.842390235277391,0.956224600353471,-0.893743793445878
"chr21",19175001,19180000,"*",0.0290104302039555,0.253345744514046,14.3490361818369
"chr21",19180001,19185000,"*",0.200812114641137,0.59129693306873,5.91796392389424
"chr21",19185001,19190000,"*",0.253127974491723,0.637441673034916,8.91666666666666
"chr21",19190001,19195000,"*",0.87672075520085,0.969507325103692,-0.861553188943398
"chr21",19195001,19200000,"*",0.051754599737033,0.339292280957413,-11.2605042016807
"chr21",19200001,19205000,"*",0.58201066888613,0.853826169087958,-2.5
"chr21",19205001,19210000,"*",0.0894085632595148,0.425841598722486,-9.96240601503759
"chr21",19210001,19215000,"*",0.0318945118348442,0.267883414813566,-9.1706247716478
"chr21",19215001,19220000,"*",0.0332715280248016,0.27433095491901,10.0995886555531
"chr21",19220001,19225000,"*",0.0829732602893167,0.413396186983626,8.80284824210058
"chr21",19225001,19230000,"*",0.323782549495669,0.693537880242095,-5.42452830188679
"chr21",19230001,19235000,"*",0.744418780633906,0.919568446293509,1.47270114942528
"chr21",19235001,19240000,"*",0.509639146270271,0.819166093644828,3.47826086956522
"chr21",19240001,19245000,"*",0.539016334342864,0.832078355386548,3.21013361096651
"chr21",19245001,19250000,"*",0.23060793208354,0.620426239015418,4.56735805573014
"chr21",19250001,19255000,"*",0.377542305210229,0.73457663162123,5.10822510822511
"chr21",19255001,19260000,"*",0.36927115601507,0.727346661600498,4.91039426523298
"chr21",19260001,19265000,"*",0.455285185827151,0.786974353777937,-3.07453416149068
"chr21",19265001,19270000,"*",0.2028574160758,0.592475128796374,8.51648351648352
"chr21",19270001,19275000,"*",0.211551886119268,0.601865544078695,-6.98969939037207
"chr21",19275001,19280000,"*",0.628767975230243,0.874401100932692,-2.70833333333333
"chr21",19280001,19285000,"*",0.871195121389997,0.967947913537752,0.584022038567489
"chr21",19285001,19290000,"*",0.527669611643335,0.826541303443103,-2.36383442265796
"chr21",19290001,19295000,"*",0.70864074629459,0.9054953376099,1.68756027000964
"chr21",19295001,19300000,"*",0.658609293680641,0.885959306271509,2.40046838407495
"chr21",19300001,19305000,"*",0.7671890651063,0.930849003744786,2.23429951690821
"chr21",19305001,19310000,"*",0.68441203712037,0.89731413878381,1.92307692307693
"chr21",19310001,19315000,"*",0.787739989704635,0.936231974238983,-1.70496664195701
"chr21",19315001,19320000,"*",0.798147387714803,0.940649813182744,1.5909090909091
"chr21",19320001,19325000,"*",0.664222733807791,0.888092665939732,-2.95505117935025
"chr21",19325001,19330000,"*",0.0196523935789727,0.2144246097281,-7.00000000000001
"chr21",19330001,19335000,"*",0.441019285730337,0.777228773799015,3.80094043887148
"chr21",19335001,19340000,"*",0.694972355464012,0.899803895447492,-1.94825934206324
"chr21",19340001,19345000,"*",0.129638897292579,0.490423938318804,7.51748251748252
"chr21",19345001,19350000,"*",0.55501855207002,0.839282382070339,-3.37810879106264
"chr21",19350001,19355000,"*",0.680592867823305,0.896154309945277,2.18365061590146
"chr21",19355001,19360000,"*",0.671970520929463,0.892322017781286,-2.37047898338221
"chr21",19360001,19365000,"*",0.890969773225633,0.974780269791788,1.02343118771883
"chr21",19365001,19370000,"*",0.197373582328166,0.585705480695233,-7.2829131652661
"chr21",19370001,19375000,"*",0.241676169795017,0.62944339640872,7.77777777777778
"chr21",19375001,19380000,"*",0.327297493811114,0.695136369030856,-3.89647735442128
"chr21",19380001,19385000,"*",0.63282126455258,0.876261995132442,-2.46583481877599
"chr21",19385001,19390000,"*",0.91537108670689,0.983502787643196,-0.528052805280532
"chr21",19390001,19395000,"*",0.135610498817577,0.49849668755844,8.24045695179716
"chr21",19395001,19400000,"*",0.2858739019092,0.664990098743899,-5.9863523573201
"chr21",19400001,19405000,"*",0.000147694096813775,0.017304825010014,-23.0604601391118
"chr21",19405001,19410000,"*",0.955089580531638,0.99426621518398,-0.250626566416046
"chr21",19410001,19415000,"*",0.261857268259821,0.64397446128717,-4.84351713859911
"chr21",19415001,19420000,"*",0.349747440567024,0.713222856198645,-5.75169511339725
"chr21",19420001,19425000,"*",0.0593599667479585,0.353519283475954,-9.59254709254709
"chr21",19425001,19430000,"*",0.163667617652019,0.53978931947694,-7.09397306645081
"chr21",19430001,19435000,"*",0.73909857100898,0.91785099194237,1.86602870813397
"chr21",19435001,19440000,"*",0.000635399062328099,0.0391829421768994,21.2899050905953
"chr21",19440001,19445000,"*",0.0129635357689927,0.179044511701411,-17.2850678733032
"chr21",19445001,19450000,"*",0.0271761234810113,0.243569070847289,-9.74603174603175
"chr21",19450001,19455000,"*",0.0675503993999895,0.377487526058765,-10.317248733671
"chr21",19455001,19460000,"*",0.297137918039024,0.676231649017268,-3.57894736842106
"chr21",19460001,19465000,"*",0.774761868129586,0.932376160683282,1.34032634032634
"chr21",19465001,19470000,"*",0.797435136973215,0.940283296363922,-0.872093023255816
"chr21",19470001,19475000,"*",0.595950471300081,0.86064406103986,3.25704225352113
"chr21",19475001,19480000,"*",0.699202805250911,0.901577629139273,-2.63736263736264
"chr21",19480001,19485000,"*",0.829687949169584,0.953101351324977,1.16081101996596
"chr21",19485001,19490000,"*",0.972396952586506,0.99809469655178,-0.203628285820068
"chr21",19490001,19495000,"*",0.00300144794024677,0.0837308691267254,16.4994026284349
"chr21",19495001,19500000,"*",0.157732758881722,0.530301910539698,-6.8047619047619
"chr21",19500001,19505000,"*",0.12634860698797,0.486968589432802,-7.00035945363048
"chr21",19505001,19510000,"*",0.142745369645001,0.509195339537355,7.28395061728395
"chr21",19510001,19515000,"*",0.397078931030915,0.750221917598643,-4.46650124069479
"chr21",19515001,19520000,"*",0.155084435923894,0.527612036185705,-6.83098591549296
"chr21",19520001,19525000,"*",0.37899971580917,0.735809997828906,-6.91434468524251
"chr21",19525001,19530000,"*",0.00521827841310719,0.112875376135826,-15.938179183772
"chr21",19530001,19535000,"*",0.967027795301387,0.996950491416447,-0.175592625109744
"chr21",19535001,19540000,"*",0.0629068680561195,0.363398170328593,-9.35420743639922
"chr21",19540001,19545000,"*",0.511621005936077,0.819853127816417,3.28438674895367
"chr21",19545001,19550000,"*",0.0730798460151891,0.39493532324247,-13.6327185244587
"chr21",19550001,19555000,"*",0.140758256899671,0.505636456824062,9.26216640502354
"chr21",19555001,19560000,"*",0.940427965942314,0.989912530272558,0.396825396825407
"chr21",19560001,19565000,"*",0.43828504746122,0.77609274352314,3.56549432290224
"chr21",19565001,19570000,"*",0.0243083221287086,0.231554884234176,10.8165057067603
"chr21",19570001,19575000,"*",0.792984861598176,0.93818303214998,-1.25
"chr21",19575001,19580000,"*",0.68940029239812,0.899201468470827,-2.02367315769378
"chr21",19580001,19585000,"*",0.303074327286055,0.681163221307919,7.04607046070461
"chr21",19585001,19590000,"*",0.03452571025971,0.277598535007036,16.7994026879044
"chr21",19590001,19595000,"*",0.277120834245214,0.657441779044399,5.54688030416186
"chr21",19595001,19600000,"*",0.317830700695856,0.690086245272885,-4.29878430881063
"chr21",19600001,19605000,"*",0.0760623255250023,0.402043720632155,9.18400697243709
"chr21",19605001,19610000,"*",0.4903964884127,0.81011025090889,-3.67707590143241
"chr21",19610001,19615000,"*",0.248447778357029,0.633051062649479,-4.09214092140922
"chr21",19615001,19620000,"*",0.1543210593836,0.527612036185705,-10.3174603174603
"chr21",19620001,19625000,"*",0.475194110460579,0.800520111633271,-3.12061711079944
"chr21",19625001,19630000,"*",0.0233490687276304,0.226822473994101,-12.5097125097125
"chr21",19630001,19635000,"*",0.00659283912552418,0.126632948230697,-22.2527472527473
"chr21",19645001,19650000,"*",0.222899200869756,0.614261615881765,5.03334815473544
"chr21",19650001,19655000,"*",0.768882422535026,0.93101273346254,1.43799608287805
"chr21",19655001,19660000,"*",0.216943746174907,0.609801893486445,-12.2222222222222
"chr21",19660001,19665000,"*",0.772614263728908,0.932147405845657,-1.83985869885193
"chr21",19665001,19670000,"*",0.353216260397165,0.714793127756987,-4.73047304730473
"chr21",19670001,19675000,"*",0.513445578748893,0.820841859383821,2.83518812930578
"chr21",19675001,19680000,"*",0.695489726471127,0.899821822959066,1.72566371681416
"chr21",19680001,19685000,"*",0.395028142985767,0.74913618699486,-3.9409227169701
"chr21",19685001,19690000,"*",0.060276890451471,0.355492063652551,-10.231884057971
"chr21",19690001,19695000,"*",0.411004186046921,0.759205475935649,6.5625
"chr21",19695001,19700000,"*",0.71915242885123,0.910270359168913,-2.07317073170732
"chr21",19700001,19705000,"*",0.400043589375828,0.751873203181172,5.13850272886417
"chr21",19705001,19710000,"*",0.0875991917665621,0.421219095840583,12.2916666666667
"chr21",19710001,19715000,"*",0.357863931475084,0.718812972894424,-4.66666666666666
"chr21",19715001,19720000,"*",0.0240274379241691,0.230440502874364,10.9782608695652
"chr21",19720001,19725000,"*",0.86537406209085,0.965857527505896,0.704898446833935
"chr21",19725001,19730000,"*",0.500161164986246,0.813731309848024,-2.997002997003
"chr21",19730001,19735000,"*",0.509304948922256,0.818964036924913,-4.05982905982906
"chr21",19735001,19740000,"*",0.510140177638296,0.819477340790471,3.51681957186545
"chr21",19740001,19745000,"*",0.381950243459547,0.738479156083779,5.36585365853658
"chr21",19745001,19750000,"*",0.828717424352436,0.95297753031543,-0.931372549019616
"chr21",19750001,19755000,"*",0.587045825331449,0.856705996272856,2.97113752122241
"chr21",19755001,19760000,"*",0.826505903811114,0.951422384770285,-1.01500441306266
"chr21",19760001,19765000,"*",0.455304251132164,0.786974353777937,-3
"chr21",19765001,19770000,"*",0.196342316655553,0.5840564492407,6.1054579093432
"chr21",19770001,19775000,"*",0.735851743719427,0.916514768472463,1.64509169363539
"chr21",19775001,19780000,"*",0.590557934632047,0.857163370899742,-2.07544191919192
"chr21",19780001,19785000,"*",0.264363575211071,0.64397446128717,-6.59660107334527
"chr21",19785001,19790000,"*",0.217392180319783,0.610601963202491,-8.00829093649896
"chr21",19790001,19795000,"*",0.63310796486175,0.876261995132442,-2.13064199607513
"chr21",19795001,19800000,"*",0.361671677533918,0.720794183865037,3.93891116848871
"chr21",19805001,19810000,"*",0.542249500110583,0.834130572967314,4.87394957983194
"chr21",19810001,19815000,"*",0.272048911274965,0.653177543122611,7.02247191011236
"chr21",19815001,19820000,"*",0.691385364024981,0.899399912895633,1.9746646795827
"chr21",19820001,19825000,"*",0.500883497088532,0.814529489829373,3.12793469623637
"chr21",19825001,19830000,"*",0.734402556512169,0.915886104715371,-1.68645439827307
"chr21",19830001,19835000,"*",0.0477815313623904,0.329964799093914,17.0664667666167
"chr21",19835001,19840000,"*",0.739978117908563,0.9182076042396,2.1978021978022
"chr21",19840001,19845000,"*",0.0486036657155805,0.333803068279593,-9.23169861057719
"chr21",19845001,19850000,"*",0.599757416949724,0.862580736734157,1.86252771618625
"chr21",19850001,19855000,"*",0.769211153729265,0.93101273346254,-1.55045118949959
"chr21",19855001,19860000,"*",0.64260088849102,0.880086547066408,-2.28758169934641
"chr21",19860001,19865000,"*",0.817711095234115,0.949594159121394,1.03569567483064
"chr21",19865001,19870000,"*",0.0598121971745827,0.354835228807862,-5.88235294117647
"chr21",19870001,19875000,"*",0.387473060522105,0.742532728383469,-3.09865573023468
"chr21",19875001,19880000,"*",0.236408140036012,0.62738740069957,4.17639951671365
"chr21",19880001,19885000,"*",0.543916511513047,0.834965672916922,-3.51824274013403
"chr21",19885001,19890000,"*",0.785539237751896,0.935514287886809,-1.12640801001251
"chr21",19890001,19895000,"*",0.671746722229606,0.892322017781286,1.51098901098902
"chr21",19895001,19900000,"*",0.0617566832062056,0.360672581175808,8.63821138211383
"chr21",19900001,19905000,"*",0.524213422888863,0.824072576063232,2.76995305164319
"chr21",19905001,19910000,"*",0.608731805603553,0.866985587262336,-4.46808510638298
"chr21",19910001,19915000,"*",0.550154082563912,0.837501775752339,-2.49837345478204
"chr21",19915001,19920000,"*",0.0529500490179108,0.34213129098889,-12.1100164203612
"chr21",19925001,19930000,"*",0.221468322139667,0.613220004342589,5.43387567793074
"chr21",19930001,19935000,"*",0.0777567760781946,0.402990843781034,10.6439930719572
"chr21",19935001,19940000,"*",0.0748272243461576,0.398813788592485,7.97385620915033
"chr21",19940001,19945000,"*",0.757982989521398,0.925853723615138,1.73913043478261
"chr21",19945001,19950000,"*",0.407900602733102,0.758207624858199,4.46224256292905
"chr21",19950001,19955000,"*",0.829579291584008,0.953101351324977,1.10018726591761
"chr21",19955001,19960000,"*",0.239058633860383,0.628800559721356,12
"chr21",19960001,19965000,"*",0.0632199749136271,0.363398547541127,-14.2857142857143
"chr21",19965001,19970000,"*",0.319270274865378,0.690279077655977,-6.28646715603237
"chr21",19970001,19975000,"*",0.843463548619044,0.956224600353471,0.673157831470128
"chr21",19975001,19980000,"*",0.477859944380407,0.802521597944162,-6.54761904761905
"chr21",19980001,19985000,"*",0.192715579258461,0.578475884793758,-5.83717357910906
"chr21",19985001,19990000,"*",0.965928563357045,0.99684054615385,0.192020482184774
"chr21",19990001,19995000,"*",0.619215904942837,0.871489051401029,2.47568523430592
"chr21",19995001,20000000,"*",0.516687659629878,0.821183779495535,2.32142857142857
"chr21",20000001,20005000,"*",0.0156712585488859,0.195445355317751,-12.6448195961602
"chr21",20005001,20010000,"*",0.288446487557007,0.667479336133285,5.18119773142364
"chr21",20010001,20015000,"*",0.0229734100181826,0.226822473994101,-8.23716511030461
"chr21",20015001,20020000,"*",0.31689946155104,0.689689513613096,-3.91820067409904
"chr21",20020001,20025000,"*",0.665712742741228,0.888881401988763,2.11920529801324
"chr21",20025001,20030000,"*",0.190514184612273,0.575307009374691,-5.83647954446989
"chr21",20030001,20035000,"*",0.322773751345002,0.693324643484115,6.19607843137255
"chr21",20035001,20040000,"*",0.961169692747467,0.995102322258115,-0.211477458425458
"chr21",20040001,20045000,"*",0.0921700654687436,0.430024118503174,-8.5995085995086
"chr21",20045001,20050000,"*",0.631421405371261,0.875732679466869,2.33082706766917
"chr21",20050001,20055000,"*",0.724625228620502,0.91161692147497,-2.48366013071896
"chr21",20055001,20060000,"*",0.406475479567504,0.757136826965613,-3.94800192585459
"chr21",20060001,20065000,"*",0.593052048264672,0.858788157961811,2.87639710716634
"chr21",20065001,20070000,"*",0.0122766534512195,0.175653013389806,18.7100213219616
"chr21",20070001,20075000,"*",0.357974995462785,0.718812972894424,-7.53968253968254
"chr21",20075001,20080000,"*",0.0168220913090746,0.201217048878871,8.89464594127806
"chr21",20080001,20085000,"*",0.68708919755158,0.898351617905576,2.05173951828724
"chr21",20085001,20090000,"*",0.547011248258474,0.835321651713779,-2.97619047619048
"chr21",20090001,20095000,"*",0.553938480762044,0.839282382070339,2.29394505201387
"chr21",20095001,20100000,"*",0.271171031827658,0.651960449298371,-4.99177824759219
"chr21",20100001,20105000,"*",0.28931185623725,0.667922045451453,-4.03184005923731
"chr21",20105001,20110000,"*",0.000515787463131688,0.0338877183721099,20.8091024020227
"chr21",20110001,20115000,"*",0.834822976579374,0.955701718644841,1.33779264214047
"chr21",20115001,20120000,"*",0.0302306879867267,0.260124524536951,-11.1265785025355
"chr21",20120001,20125000,"*",0.526557279176129,0.825718865181393,-2.63500325309044
"chr21",20125001,20130000,"*",0.453840571908788,0.786121950204739,-2.79917822290704
"chr21",20130001,20135000,"*",0.887796004814732,0.973818991082473,0.565335623300411
"chr21",20135001,20140000,"*",0.653131891776023,0.884198614356485,-2.04656862745098
"chr21",20140001,20145000,"*",0.312514204005743,0.6888301597473,-4.7822113920195
"chr21",20145001,20150000,"*",0.945112451332177,0.991770117657212,-0.252100840336134
"chr21",20150001,20155000,"*",0.0194958344012591,0.21396174942324,-12.0430998756734
"chr21",20155001,20160000,"*",0.833348657475959,0.954855252524672,1.28205128205128
"chr21",20160001,20165000,"*",0.323698542720889,0.693537880242095,4.74898236092265
"chr21",20165001,20170000,"*",0.150596757148143,0.522554394250467,9.50704225352112
"chr21",20170001,20175000,"*",0.81350475120162,0.948965017551644,-0.835330366312903
"chr21",20175001,20180000,"*",0.754085769123917,0.924404612519601,-1.05555555555555
"chr21",20180001,20185000,"*",0.00972192132092514,0.156981276491413,-15.6347717323327
"chr21",20185001,20190000,"*",0.298640157188067,0.677676018409332,4.00193739783253
"chr21",20190001,20195000,"*",0.596781569158615,0.861018439738576,-3.31010452961673
"chr21",20195001,20200000,"*",0.618309165980299,0.871444344065783,3.43862455017994
"chr21",20200001,20205000,"*",0.635772613272526,0.876884730489672,2.91946859111039
"chr21",20205001,20210000,"*",0.172832601844893,0.555815732374014,-5.18563851489189
"chr21",20210001,20215000,"*",0.0634046409978245,0.364162276319205,7.33151183970856
"chr21",20215001,20220000,"*",0.68295146990488,0.89731413878381,1.98152363100816
"chr21",20220001,20225000,"*",0.928374212172265,0.988110630063743,-0.300480769230771
"chr21",20225001,20230000,"*",0.60727712778881,0.866308632740596,-1.65204678362574
"chr21",20230001,20235000,"*",0.611538590125706,0.868076486710367,2.70588235294118
"chr21",20235001,20240000,"*",0.711003011874484,0.906588551513816,2.13032581453634
"chr21",20240001,20245000,"*",0.00594522502793894,0.121601783991317,13.9640779155072
"chr21",20245001,20250000,"*",0.434033066208157,0.775582305993674,-4.20054200542005
"chr21",20250001,20255000,"*",0.00754275397800253,0.137039682261012,-9.31372549019608
"chr21",20255001,20260000,"*",0.286557594834577,0.665070944762984,-6.768525592055
"chr21",20260001,20265000,"*",0.0399705986366264,0.301276867778496,6.41711229946523
"chr21",20265001,20270000,"*",0.884628487868,0.9727730751935,0.681148748159055
"chr21",20270001,20275000,"*",0.642015310638624,0.879865478365485,1.85650474595198
"chr21",20275001,20280000,"*",0.351764547428112,0.714093204856952,5.06298449612403
"chr21",20280001,20285000,"*",0.142178144204339,0.508398959184387,-6.44629801256307
"chr21",20285001,20290000,"*",0.101698982357809,0.446692276044061,-6.94444444444444
"chr21",20290001,20295000,"*",0.97145780813347,0.997421993745917,-0.199115044247788
"chr21",20295001,20300000,"*",0.473170138389886,0.799612036750217,-3.35711858647638
"chr21",20300001,20305000,"*",0.127880348277493,0.488852011087968,-6.96009747182456
"chr21",20305001,20310000,"*",0.809784366182859,0.946746065901463,1.38248847926268
"chr21",20310001,20315000,"*",0.0505318614082844,0.337545558423733,-12.9268292682927
"chr21",20315001,20320000,"*",0.188697959734438,0.573022314009978,-6.49905123339658
"chr21",20320001,20325000,"*",0.828949405153871,0.952986805925055,1.07142857142857
"chr21",20325001,20330000,"*",0.203588639761219,0.592886552411503,5.12992082078734
"chr21",20330001,20335000,"*",0.739903028193334,0.9182076042396,-1.42156862745098
"chr21",20335001,20340000,"*",0.29239568627556,0.67086869272754,-6.05926581158779
"chr21",20340001,20345000,"*",0.269683807342113,0.649528731996803,-5.08603091280256
"chr21",20345001,20350000,"*",0.682787203713737,0.89731413878381,1.72699640784747
"chr21",20350001,20355000,"*",0.0139224621299338,0.185369145404233,-11.7903487429035
"chr21",20355001,20360000,"*",0.0459740430040145,0.324289773438591,-14.1831852358168
"chr21",20360001,20365000,"*",0.71715802277494,0.909229183608438,2.31048021745696
"chr21",20365001,20370000,"*",0.524368067114218,0.824072576063232,-3.2695374800638
"chr21",20370001,20375000,"*",0.0811018838525335,0.41076818694763,-8.28544472081654
"chr21",20375001,20380000,"*",0.597400289004357,0.861018439738576,4.369274136716
"chr21",20380001,20385000,"*",0.0166443509976897,0.200359225194792,-11.0350174441142
"chr21",20385001,20390000,"*",0.361549130811696,0.720794183865037,4.34978589136804
"chr21",20390001,20395000,"*",0.824170509270567,0.950898369614441,1.1464628510487
"chr21",20395001,20400000,"*",0.558030823355438,0.840281825002087,2.84687672747375
"chr21",20400001,20405000,"*",0.00809229563623188,0.141514523190821,12.3438517553727
"chr21",20405001,20410000,"*",0.0223017643189001,0.223137508356274,10.2233676975945
"chr21",20410001,20415000,"*",0.0361044572558283,0.286149193357918,-10.3776683087028
"chr21",20415001,20420000,"*",0.133209143544247,0.495481629161935,-7.73273273273274
"chr21",20420001,20425000,"*",0.24483758652969,0.630306429305182,-6.64491758241759
"chr21",20425001,20430000,"*",0.665210895280228,0.888548849291279,-1.79897672883313
"chr21",20430001,20435000,"*",0.0852024927782383,0.416604126258132,-7.11708099438653
"chr21",20435001,20440000,"*",0.0224507633050077,0.22387073196341,-11.8327605956472
"chr21",20440001,20445000,"*",0.023946906004542,0.229981897830506,8.39448720243422
"chr21",20445001,20450000,"*",0.519977227444996,0.822454668297301,-6.27450980392157
"chr21",20450001,20455000,"*",0.488147111178859,0.808788410032639,3.71212121212121
"chr21",20455001,20460000,"*",0.82972692320183,0.953101351324977,1.53846153846154
"chr21",20460001,20465000,"*",0.350204481088355,0.713222856198645,-5.47283702213279
"chr21",20465001,20470000,"*",0.722267363446531,0.910834948033418,1.85708172871203
"chr21",20470001,20475000,"*",0.00467523503781701,0.10740817750279,-22.6027397260274
"chr21",20475001,20480000,"*",0.00780574817090696,0.139629541072458,-14.6069538926682
"chr21",20480001,20485000,"*",0.840443112641294,0.956224600353471,1.32187706543291
"chr21",20485001,20490000,"*",0.889608919829817,0.974332691088251,0.588786297337085
"chr21",20490001,20495000,"*",0.715735401284582,0.90845595441258,-1.27405801030089
"chr21",20495001,20500000,"*",0.322269881626025,0.692866442013075,-5.29014844804319
"chr21",20500001,20505000,"*",0.154012390481445,0.527612036185705,-8.68131868131868
"chr21",20510001,20515000,"*",0.754119552318621,0.924404612519601,-1.73160173160173
"chr21",20515001,20520000,"*",0.691333163272906,0.899399912895633,1.55931512433755
"chr21",20520001,20525000,"*",2.25927122115098e-05,0.00568959841413978,-22.3125641903458
"chr21",20525001,20530000,"*",0.505242215314075,0.815323471398855,4.45116681071738
"chr21",20530001,20535000,"*",0.498033955026609,0.813391173918986,-3.21167883211678
"chr21",20535001,20540000,"*",0.38264475192389,0.738948202582677,-4.40687361419069
"chr21",20540001,20545000,"*",0.747058437111812,0.920887394861658,2.29288340904175
"chr21",20545001,20550000,"*",0.140185347644765,0.505636456824062,-4.653167528704
"chr21",20550001,20555000,"*",0.575174865361836,0.84929201921733,3.34352701325179
"chr21",20555001,20560000,"*",0.864132145332694,0.96518096309006,1.04302477183833
"chr21",20565001,20570000,"*",0.073703474541698,0.395745700773581,-7.14285714285715
"chr21",20570001,20575000,"*",0.923140809803747,0.987264970792815,-0.441919191919193
"chr21",20575001,20580000,"*",0.656474209493667,0.88549439157274,-1.95075757575758
"chr21",20580001,20585000,"*",0.446314989168205,0.780935074181838,-3.2253481102586
"chr21",20585001,20590000,"*",0.0016321207164245,0.0635581672652415,22.0588235294118
"chr21",20590001,20595000,"*",0.88694264180488,0.973705829325191,1.12570356472795
"chr21",20595001,20600000,"*",0.708682126248887,0.9054953376099,1.85483870967742
"chr21",20600001,20605000,"*",0.973154301017192,0.99828903197882,-0.183150183150182
"chr21",20605001,20610000,"*",0.0268714740850662,0.2428103635193,-22.1153846153846
"chr21",20610001,20615000,"*",0.320488302774306,0.691114346166679,5.77662337662337
"chr21",20615001,20620000,"*",0.954325714958443,0.99426621518398,0.295443943399154
"chr21",20620001,20625000,"*",0.671647426938161,0.892322017781286,-5.03225806451613
"chr21",20625001,20630000,"*",0.127098737204286,0.487454513118457,-5.67954254831472
"chr21",20630001,20635000,"*",0.562067554725944,0.841714693023346,-2.92390994585352
"chr21",20635001,20640000,"*",0.620075754591392,0.871732022588764,2.76334696584503
"chr21",20640001,20645000,"*",0.00287543100340911,0.0808571198158642,16.0714285714286
"chr21",20645001,20650000,"*",0.557774748041606,0.840281825002087,-3.33333333333333
"chr21",20650001,20655000,"*",0.585280983563802,0.856019492197991,-2.06172527194536
"chr21",20655001,20660000,"*",0.772660116962605,0.932147405845657,1.60673962133056
"chr21",20660001,20665000,"*",0.0569723262216164,0.349185225229262,14.1025641025641
"chr21",20665001,20670000,"*",0.182626289356126,0.567327801225615,-7.00777659950513
"chr21",20670001,20675000,"*",0.294812963670309,0.673363826511112,5.61725206611571
"chr21",20675001,20680000,"*",0.668057135149052,0.890224649494382,-3.21507760532151
"chr21",20680001,20685000,"*",0.967811974698414,0.997068178610496,-0.211065882707673
"chr21",20685001,20690000,"*",0.183356893282202,0.568592395136251,-8.02247191011236
"chr21",20690001,20695000,"*",0.120543979022484,0.477960616203082,7.85093167701864
"chr21",20695001,20700000,"*",0.603794763292694,0.864367411159154,-3.25814536340852
"chr21",20700001,20705000,"*",0.830539038388628,0.953264931048188,0.814814814814813
"chr21",20705001,20710000,"*",0.0764997134927378,0.402586837189295,-8.72299150444846
"chr21",20710001,20715000,"*",0.314380705905376,0.689294204956338,-6.13761687844642
"chr21",20715001,20720000,"*",0.0542116183077002,0.344756826005419,-7.81926811053025
"chr21",20720001,20725000,"*",0.404327459481607,0.75575692310776,-5.12152777777778
"chr21",20725001,20730000,"*",0.17979537420087,0.562505477352169,-8.81984987489575
"chr21",20730001,20735000,"*",0.335855864705936,0.703955494598309,3.40817077659183
"chr21",20735001,20740000,"*",0.865990522322513,0.966068127116143,0.772626931567322
"chr21",20740001,20745000,"*",0.678722306981838,0.895790274543438,2.05163146339618
"chr21",20745001,20750000,"*",0.00133605816759589,0.05797832665555,18.6549707602339
"chr21",20750001,20755000,"*",0.00190658788419356,0.0690892413705192,23.6184210526316
"chr21",20755001,20760000,"*",0.572743999415902,0.848375540643446,3.41259908218606
"chr21",20760001,20765000,"*",0.964480343342574,0.996431973774512,0.329670329670328
"chr21",20765001,20770000,"*",0.969027599761042,0.997143855920606,0.245614035087716
"chr21",20770001,20775000,"*",0.174801202788373,0.557573109411106,5.97902097902098
"chr21",20775001,20780000,"*",0.329287942907357,0.696281349361664,-6.33333333333334
"chr21",20780001,20785000,"*",0.00509207157680801,0.11135046018589,-8.95454545454546
"chr21",20785001,20790000,"*",0.934211273242967,0.989266186235458,0.500125031257814
"chr21",20790001,20795000,"*",0.241121963324221,0.62944339640872,7.87766450417053
"chr21",20795001,20800000,"*",0.654901621525886,0.884917640442656,2.9735935706085
"chr21",20800001,20805000,"*",0.58378576831998,0.854877165133386,2.26096854304636
"chr21",20805001,20810000,"*",0.220049102717143,0.612878948197541,-6.18740451536242
"chr21",20810001,20815000,"*",0.00993864145984825,0.158099613515281,11.6558519586638
"chr21",20815001,20820000,"*",0.134519989198911,0.496868889625864,-6.74603174603176
"chr21",20820001,20825000,"*",0.834519009154452,0.955701718644841,1.02576335877863
"chr21",20825001,20830000,"*",0.150687312514945,0.522610659585624,-6.19607843137255
"chr21",20830001,20835000,"*",0.858048316660668,0.962514706578027,-0.79289940828402
"chr21",20835001,20840000,"*",0.886339204006883,0.973588219401311,0.571895424836599
"chr21",20840001,20845000,"*",0.174742167389655,0.557573109411106,7.12090163934426
"chr21",20845001,20850000,"*",0.0215695555166652,0.220784128336528,9.18501788067005
"chr21",20850001,20855000,"*",0.583859463635404,0.854877165133386,2.59834368530021
"chr21",20855001,20860000,"*",0.444929718954938,0.780667357961723,-3.9429175475687
"chr21",20860001,20865000,"*",0.767385422532281,0.930926578153914,-1.55038759689923
"chr21",20865001,20870000,"*",0.570117079432963,0.846435426809395,-3.38628762541806
"chr21",20870001,20875000,"*",0.689630591176535,0.899201468470827,-1.54873975098694
"chr21",20875001,20880000,"*",0.251449856699569,0.635860608848191,-6.33636670037074
"chr21",20880001,20885000,"*",0.13547803617189,0.498490039791004,8.85814932554343
"chr21",20885001,20890000,"*",0.131636364432818,0.494721953336436,8.95505097312327
"chr21",20890001,20895000,"*",0.31800931269577,0.690086245272885,6.52006172839507
"chr21",20895001,20900000,"*",0.0267924247573894,0.2428103635193,-8.88157894736843
"chr21",20900001,20905000,"*",0.924479208690137,0.987264970792815,0.433880399924536
"chr21",20905001,20910000,"*",0.285882506785829,0.664990098743899,3.79572118702552
"chr21",20910001,20915000,"*",0.000915070044743987,0.0482030300793766,14.2857142857143
"chr21",20915001,20920000,"*",0.347193960834243,0.712567727389748,5.22167487684729
"chr21",20920001,20925000,"*",0.00446203000809576,0.104057820427517,-14.0740740740741
"chr21",20925001,20930000,"*",0.453507654277761,0.786121950204739,3.98385913426266
"chr21",20930001,20935000,"*",0.0901186526735719,0.428063600199467,-15.1196172248804
"chr21",20935001,20940000,"*",0.173778755704116,0.556567039908853,6.67440156326331
"chr21",20940001,20945000,"*",0.745326363695659,0.919756262077145,1.67829843801928
"chr21",20945001,20950000,"*",0.661424401583154,0.887324855197383,-3.57142857142857
"chr21",20950001,20955000,"*",0.314369030197826,0.689294204956338,6.34249471458773
"chr21",20955001,20960000,"*",0.686858799162383,0.898347415462614,-2.20498162515312
"chr21",20960001,20965000,"*",0.126238728036876,0.486968589432802,7.2943911653589
"chr21",20965001,20970000,"*",0.671864307307471,0.892322017781286,-2.10827693909422
"chr21",20970001,20975000,"*",0.441960614889045,0.778424575847867,3.06084875264661
"chr21",20975001,20980000,"*",0.00952205062418612,0.154808573618024,-10.5866328495608
"chr21",20980001,20985000,"*",0.555856844110395,0.839457274778963,-3.3921568627451
"chr21",20985001,20990000,"*",0.0853794520029452,0.416604126258132,-6.5934065934066
"chr21",20990001,20995000,"*",0.00150123461321451,0.0617948760511569,-10.7641651804088
"chr21",20995001,21000000,"*",0.0821078150961085,0.41161675068728,-7.84277921070051
"chr21",21000001,21005000,"*",0.41503805968288,0.760958680672207,4.15932154938301
"chr21",21005001,21010000,"*",0.842344842674563,0.956224600353471,0.978260869565217
"chr21",21010001,21015000,"*",0.00597917119912952,0.121836445014146,-8.12747101122403
"chr21",21015001,21020000,"*",0.369363809660566,0.727346661600498,-3.27377624723272
"chr21",21020001,21025000,"*",0.848249353300039,0.958328888035512,0.839328537170259
"chr21",21025001,21030000,"*",0.472355665071244,0.799056873057692,-2.5340260733752
"chr21",21030001,21035000,"*",0.70894244411798,0.905663344021334,2.54901960784314
"chr21",21035001,21040000,"*",0.639341356780264,0.878769811664989,-3.21750321750321
"chr21",21040001,21045000,"*",0.368286714170573,0.726446577053628,4.04143318050603
"chr21",21045001,21050000,"*",0.481523357475739,0.805211513571467,3.40009315323708
"chr21",21050001,21055000,"*",0.340806665421474,0.707999662503831,-4.89164086687306
"chr21",21055001,21060000,"*",0.665040560068356,0.888490143914965,-1.67832167832167
"chr21",21060001,21065000,"*",0.191442293841116,0.576129848331783,6.19503615399648
"chr21",21070001,21075000,"*",0.967851102537414,0.997068178610496,-0.193871169480919
"chr21",21075001,21080000,"*",0.049644606694826,0.336313858765357,-12.719298245614
"chr21",21080001,21085000,"*",0.303242837079181,0.681247528276089,-4.23188405797101
"chr21",21085001,21090000,"*",0.306835904240825,0.684779811686666,-4.91983791402396
"chr21",21090001,21095000,"*",0.851693439017335,0.959673806105444,0.957319505384924
"chr21",21095001,21100000,"*",0.113545614198497,0.462493345514285,-8.06227411731999
"chr21",21100001,21105000,"*",0.439148880568502,0.77609274352314,-4.16666666666666
"chr21",21105001,21110000,"*",0.880481727901951,0.970490208082583,-0.813008130081294
"chr21",21110001,21115000,"*",0.0731579092983843,0.39493532324247,7.22439325380502
"chr21",21115001,21120000,"*",0.319304620933166,0.690279077655977,-4.06657669815564
"chr21",21120001,21125000,"*",0.0656339790132107,0.369717045242686,6.25615763546798
"chr21",21125001,21130000,"*",0.26861229453306,0.648660358450413,4.46280043595481
"chr21",21130001,21135000,"*",0.350092746046675,0.713222856198645,-4.43798449612403
"chr21",21135001,21140000,"*",0.406763280496388,0.757136826965613,-3.89884088514225
"chr21",21140001,21145000,"*",0.496457206091852,0.813391173918986,-3.3833275200558
"chr21",21145001,21150000,"*",0.482693532338155,0.805973908501706,-2.83333333333333
"chr21",21150001,21155000,"*",0.9142084475098,0.983502787643196,0.511853448275867
"chr21",21155001,21160000,"*",0.033673406421687,0.275096873348092,11.143637782982
"chr21",21160001,21165000,"*",0.570940910830415,0.846775232729497,-3.62637362637362
"chr21",21165001,21170000,"*",0.712026581627178,0.906966274477091,1.15250677132276
"chr21",21170001,21175000,"*",0.771094265608543,0.93140767821788,-0.752946311654301
"chr21",21175001,21180000,"*",0.31205397163586,0.688772188571458,5.16426642664266
"chr21",21180001,21185000,"*",0.256596126199079,0.641326175798401,6.69191919191919
"chr21",21185001,21190000,"*",0.51597623240316,0.821139902545839,3.14324202963628
"chr21",21190001,21195000,"*",0.0062097588235644,0.122786372160944,-15.4545454545455
"chr21",21195001,21200000,"*",0.912576808321437,0.983502787643196,0.505915952672376
"chr21",21200001,21205000,"*",0.503840574383364,0.815164316511133,4.49397590361447
"chr21",21205001,21210000,"*",0.490069696080207,0.81011025090889,-2.66563146997929
"chr21",21210001,21215000,"*",0.930594734426573,0.988713934314717,0.364994482641545
"chr21",21215001,21220000,"*",0.621767101917949,0.872480478559879,2.32574989132011
"chr21",21220001,21225000,"*",0.955730747580519,0.994491882103471,-0.256410256410255
"chr21",21225001,21230000,"*",0.847049737333451,0.957972917222356,-1.12359550561798
"chr21",21230001,21235000,"*",0.482991569600167,0.805973908501706,-5.83333333333333
"chr21",21235001,21240000,"*",0.503561067944865,0.815164316511133,3.25134294599944
"chr21",21240001,21245000,"*",0.469059006419312,0.796415940400653,4.93400377121308
"chr21",21245001,21250000,"*",0.644130205524894,0.880638935886507,-1.78425867222172
"chr21",21250001,21255000,"*",0.574738800934268,0.849077750086544,-2.35540069686411
"chr21",21255001,21260000,"*",0.438310282689825,0.77609274352314,3.36134453781513
"chr21",21260001,21265000,"*",0.957713382651375,0.994618979526121,-0.436840189297416
"chr21",21265001,21270000,"*",0.20323108567919,0.592491685882631,-5.90643274853802
"chr21",21270001,21275000,"*",0.560166469247878,0.841164834217063,2.72268301478542
"chr21",21275001,21280000,"*",0.902608876661038,0.979655728910809,0.622338683262369
"chr21",21280001,21285000,"*",0.467058142246063,0.795153505768648,-3.83838383838383
"chr21",21285001,21290000,"*",0.0061890932363229,0.122786372160944,-16.2520729684909
"chr21",21290001,21295000,"*",0.620553537510942,0.871792494160053,-2.45327102803738
"chr21",21295001,21300000,"*",0.202674044628509,0.592422456646998,-7.3270013568521
"chr21",21300001,21305000,"*",0.113850357219062,0.463175932436346,8.17047817047817
"chr21",21305001,21310000,"*",0.449467840556207,0.782433521283172,4.42520442520442
"chr21",21310001,21315000,"*",0.179125602144453,0.561821416332116,7.19202898550725
"chr21",21315001,21320000,"*",0.0175031947434307,0.205064944257732,8.91672807663965
"chr21",21320001,21325000,"*",0.0300132385451414,0.25984367853737,10.3001876172608
"chr21",21325001,21330000,"*",0.0175830791383603,0.205330641765238,-11.2338156892612
"chr21",21330001,21335000,"*",0.237640484130011,0.628550111514431,4.87033523086654
"chr21",21335001,21340000,"*",0.0927103170839558,0.430024118503174,10.6896551724138
"chr21",21340001,21345000,"*",0.808351179233801,0.946135561753238,1.58898305084746
"chr21",21345001,21350000,"*",0.660654495192925,0.887324855197383,4.23782416192283
"chr21",21350001,21355000,"*",0.970286075422606,0.997143855920606,0.127746550843133
"chr21",21355001,21360000,"*",0.0233248049322519,0.226822473994101,8.01060505633936
"chr21",21360001,21365000,"*",0.258899319405243,0.641544665286873,6.33150039277297
"chr21",21365001,21370000,"*",0.00178681774285523,0.0665293760997834,17.0114942528736
"chr21",21370001,21375000,"*",0.751007934026834,0.922859134011335,1.98639942734431
"chr21",21375001,21380000,"*",0.767073847550973,0.930849003744786,2.29885057471265
"chr21",21380001,21385000,"*",0.0301989530771611,0.260124524536951,-10.8104395604396
"chr21",21385001,21390000,"*",0.695762235457635,0.899946368954402,1.60385626643296
"chr21",21390001,21395000,"*",0.113511669067657,0.462493345514285,-8.31931685858455
"chr21",21395001,21400000,"*",0.171784758442941,0.553966445804531,-7.42715673205103
"chr21",21400001,21405000,"*",0.392876294885405,0.747272822793397,-6.04395604395604
"chr21",21405001,21410000,"*",0.257412711753747,0.641326175798401,6.47065374763337
"chr21",21410001,21415000,"*",0.260171250937287,0.643788769478749,-4.24847330750542
"chr21",21415001,21420000,"*",0.0503243327688442,0.337545558423733,11.1066398390342
"chr21",21420001,21425000,"*",0.14585423972191,0.514478326766195,-11.1111111111111
"chr21",21425001,21430000,"*",0.82483332260439,0.950898369614441,1.14962251201098
"chr21",21430001,21435000,"*",0.139194660636125,0.503622472605227,-7.47363374880153
"chr21",21435001,21440000,"*",0.0586773621506522,0.351802621522646,6.6220238095238
"chr21",21440001,21445000,"*",0.545646607184311,0.83506653414964,-2.76033490319204
"chr21",21450001,21455000,"*",0.173415957322369,0.55591161877622,8.16121629374641
"chr21",21455001,21460000,"*",0.132161960441027,0.495379946514203,6.24345275508066
"chr21",21460001,21465000,"*",0.188876660492099,0.5732370559895,7.29418886198547
"chr21",21465001,21470000,"*",0.927691874132712,0.987872352353972,-0.700431034482762
"chr21",21470001,21475000,"*",0.225198384625337,0.615154173101253,8.77192982456141
"chr21",21475001,21480000,"*",0.521759271594832,0.822783238966278,2.78799019607843
"chr21",21480001,21485000,"*",0.863383986823184,0.964963826796014,-0.67009611479627
"chr21",21485001,21490000,"*",0.0846305407918576,0.416604126258132,8.82871667185393
"chr21",21490001,21495000,"*",0.00985724554475732,0.15785065188985,19.8424606151538
"chr21",21495001,21500000,"*",0.551875933178928,0.838488828668223,-2.61392228124127
"chr21",21500001,21505000,"*",0.0129007194708577,0.178879798580138,-13.393185664876
"chr21",21505001,21510000,"*",0.296339155092707,0.674850748397062,-5.0125313283208
"chr21",21510001,21515000,"*",0.389737960344038,0.745145145168476,-5.61140986672901
"chr21",21515001,21520000,"*",0.895609884004883,0.976902635307111,0.776397515527949
"chr21",21520001,21525000,"*",0.082121983394629,0.41161675068728,-11.0017889087657
"chr21",21525001,21530000,"*",0.520213517289861,0.822454668297301,-3.78681626928471
"chr21",21530001,21535000,"*",0.788214833958617,0.936522921836629,-2.01298701298702
"chr21",21535001,21540000,"*",0.420603461399812,0.765228347215497,3.48434677904877
"chr21",21540001,21545000,"*",0.225505478450688,0.615154173101253,7.37373737373738
"chr21",21545001,21550000,"*",0.00574188621000165,0.119072153558441,14.8917748917749
"chr21",21550001,21555000,"*",0.522957779014417,0.823011682666521,3.00607287449393
"chr21",21555001,21560000,"*",0.75954002144407,0.926591881232864,3.33333333333333
"chr21",21560001,21565000,"*",0.85140314167942,0.959673806105444,1.13082039911309
"chr21",21565001,21570000,"*",0.00143403756293115,0.0600076432583691,-16.347687400319
"chr21",21570001,21575000,"*",0.905842070593635,0.980135408136217,0.638604065479398
"chr21",21575001,21580000,"*",0.209316669657289,0.599729162627034,6.42579642579643
"chr21",21580001,21585000,"*",0.239544716924311,0.628800559721356,9.0126291618829
"chr21",21590001,21595000,"*",0.165237990353278,0.541801806055757,10.974025974026
"chr21",21595001,21600000,"*",0.551535997598385,0.838334716349546,4.0990990990991
"chr21",21600001,21605000,"*",0.505265198648574,0.815323471398855,2.7318098240084
"chr21",21605001,21610000,"*",0.851025080100286,0.95958027751896,-1.04321907600596
"chr21",21610001,21615000,"*",0.159400694623612,0.532883808486581,10.7089631679796
"chr21",21615001,21620000,"*",0.900489149442098,0.97848415276038,-0.804158085711482
"chr21",21620001,21625000,"*",0.426899899817022,0.770443006454811,-5.04607283896447
"chr21",21625001,21630000,"*",0.0115271441262138,0.170961652336041,-11.6462124418113
"chr21",21630001,21635000,"*",0.280928555089099,0.659848894846764,-5.68645517967619
"chr21",21635001,21640000,"*",0.116528887556823,0.468621792011832,8.52986355832656
"chr21",21640001,21645000,"*",0.579911105774199,0.85206810132223,5
"chr21",21645001,21650000,"*",0.0233063417073499,0.226822473994101,14.7345767575323
"chr21",21650001,21655000,"*",0.351229505167584,0.714093204856952,-6.54490106544902
"chr21",21655001,21660000,"*",0.715789478377471,0.90845595441258,1.83355785062117
"chr21",21660001,21665000,"*",0.966992544132858,0.996950491416447,-0.324324324324321
"chr21",21665001,21670000,"*",0.850061942726844,0.959219174537675,-1.07581967213115
"chr21",21670001,21675000,"*",0.286422315279507,0.665070944762984,6.57894736842105
"chr21",21675001,21680000,"*",0.684429018370058,0.89731413878381,-2.39130434782608
"chr21",21680001,21685000,"*",0.215895838631991,0.608559641372452,8.32555970149254
"chr21",21685001,21690000,"*",0.509793977197173,0.819166093644828,3.70114942528735
"chr21",21690001,21695000,"*",0.22333931051521,0.614510901339307,6.16758241758242
"chr21",21695001,21700000,"*",0.0962391683895399,0.437903788853376,-6.85908319185059
"chr21",21700001,21705000,"*",0.0115697748516911,0.171232667805028,-14.211050273768
"chr21",21705001,21710000,"*",0.553960275137538,0.839282382070339,3.75559218271722
"chr21",21710001,21715000,"*",0.400962856588797,0.75267526884359,4.60382085812715
"chr21",21715001,21720000,"*",0.166321084795924,0.543316125163684,7.93902546479865
"chr21",21720001,21725000,"*",0.0782044408701263,0.404245404519405,8.32201086956522
"chr21",21725001,21730000,"*",0.466244697273554,0.794593993171658,-3.02061791063484
"chr21",21730001,21735000,"*",0.404854090254713,0.755942697075865,-4.07298054356878
"chr21",21735001,21740000,"*",0.403128374657355,0.754539240937987,4.69023962594974
"chr21",21740001,21745000,"*",0.386444156601483,0.741660502568503,-4.45012787723785
"chr21",21745001,21750000,"*",0.945474045853199,0.991770117657212,-0.293807097277687
"chr21",21750001,21755000,"*",0.952220304409558,0.99426621518398,-0.46364594309799
"chr21",21755001,21760000,"*",0.690512304198901,0.899201468470827,-1.74319727891157
"chr21",21760001,21765000,"*",0.239738270721498,0.628800559721356,-6.48395721925135
"chr21",21765001,21770000,"*",0.29276968494073,0.670996671763444,8.20338983050848
"chr21",21770001,21775000,"*",0.264034644084544,0.64397446128717,-9.98719590268886
"chr21",21775001,21780000,"*",0.59713626226736,0.861018439738576,-3.08155924953826
"chr21",21780001,21785000,"*",0.00137667978406157,0.0592035975940676,-20.2255639097744
"chr21",21785001,21790000,"*",0.405652953809874,0.756630476328845,-4.93762993762994
"chr21",21790001,21795000,"*",0.611354572561588,0.868076486710367,2.05181707529125
"chr21",21795001,21800000,"*",0.254397222644647,0.638718741139954,6.86638388123012
"chr21",21800001,21805000,"*",0.32822932719591,0.695462320247531,5.10707189638678
"chr21",21805001,21810000,"*",0.407190558029672,0.757136826965613,3.94414502694758
"chr21",21810001,21815000,"*",0.717165835435105,0.909229183608438,2.88600288600289
"chr21",21815001,21820000,"*",0.893067010065346,0.975339611738291,-0.987132028908866
"chr21",21820001,21825000,"*",0.539638294442292,0.832367592928674,-3.4647550776583
"chr21",21825001,21830000,"*",0.204452504198387,0.594171601700975,-7.27752639517346
"chr21",21830001,21835000,"*",0.834908388237823,0.955701718644841,1.28571428571429
"chr21",21835001,21840000,"*",0.81474143812938,0.949383774249883,-1.68892380204242
"chr21",21840001,21845000,"*",0.774472802440752,0.932376160683282,1.58730158730158
"chr21",21845001,21850000,"*",0.422698298379915,0.767450681201137,3.93201420598681
"chr21",21850001,21855000,"*",0.140378508093207,0.505636456824062,5.09426057813154
"chr21",21855001,21860000,"*",0.231582609979597,0.622324440012067,-8.13119755911518
"chr21",21860001,21865000,"*",0.51265003421123,0.820719291734284,3.71284075490317
"chr21",21865001,21870000,"*",0.693953863473263,0.899803895447492,-1.73962714856934
"chr21",21870001,21875000,"*",0.423559921111642,0.768618029275901,-3.97932816537468
"chr21",21875001,21880000,"*",0.544631312930927,0.834965672916922,-2.72168568920106
"chr21",21880001,21885000,"*",0.212887114979958,0.603766982688761,-6.41095890410959
"chr21",21885001,21890000,"*",0.670529192298745,0.892131363325227,-1.61084819803422
"chr21",21890001,21895000,"*",0.406719018012184,0.757136826965613,6.12244897959183
"chr21",21895001,21900000,"*",0.825169873846165,0.950974461170252,-0.932835820895528
"chr21",21900001,21905000,"*",0.072431301225914,0.393801125393143,-5.92757247383533
"chr21",21905001,21910000,"*",0.820752318975162,0.950898369614441,1.11111111111111
"chr21",21910001,21915000,"*",0.115537995504595,0.466531940492419,-7.28715728715729
"chr21",21915001,21920000,"*",0.916580141183319,0.98465134360005,0.479238263391879
"chr21",21920001,21925000,"*",0.502413823974237,0.815164316511133,-3.70390194294278
"chr21",21925001,21930000,"*",0.743683018520087,0.919564198347704,1.89947399181766
"chr21",21930001,21935000,"*",0.758792404903753,0.926578184205903,-1.68793195108985
"chr21",21935001,21940000,"*",0.352699357581645,0.714793127756987,-5.49323017408123
"chr21",21940001,21945000,"*",0.0348466406165067,0.278693837922687,8.17417876241405
"chr21",21945001,21950000,"*",0.323994887069216,0.693781314680655,-5.8
"chr21",21955001,21960000,"*",0.442140729923262,0.778424575847867,3.72398685651697
"chr21",21960001,21965000,"*",0.00706674179282972,0.130391587411005,14.5730706075534
"chr21",21965001,21970000,"*",0.425057305348801,0.769390603467329,-4.82456140350878
"chr21",21970001,21975000,"*",0.351412539419191,0.714093204856952,-5.18481518481518
"chr21",21975001,21980000,"*",0.0650998592489069,0.367887468263517,-8.79598662207358
"chr21",21980001,21985000,"*",0.0216073229438878,0.220784128336528,-10.4795117698343
"chr21",21985001,21990000,"*",0.6471019464198,0.881667092599859,-2.08333333333333
"chr21",21990001,21995000,"*",0.51928192431084,0.822454668297301,-3.35680250337814
"chr21",21995001,22000000,"*",0.624180515829496,0.873444481193396,-2.61131570137262
"chr21",22000001,22005000,"*",0.214800520438334,0.6070289977166,5.43609933373713
"chr21",22005001,22010000,"*",0.560876461002768,0.841254858299436,2.58426966292135
"chr21",22010001,22015000,"*",0.0413024071874016,0.306609957883166,14.8534525583706
"chr21",22015001,22020000,"*",0.534190783541849,0.83104310522117,-2.92874396135265
"chr21",22020001,22025000,"*",0.255287345100974,0.639947492242794,-6.86274509803923
"chr21",22025001,22030000,"*",0.52851364122785,0.827267819319982,-3.6039768019884
"chr21",22030001,22035000,"*",0.0855727394476162,0.416604126258132,7.95454545454546
"chr21",22035001,22040000,"*",0.889397914407054,0.974332691088251,1.0989010989011
"chr21",22040001,22045000,"*",0.789548197328382,0.936729748353468,-1.31313131313131
"chr21",22045001,22050000,"*",0.110858569213316,0.460872703471089,9.17073170731707
"chr21",22050001,22055000,"*",0.597827244107755,0.861018439738576,-2.54699248120301
"chr21",22055001,22060000,"*",0.705413018893493,0.904534533262356,-2.82828282828282
"chr21",22060001,22065000,"*",0.112279997834954,0.461588719649785,8.5027000490918
"chr21",22065001,22070000,"*",0.238809951567361,0.628800559721356,-7.42913000977518
"chr21",22070001,22075000,"*",0.175401078270631,0.557573109411106,-10.1381134293271
"chr21",22075001,22080000,"*",0.425790640299268,0.769685832168644,3.88039730327827
"chr21",22080001,22085000,"*",0.467192323292047,0.795153505768648,-4.39347886156397
"chr21",22085001,22090000,"*",0.166264717018921,0.543316125163684,8.1881188118812
"chr21",22090001,22095000,"*",0.678990085088375,0.895790274543438,-2.08333333333334
"chr21",22095001,22100000,"*",0.783538112588569,0.935064153557724,-1.99095022624435
"chr21",22100001,22105000,"*",0.132628097543025,0.495481629161935,18.75
"chr21",22295001,22300000,"*",0.385999133064563,0.741660502568503,5.5482456140351
"chr21",22300001,22305000,"*",0.0940867137484903,0.433047366678856,-10.3529411764706
"chr21",22305001,22310000,"*",0.887085451441287,0.973705829325191,-1.12443778110944
"chr21",22310001,22315000,"*",0.0768228263044677,0.402586837189295,-8.35380835380836
"chr21",22315001,22320000,"*",0.822467233645835,0.950898369614441,1.56976744186046
"chr21",22320001,22325000,"*",0.629181697772715,0.874414069805408,-2.02020202020202
"chr21",22325001,22330000,"*",0.724614816415658,0.91161692147497,2.13086526043909
"chr21",22330001,22335000,"*",0.544148128457174,0.834965672916922,-2.58453473132372
"chr21",22335001,22340000,"*",0.723631287347441,0.911474826346515,2.4390243902439
"chr21",22340001,22345000,"*",0.956876730587346,0.994618979526121,-0.797448165869219
"chr21",22345001,22350000,"*",0.366557408769376,0.725321245154393,-4.81023830538394
"chr21",22350001,22355000,"*",0.104121678750108,0.450708885337395,-7.36206159110351
"chr21",22355001,22360000,"*",0.28068841357704,0.659725692894213,-6.21002682071384
"chr21",22360001,22365000,"*",0.348027618439705,0.713063741720566,3.47971237801746
"chr21",22365001,22370000,"*",0.304860229755911,0.682972407643102,8.21678321678322
"chr21",22370001,22375000,"*",0.0069472528596014,0.129324369103857,-24.6250435995814
"chr21",22375001,22380000,"*",0.27535675823682,0.656634331887669,6.59480025364616
"chr21",22380001,22385000,"*",0.154771311817285,0.527612036185705,9.40318302387267
"chr21",22385001,22390000,"*",0.117076071490385,0.469774419279342,6.07333842627961
"chr21",22390001,22395000,"*",0.278727843447315,0.657638258414441,-5.04504504504505
"chr21",22395001,22400000,"*",0.783587230117177,0.935064153557724,-1.50862068965517
"chr21",22405001,22410000,"*",0.129429884882981,0.490423938318804,-5.87072326871327
"chr21",22410001,22415000,"*",0.167200143502665,0.544678873412295,-9.86671603109959
"chr21",22415001,22420000,"*",0.416313941289191,0.760994001526401,-6.04967948717948
"chr21",22420001,22425000,"*",0.704312671463195,0.904054914916196,1.58365059221659
"chr21",22425001,22430000,"*",0.974971005366657,0.9988408871652,0.110051357300067
"chr21",22430001,22435000,"*",0.0983751903555604,0.441620426691948,-6.58000536049317
"chr21",22435001,22440000,"*",0.313576315180609,0.689286000460818,-4.46237671563556
"chr21",22440001,22445000,"*",0.319348711816793,0.690279077655977,-4.96894409937888
"chr21",22445001,22450000,"*",0.0515320209461539,0.339204220272905,12.8070175438597
"chr21",22450001,22455000,"*",0.819291167862298,0.950118262961392,1.14520311149525
"chr21",22455001,22460000,"*",0.756004937498466,0.92495935894928,2.24308815858111
"chr21",22460001,22465000,"*",0.201990721699421,0.59152066410478,-4.62127426852612
"chr21",22465001,22470000,"*",0.161675245857746,0.536908062434045,-8.29545454545455
"chr21",22470001,22475000,"*",0.4129771753145,0.760176041320942,2.4146174863388
"chr21",22480001,22485000,"*",0.757698761418557,0.925853723615138,-1.97802197802198
"chr21",22485001,22490000,"*",0.490950726572013,0.810183945493252,-4.41441441441441
"chr21",22490001,22495000,"*",0.0408153279480268,0.304922163097373,-9.51930441050592
"chr21",22495001,22500000,"*",0.293146754131837,0.671058834759628,-5.40071127284757
"chr21",22500001,22505000,"*",0.0374170642734607,0.292505692194557,-9.45041816009558
"chr21",22505001,22510000,"*",0.314593931375322,0.689294204956338,4.72501195600191
"chr21",22510001,22515000,"*",0.127701577861212,0.488749706648905,-6.02425876010781
"chr21",22515001,22520000,"*",0.000311120451772727,0.0261327503787975,-14.7435897435897
"chr21",22520001,22525000,"*",0.928994260516442,0.988314077241041,0.473684210526315
"chr21",22525001,22530000,"*",0.62545373672446,0.873444481193396,3.22222222222222
"chr21",22530001,22535000,"*",0.690310527020078,0.899201468470827,2.12765957446809
"chr21",22535001,22540000,"*",0.0209081725446411,0.219379780580338,13.2075471698113
"chr21",22540001,22545000,"*",0.288842975323088,0.667479336133285,-3.73310878543647
"chr21",22545001,22550000,"*",0.915308295760336,0.983502787643196,-0.389890372001289
"chr21",22550001,22555000,"*",0.229215294073346,0.619048604431663,-4.0903540903541
"chr21",22555001,22560000,"*",0.728300545594639,0.913429919957293,-1.5421322160149
"chr21",22560001,22565000,"*",0.644927151217736,0.880638935886507,1.74070533782764
"chr21",22565001,22570000,"*",0.693148790134043,0.89959023877653,-1.74738841405508
"chr21",22570001,22575000,"*",0.0787795620399295,0.405400157271365,-9.28395061728395
"chr21",22575001,22580000,"*",0.133069321683558,0.495481629161935,5.30303030303031
"chr21",22580001,22585000,"*",0.596955754664583,0.861018439738576,-1.89285714285714
"chr21",22585001,22590000,"*",0.0497407361969357,0.336313858765357,6.96114369501466
"chr21",22590001,22595000,"*",0.723970940921065,0.911474826346515,1.65945165945166
"chr21",22595001,22600000,"*",0.524220388507309,0.824072576063232,-2.68065268065267
"chr21",22600001,22605000,"*",0.242536275538893,0.62944339640872,-5.3352559480894
"chr21",22605001,22610000,"*",0.25921244734871,0.641868089067077,5.29233870967742
"chr21",22610001,22615000,"*",0.0617998001343029,0.360672581175808,8.32512315270936
"chr21",22615001,22620000,"*",0.0118794579277481,0.172546671967085,-17.8571428571429
"chr21",22620001,22625000,"*",0.469781122441867,0.797142479065007,4.14325842696629
"chr21",22630001,22635000,"*",0.215102639219339,0.607054015942172,-6.00379686758423
"chr21",22635001,22640000,"*",0.11255682871307,0.461588719649785,11.3107390771744
"chr21",22640001,22645000,"*",0.942943079454372,0.991161759653743,-0.361663652802902
"chr21",22645001,22650000,"*",0.0716975317892347,0.391939073466812,9.22364672364673
"chr21",22650001,22655000,"*",0.203124619380613,0.592491685882631,-7.97277588721439
"chr21",22655001,22660000,"*",0.056309748997578,0.348066647233362,-8.20473810041296
"chr21",22660001,22665000,"*",0.111682871699639,0.461404660244149,-17.2413793103448
"chr21",22665001,22670000,"*",0.766552071905772,0.930718664161931,0.777931443248048
"chr21",22670001,22675000,"*",0.0270129800218311,0.243189951465806,12.497647280256
"chr21",22675001,22680000,"*",0.892356653948443,0.975018227736642,0.598211532531612
"chr21",22680001,22685000,"*",0.463505069391712,0.793066149276987,-3.37121212121212
"chr21",22685001,22690000,"*",0.453373745626837,0.786121950204739,-2.59650337545438
"chr21",22690001,22695000,"*",0.506954685418348,0.817406293231877,-4.87012987012987
"chr21",22700001,22705000,"*",0.234161850187142,0.624973260749819,-9.32669185846788
"chr21",22705001,22710000,"*",0.0304407501878656,0.260973748561823,-12.4559023066486
"chr21",22710001,22715000,"*",0.352135856495271,0.714434363971646,5.87121212121212
"chr21",22715001,22720000,"*",0.198417042600309,0.587561840556095,-4.27850119585437
"chr21",22720001,22725000,"*",0.410366145760077,0.759205475935649,1.96834249159354
"chr21",22725001,22730000,"*",0.0422440092482082,0.309349359390525,10.1010101010101
"chr21",22730001,22735000,"*",0.023194355548101,0.226822473994101,-9.71086448598131
"chr21",22735001,22740000,"*",0.801113450977243,0.94198499403592,-1.65832290362954
"chr21",22740001,22745000,"*",0.112336291969727,0.461588719649785,5.54297866502024
"chr21",22745001,22750000,"*",0.137143353010429,0.499801851562113,12.1251629726206
"chr21",22750001,22755000,"*",0.395391037916094,0.749622167354407,5.64102564102564
"chr21",22755001,22760000,"*",0.0377916153504697,0.293563597694809,-20.3208556149733
"chr21",22760001,22765000,"*",0.663477743911217,0.887751910867121,-1.8610715979137
"chr21",22765001,22770000,"*",0.351751080131886,0.714093204856952,-3.88451443569553
"chr21",22770001,22775000,"*",0.935896596031733,0.989266186235458,-0.340615456894522
"chr21",22775001,22780000,"*",0.383107107744345,0.738948202582677,-4.41295546558704
"chr21",22780001,22785000,"*",0.0397166155955271,0.300764943475728,-6.63724253888188
"chr21",22785001,22790000,"*",0.469126373997027,0.796415940400653,4.31235431235432
"chr21",22790001,22795000,"*",0.0943296462453572,0.433140047749746,10.4251012145749
"chr21",22795001,22800000,"*",0.679039563659962,0.895790274543438,-1.31336405529954
"chr21",22800001,22805000,"*",0.906198132483129,0.980238940045607,-0.724070450097847
"chr21",22805001,22810000,"*",0.335687184981296,0.7038117836023,-4.127936031984
"chr21",22810001,22815000,"*",0.0345923831625017,0.277598535007036,-8.9966832504146
"chr21",22815001,22820000,"*",0.00570951124435811,0.119030068787438,8.96156359531871
"chr21",22820001,22825000,"*",0.0274705383058016,0.245384859326284,-22.8260869565217
"chr21",22825001,22830000,"*",0.552489367698332,0.838876944906971,-4.04713114754098
"chr21",22830001,22835000,"*",0.187266483808284,0.572122650065984,9.0880503144654
"chr21",22835001,22840000,"*",0.760125315668944,0.926894363219672,1.67696381288613
"chr21",22840001,22845000,"*",0.0682957739607494,0.3796852901411,-9.36361087748808
"chr21",22845001,22850000,"*",0.639863670610143,0.878769811664989,1.71931227508997
"chr21",22850001,22855000,"*",0.333711198498712,0.7010575259477,5.94034378159757
"chr21",22855001,22860000,"*",0.508785710460464,0.818737272249543,-3.62084191934059
"chr21",22860001,22865000,"*",0.144752902151641,0.512878437299429,5.68910674245189
"chr21",22865001,22870000,"*",0.662239666859393,0.887324855197383,2.05205205205206
"chr21",22870001,22875000,"*",0.279985799865996,0.658955531656495,6.61425860666848
"chr21",22875001,22880000,"*",0.132880084437069,0.495481629161935,10.3271692745377
"chr21",22880001,22885000,"*",0.175211101749576,0.557573109411106,7.22392361736623
"chr21",22885001,22890000,"*",0.348406545207803,0.713063741720566,-6.41566265060242
"chr21",22890001,22895000,"*",0.954628231671493,0.99426621518398,-0.255102040816324
"chr21",22895001,22900000,"*",0.303315044595186,0.681247528276089,5.09031198686372
"chr21",22900001,22905000,"*",0.139180853771744,0.503622472605227,6.74364123159305
"chr21",22905001,22910000,"*",0.522715971829649,0.822815334071301,3.24104592397275
"chr21",22910001,22915000,"*",0.569305881544815,0.846346995240487,3.64779874213836
"chr21",22915001,22920000,"*",0.299726142170759,0.678606894498609,7.83003103365958
"chr21",22920001,22925000,"*",0.0968301388787694,0.439050649760049,-7.73053033922599
"chr21",22925001,22930000,"*",0.233388926196646,0.624575024863084,4.94152046783626
"chr21",22930001,22935000,"*",0.948869713749733,0.992937494441891,-0.339366515837103
"chr21",22935001,22940000,"*",0.297895983864151,0.677160868768959,-7.82669461914745
"chr21",22940001,22945000,"*",0.857668656907527,0.962514706578027,1.2075905692927
"chr21",22945001,22950000,"*",0.668020747572998,0.890224649494382,-3.3468286099865
"chr21",22950001,22955000,"*",0.476109036970288,0.800855105590595,-4.55226115603474
"chr21",22955001,22960000,"*",0.239588853395201,0.628800559721356,9.14368650217706
"chr21",22960001,22965000,"*",0.475234387755468,0.800520111633271,-3.70370370370371
"chr21",22965001,22970000,"*",0.18975894448302,0.574062391093993,-6.59529161244529
"chr21",22970001,22975000,"*",0.60543345658258,0.865608541748127,2.00055570991943
"chr21",22975001,22980000,"*",0.185441886860987,0.571034596235909,6.92774533379137
"chr21",22980001,22985000,"*",0.870070092601144,0.967821383382579,-1.31219245489339
"chr21",22985001,22990000,"*",0.0802547519073446,0.408537947797707,12.4074948826956
"chr21",22990001,22995000,"*",0.0395350800137703,0.30014213012614,-7.66025641025642
"chr21",22995001,23000000,"*",0.93997789645658,0.989912530272558,0.487804878048781
"chr21",23000001,23005000,"*",0.76097988795489,0.927155738704138,1.84599156118144
"chr21",23005001,23010000,"*",0.61254611019973,0.868116690840315,2.51700680272109
"chr21",23010001,23015000,"*",0.7189278664511,0.910149991203176,1.53420523138833
"chr21",23015001,23020000,"*",0.413207914474157,0.760176041320942,4.34782608695653
"chr21",23020001,23025000,"*",0.114069536656126,0.463531122943681,5.1353694960979
"chr21",23025001,23030000,"*",0.568095825309786,0.846125773713515,-2.53812199036918
"chr21",23030001,23035000,"*",0.427254690239794,0.770443006454811,3.6573045059608
"chr21",23035001,23040000,"*",0.391125430626174,0.746541038021516,-4.60317460317461
"chr21",23040001,23045000,"*",0.0403304673571182,0.302961653010566,16.2934226767766
"chr21",23045001,23050000,"*",0.887740393727144,0.973818991082473,-0.773119238774911
"chr21",23050001,23055000,"*",0.290526668869159,0.669175932604883,6.21777847211373
"chr21",23055001,23060000,"*",0.104475086126037,0.450708885337395,-8.68598532572444
"chr21",23060001,23065000,"*",0.0852663130692667,0.416604126258132,-6.12778416814806
"chr21",23065001,23070000,"*",0.878176811691345,0.969507325103692,-0.785448532451427
"chr21",23070001,23075000,"*",0.639572993684871,0.878769811664989,-2.0964360587002
"chr21",23075001,23080000,"*",0.22390349296832,0.615154173101253,12.8205128205128
"chr21",23080001,23085000,"*",0.38313886179429,0.738948202582677,6.24546114742194
"chr21",23085001,23090000,"*",0.534265752496611,0.83104310522117,-2.92780505546463
"chr21",23090001,23095000,"*",0.445043252052768,0.780667357961723,-4.1507024265645
"chr21",23095001,23100000,"*",0.176052064436146,0.557573109411106,-8.92467532467532
"chr21",23100001,23105000,"*",0.172197902284757,0.5542817092774,-5.46218487394958
"chr21",23105001,23110000,"*",0.733015338961348,0.91562341766511,-1.88383045525903
"chr21",23110001,23115000,"*",0.302258613183191,0.680945583441721,-6.33998790078645
"chr21",23115001,23120000,"*",0.0715767765896012,0.391583454805367,9.07877169559412
"chr21",23120001,23125000,"*",0.219414174347597,0.612634379760092,7.79967159277504
"chr21",23125001,23130000,"*",0.414773025405459,0.760958680672207,-3.29087048832272
"chr21",23130001,23135000,"*",0.527306737811001,0.826341142846933,3.77980228726497
"chr21",23135001,23140000,"*",0.303930676102669,0.681563366388436,-5.84070796460177
"chr21",23140001,23145000,"*",0.00978515920272755,0.15718522201032,17.1495956873315
"chr21",23145001,23150000,"*",0.482827649648568,0.805973908501706,-4.32914383929531
"chr21",23150001,23155000,"*",0.527566824690955,0.826541303443103,3.51190476190476
"chr21",23155001,23160000,"*",0.0475568666187222,0.329708848451299,10.3726986977997
"chr21",23160001,23165000,"*",0.884962561267563,0.972988239867214,-0.937950937950938
"chr21",23165001,23170000,"*",0.286088396044955,0.664990098743899,-5.92948717948718
"chr21",23170001,23175000,"*",0.939074504249905,0.98961081770002,0.37790697674418
"chr21",23175001,23180000,"*",0.264716808812185,0.64397446128717,-7.63209393346379
"chr21",23180001,23185000,"*",0.0774520229765064,0.402990843781034,8.65186263802936
"chr21",23185001,23190000,"*",0.176363512954067,0.557573109411106,-9.22787193973634
"chr21",23190001,23195000,"*",0.0452331807110632,0.320230876534516,18.2503770739065
"chr21",23195001,23200000,"*",0.591373564114608,0.85754046116454,2.72354388843314
"chr21",23200001,23205000,"*",0.361757141100428,0.720794183865037,4.73381294964028
"chr21",23205001,23210000,"*",0.47608443870096,0.800855105590595,4.3778801843318
"chr21",23210001,23215000,"*",0.842746477307831,0.956224600353471,-1.74873446847676
"chr21",23215001,23220000,"*",0.612744668556137,0.868116690840315,3.28282828282829
"chr21",23220001,23225000,"*",0.0252833771874006,0.237623183993885,-10.4945054945055
"chr21",23225001,23230000,"*",0.954242046291533,0.99426621518398,-0.4142502071251
"chr21",23230001,23235000,"*",0.336144424466847,0.704140436234188,-6.37755102040817
"chr21",23235001,23240000,"*",0.28155461657484,0.660834343921145,-5.51587301587301
"chr21",23240001,23245000,"*",0.106181989314516,0.453334394136548,6.97432338653713
"chr21",23245001,23250000,"*",0.183760998531074,0.568722450911957,-8.835005574136
"chr21",23250001,23255000,"*",0.196774553164309,0.584174454706543,-8.82132132132132
"chr21",23255001,23260000,"*",0.368662058908219,0.726575350189172,-8.48356309650054
"chr21",23260001,23265000,"*",0.370496614636695,0.728331098419309,-5.368492224476
"chr21",23265001,23270000,"*",0.7749974082972,0.932376160683282,1.68674698795181
"chr21",23270001,23275000,"*",0.823557665656087,0.950898369614441,1.25324114088159
"chr21",23275001,23280000,"*",0.272594784056969,0.653818264046569,5.58846073444359
"chr21",23280001,23285000,"*",0.0474110757911949,0.329347690525791,-10.6519536088278
"chr21",23285001,23290000,"*",0.633202761943669,0.876261995132442,3.25261158594492
"chr21",23290001,23295000,"*",0.122512134730331,0.481419959281289,-10.6427818756586
"chr21",23295001,23300000,"*",0.018313493306709,0.209550137158279,13.3553476426344
"chr21",23300001,23305000,"*",0.717681931011564,0.909555131682918,2.24479344486174
"chr21",23305001,23310000,"*",0.58786053627436,0.85680514820526,5.28301886792453
"chr21",23310001,23315000,"*",0.686340848767215,0.89809658351583,2.17331650293617
"chr21",23315001,23320000,"*",0.311305721564154,0.68820101339497,-4.27055702917772
"chr21",23320001,23325000,"*",0.242334343014826,0.62944339640872,-5.85203847915713
"chr21",23325001,23330000,"*",0.611697191515356,0.868076486710367,1.83502906976745
"chr21",23330001,23335000,"*",0.757822578632638,0.925853723615138,1.40979234139836
"chr21",23335001,23340000,"*",0.807669864766625,0.945689398619149,1.30376344086022
"chr21",23340001,23345000,"*",0.0737888329016475,0.395745700773581,-6.2341260678827
"chr21",23345001,23350000,"*",0.133194327748766,0.495481629161935,-8.23625922887613
"chr21",23350001,23355000,"*",0.508825995184985,0.818737272249543,4.12698412698412
"chr21",23355001,23360000,"*",0.196152283616035,0.5840564492407,-7.71113831089352
"chr21",23360001,23365000,"*",0.144721745034094,0.512878437299429,-8.67220650636492
"chr21",23365001,23370000,"*",0.0500810503965638,0.336959668996152,9.17874396135265
"chr21",23370001,23375000,"*",0.654199726820733,0.884510531320248,2.2195915951465
"chr21",23375001,23380000,"*",0.925882231270571,0.987264970792815,0.745614035087716
"chr21",23380001,23385000,"*",0.505056203175247,0.815323471398855,6.98308783415166
"chr21",23385001,23390000,"*",0.539952214646997,0.832367592928674,3.09073515343292
"chr21",23390001,23395000,"*",0.590270838937794,0.857163370899742,2.4064628761168
"chr21",23395001,23400000,"*",0.634530393204167,0.876563345929752,3.59389038634321
"chr21",23400001,23405000,"*",0.628996638323844,0.874401100932692,-2.03423120089787
"chr21",23405001,23410000,"*",0.411744682765797,0.759399848237984,-4.80600750938673
"chr21",23410001,23415000,"*",0.741792304009889,0.91939349386275,2.72108843537414
"chr21",23415001,23420000,"*",0.741354192011339,0.919012514519434,-2.16101694915254
"chr21",23420001,23425000,"*",0.599925835678952,0.862646476748421,-1.76328502415459
"chr21",23425001,23430000,"*",0.575800631770783,0.849562619590125,-2.81862745098039
"chr21",23430001,23435000,"*",0.249279638785266,0.63448076055772,8.83893865134359
"chr21",23435001,23440000,"*",0.49162581713335,0.810487283736538,3.3011272141707
"chr21",23440001,23445000,"*",0.0504695056042749,0.337545558423733,9.4991173874669
"chr21",23445001,23450000,"*",0.178248145095606,0.560664187929356,-7.20338983050848
"chr21",23450001,23455000,"*",0.447773176046741,0.781366064276937,4.47586922677737
"chr21",23455001,23460000,"*",0.824789124934555,0.950898369614441,-1.16725295810681
"chr21",23460001,23465000,"*",0.933087563991958,0.989266186235458,0.733390854184635
"chr21",23465001,23470000,"*",0.0516680097417931,0.339292280957413,8.96011396011396
"chr21",23470001,23475000,"*",0.245501934381499,0.630306429305182,-6.82539682539682
"chr21",23475001,23480000,"*",0.225872271446944,0.615154173101253,-7.41258741258741
"chr21",23480001,23485000,"*",0.918135453353614,0.98515867843877,-0.591194968553455
"chr21",23485001,23490000,"*",0.800685901308785,0.941747011243225,-1.7052767052767
"chr21",23490001,23495000,"*",0.0907789198737153,0.429748017988026,-6.88545688545688
"chr21",23495001,23500000,"*",0.218263964967996,0.611428070219054,9.42622950819673
"chr21",23500001,23505000,"*",0.333111379409175,0.700642304784618,5.11204481792717
"chr21",23505001,23510000,"*",0.158314664609997,0.531242048786767,-7.5752334832238
"chr21",23510001,23515000,"*",0.0912542859658513,0.430024118503174,7.51662971175167
"chr21",23515001,23520000,"*",0.795953632353215,0.939639636514375,-1.25
"chr21",23520001,23525000,"*",0.0094647435596382,0.154378531842823,-12.9936939926983
"chr21",23525001,23530000,"*",0.104896078140644,0.45102105769341,8.46104036261601
"chr21",23530001,23535000,"*",0.818059660535549,0.949594159121394,1.18421052631579
"chr21",23535001,23540000,"*",0.691506562451021,0.899399912895633,2.77777777777778
"chr21",23540001,23545000,"*",0.0141660995991335,0.187015228731399,-18.037518037518
"chr21",23545001,23550000,"*",0.111084546114914,0.461389178985509,9.0549233052944
"chr21",23550001,23555000,"*",0.817182538242584,0.949594159121394,2.27272727272728
"chr21",23555001,23560000,"*",0.479862725122415,0.804344586937214,-3.59885889839807
"chr21",23560001,23565000,"*",0.819697984368463,0.950433255832145,1.33037694013304
"chr21",23565001,23570000,"*",0.765614286957659,0.930544335634914,1.26849894291755
"chr21",23570001,23575000,"*",0.84079942035377,0.956224600353471,-1.08258154059682
"chr21",23575001,23580000,"*",0.0624786139041036,0.36299036397118,-11.1405835543766
"chr21",23580001,23585000,"*",0.413061230205107,0.760176041320942,4.43524541691307
"chr21",23585001,23590000,"*",0.0303206596021499,0.260579751837548,-10.7674104124408
"chr21",23590001,23595000,"*",0.0708281429243822,0.389111409927886,-9.95283018867925
"chr21",23595001,23600000,"*",0.439908227325573,0.77609274352314,-5.68181818181818
"chr21",23600001,23605000,"*",0.936699012891891,0.989266186235458,-0.296852245995294
"chr21",23605001,23610000,"*",0.78429688417262,0.935143672953446,-1.79566563467493
"chr21",23610001,23615000,"*",0.00918820316644214,0.151983690023737,8.69814798030152
"chr21",23615001,23620000,"*",0.515922966462381,0.821139902545839,-4.01284109149278
"chr21",23620001,23625000,"*",0.222281254250175,0.614198827692862,-6.77998472116119
"chr21",23625001,23630000,"*",0.595178583435685,0.86036393033129,-3.25235109717867
"chr21",23630001,23635000,"*",0.712291109020903,0.906990011240654,2.03663203936577
"chr21",23635001,23640000,"*",0.590317925804318,0.857163370899742,2.07119741100323
"chr21",23640001,23645000,"*",0.149278621271904,0.52054995413764,6.6821499668215
"chr21",23645001,23650000,"*",0.097310804941723,0.439649716414083,14.4110275689223
"chr21",23650001,23655000,"*",0.0857738936192662,0.41700585902036,8.69565217391304
"chr21",23655001,23660000,"*",0.339871283544101,0.707488853344313,3.7042090183505
"chr21",23660001,23665000,"*",0.748085510469451,0.921345679502495,-1.92577030812324
"chr21",23665001,23670000,"*",0.969877290931564,0.997143855920606,-0.217391304347825
"chr21",23670001,23675000,"*",0.570298485314897,0.846435426809395,-1.91818612871244
"chr21",23675001,23680000,"*",0.713790166046248,0.907896664972883,1.797149349308
"chr21",23680001,23685000,"*",0.679169582264086,0.895790274543438,-2.23076923076923
"chr21",23685001,23690000,"*",0.405634410559482,0.756630476328845,4.48422545196739
"chr21",23690001,23695000,"*",0.966529910400947,0.99687577319816,-0.218164188752423
"chr21",23695001,23700000,"*",0.000208144271612493,0.0195100563924777,-21.3890963405526
"chr21",23700001,23705000,"*",0.314036122660831,0.689294204956338,4.47391333467282
"chr21",23705001,23710000,"*",0.0410647738372271,0.305810762792062,-13.6451576192102
"chr21",23710001,23715000,"*",0.673433875532324,0.893590061342438,-2.56603773584906
"chr21",23715001,23720000,"*",0.0225344080350119,0.224386527600755,16.1356030845337
"chr21",23720001,23725000,"*",0.264347255474272,0.64397446128717,-5.73004075761208
"chr21",23725001,23730000,"*",0.134744560849673,0.496985447415112,7.63574660633484
"chr21",23730001,23735000,"*",0.253768792947034,0.637921086121761,-4.58327829877163
"chr21",23735001,23740000,"*",0.664237729375692,0.888092665939732,-1.64129987659399
"chr21",23740001,23745000,"*",0.173698878463435,0.556564774657223,4.65588235294118
"chr21",23745001,23750000,"*",0.0167431679696741,0.200860871718104,-14.6879503381
"chr21",23750001,23755000,"*",0.188545534197895,0.573022314009978,7.30088495575221
"chr21",23755001,23760000,"*",0.945466269616545,0.991770117657212,0.257994186046506
"chr21",23760001,23765000,"*",0.486969987808318,0.808788410032639,-3.85395537525355
"chr21",23765001,23770000,"*",0.446157426225346,0.780935074181838,3.87677397023192
"chr21",23770001,23775000,"*",0.773458138919282,0.932147405845657,1.4172335600907
"chr21",23775001,23780000,"*",0.445043746459934,0.780667357961723,3.69205298013244
"chr21",23780001,23785000,"*",0.0264107293658685,0.241755118966985,9.10352002774406
"chr21",23785001,23790000,"*",0.0145533954758251,0.188342287003321,11.3843813387424
"chr21",23790001,23795000,"*",0.151547575663322,0.524126066560091,-12.9551820728291
"chr21",23795001,23800000,"*",0.464873241688211,0.793679675064013,-3.10734463276836
"chr21",23800001,23805000,"*",0.0793497851838503,0.407042440779387,-8.0952380952381
"chr21",23805001,23810000,"*",0.0128989078949186,0.178879798580138,-7.66051339424452
"chr21",23810001,23815000,"*",0.350140252776241,0.713222856198645,4.37859354268022
"chr21",23815001,23820000,"*",0.778315909422292,0.933235688766624,-1.33934767522553
"chr21",23820001,23825000,"*",0.572521926762257,0.848375540643446,-3.31663087568599
"chr21",23825001,23830000,"*",0.967307980571591,0.996955862715621,0.190476190476196
"chr21",23830001,23835000,"*",0.290462336374892,0.669175932604883,4.40195642507781
"chr21",23835001,23840000,"*",0.0334590679202585,0.27433095491901,8.31869633099141
"chr21",23840001,23845000,"*",0.801156227502242,0.94198499403592,-2.00109649122807
"chr21",23845001,23850000,"*",0.212695033252778,0.603766982688761,-5.6407617086979
"chr21",23850001,23855000,"*",0.73898388024357,0.91785099194237,2.23665223665224
"chr21",23855001,23860000,"*",0.665851443803462,0.88889776869319,-1.61582994901928
"chr21",23860001,23865000,"*",0.67455015680925,0.893890217223192,-2.2652640952858
"chr21",23865001,23870000,"*",0.448543035318112,0.781476465498471,-2.94860368389781
"chr21",23870001,23875000,"*",0.220624122975978,0.612954123434023,4.89790471106366
"chr21",23875001,23880000,"*",0.171926275836172,0.554168601159235,-5.39665077618873
"chr21",23880001,23885000,"*",0.308403123646329,0.686275446636762,-3.83574328655888
"chr21",23885001,23890000,"*",0.355374313597195,0.716661338091876,3.3513097072419
"chr21",23890001,23895000,"*",0.462981449839255,0.793066149276987,-2.975432211101
"chr21",23895001,23900000,"*",0.709965625729049,0.906311666765066,1.85758513931888
"chr21",23900001,23905000,"*",0.0619054324399093,0.360672581175808,8.57142857142856
"chr21",23905001,23910000,"*",0.567732229852609,0.845873614977653,2.26826608505998
"chr21",23910001,23915000,"*",0.488030705903922,0.808788410032639,-3.10800310800311
"chr21",23915001,23920000,"*",0.519134732918739,0.822454668297301,3.86461227582723
"chr21",23920001,23925000,"*",0.0838964755343816,0.415346635920213,-9.26725830519124
"chr21",23925001,23930000,"*",0.262285145325246,0.64397446128717,6.79374389051809
"chr21",23930001,23935000,"*",0.033077785334234,0.27433095491901,-8.58108108108108
"chr21",23935001,23940000,"*",0.919629495561975,0.985818138731425,-0.547536087605782
"chr21",23940001,23945000,"*",0.193232359863543,0.578791431546957,6.9247546346783
"chr21",23945001,23950000,"*",0.318535110202896,0.690279077655977,2.72946859903381
"chr21",23950001,23955000,"*",0.0234240675930064,0.22688919527081,-11.6161616161616
"chr21",23955001,23960000,"*",0.669365124876921,0.891556807102076,-2.51077586206897
"chr21",23960001,23965000,"*",0.0393025680140522,0.29876465520417,-9.56632653061225
"chr21",23965001,23970000,"*",0.0100897721199142,0.159754725231974,-12.8342245989305
"chr21",23970001,23975000,"*",0.519729737894626,0.822454668297301,-3.17590916570676
"chr21",23980001,23985000,"*",0.0815931434578467,0.411397136187445,-8.83406611301091
"chr21",23985001,23990000,"*",0.326298139327458,0.695136369030856,-4.8582995951417
"chr21",23990001,23995000,"*",0.237650952546992,0.628550111514431,-5.96422764227642
"chr21",23995001,24000000,"*",0.00868324795570128,0.15019043747661,-12.3500260824205
"chr21",24000001,24005000,"*",0.483706966548115,0.806178277580192,3.53733170134639
"chr21",24005001,24010000,"*",0.684203189961218,0.89731413878381,-1.68350168350168
"chr21",24010001,24015000,"*",0.0344747766329524,0.277598535007036,9.38616938616939
"chr21",24015001,24020000,"*",0.290767190662221,0.669175932604883,-6.59722222222222
"chr21",24020001,24025000,"*",0.397238829932817,0.750221917598643,-4.9526270456503
"chr21",24025001,24030000,"*",0.527102197359806,0.826204782037778,4.71393516724784
"chr21",24030001,24035000,"*",0.447892660350189,0.781366064276937,-3.86313465783665
"chr21",24035001,24040000,"*",0.587958241671732,0.85680514820526,-4.18679549114333
"chr21",24040001,24045000,"*",0.516044962937058,0.821139902545839,3.93368345175574
"chr21",24045001,24050000,"*",0.144358409894913,0.512545263414766,8.24033299149424
"chr21",24050001,24055000,"*",0.953412399972361,0.99426621518398,-0.423429781227946
"chr21",24055001,24060000,"*",0.0243948470809314,0.231751047268848,-11.5851974592654
"chr21",24060001,24065000,"*",0.969779060500217,0.997143855920606,-0.166369578134284
"chr21",24065001,24070000,"*",0.94259473689603,0.991091983305278,-0.33119658119658
"chr21",24070001,24075000,"*",0.56613799252272,0.844820651121783,-2.91021671826626
"chr21",24075001,24080000,"*",0.392073536030549,0.746553889028917,5.53211439287388
"chr21",24080001,24085000,"*",0.742996168840565,0.919564198347704,1.90217391304348
"chr21",24085001,24090000,"*",0.338224420233885,0.705705969120465,7.5682382133995
"chr21",24090001,24095000,"*",0.520848017079897,0.822454668297301,-3.17460317460317
"chr21",24095001,24100000,"*",0.955058442796519,0.99426621518398,-0.388319353836597
"chr21",24100001,24105000,"*",0.0390680824943079,0.298320835947359,-16.4858490566038
"chr21",24105001,24110000,"*",0.936610141427006,0.989266186235458,-0.554484088717455
"chr21",24110001,24115000,"*",0.0112077810613193,0.167601852185543,-12.7211686779784
"chr21",24115001,24120000,"*",0.0134021738085174,0.18330210481299,11.3701923076923
"chr21",24120001,24125000,"*",0.225640553592966,0.615154173101253,-7.07749766573296
"chr21",24125001,24130000,"*",0.17639297230872,0.557573109411106,-5.19261494763004
"chr21",24130001,24135000,"*",0.670478495759488,0.892131363325227,-2.96442687747035
"chr21",24135001,24140000,"*",0.0507518713021174,0.337545558423733,-11.58357771261
"chr21",24140001,24145000,"*",0.520628603541859,0.822454668297301,2.87140456657111
"chr21",24145001,24150000,"*",0.162423340453788,0.536908062434045,-4.3859649122807
"chr21",24150001,24155000,"*",0.515134416114399,0.821139902545839,-2.96718737085709
"chr21",24155001,24160000,"*",0.332170927325144,0.699569089004122,6.38461538461539
"chr21",24165001,24170000,"*",0.0183617189885491,0.209550137158279,-11.0287408759124
"chr21",24170001,24175000,"*",0.698157903290355,0.901386604248153,2.05741626794258
"chr21",24175001,24180000,"*",0.320092546166698,0.690896714630608,-6.7989590110605
"chr21",24180001,24185000,"*",0.721178957735035,0.910834948033418,-1.62790697674419
"chr21",24185001,24190000,"*",0.13964920166604,0.504791450320734,-8.96751563214885
"chr21",24195001,24200000,"*",0.172122389326378,0.5542817092774,8.63265306122449
"chr21",24200001,24205000,"*",0.11502024693611,0.465243001128223,-5.6535096507046
"chr21",24205001,24210000,"*",0.770432540345581,0.931088320204476,-1.21255012974758
"chr21",24210001,24215000,"*",0.0770006334796277,0.402586837189295,-7.97626895187871
"chr21",24215001,24220000,"*",0.232581535570477,0.623081357395108,5.96551724137931
"chr21",24220001,24225000,"*",0.744940453542303,0.919638698978103,1.68855534709194
"chr21",24225001,24230000,"*",0.466805711222321,0.795153505768648,-3.73230373230373
"chr21",24230001,24235000,"*",0.329487293468458,0.696420827746019,-6.3091037402964
"chr21",24235001,24240000,"*",0.875024398087283,0.969507325103692,0.849514563106801
"chr21",24240001,24245000,"*",0.257762282701763,0.641326175798401,6.53440403086129
"chr21",24245001,24250000,"*",0.169834857897795,0.550733982049573,-5.47911787665886
"chr21",24250001,24255000,"*",0.0534415410244196,0.34247405050289,-7.5
"chr21",24255001,24260000,"*",0.759308208379538,0.926591881232864,2.2615315718764
"chr21",24260001,24265000,"*",0.311092413666119,0.687945790523064,4.10967741935484
"chr21",24265001,24270000,"*",0.125163264348314,0.485844148431438,5.91706539074961
"chr21",24270001,24275000,"*",0.348183477142568,0.713063741720566,-5.10892730286526
"chr21",24275001,24280000,"*",0.124740881682022,0.484490827748406,-13.5454801464376
"chr21",24280001,24285000,"*",0.379228549823147,0.73605099537734,3.18556201550387
"chr21",24285001,24290000,"*",0.0775402205236166,0.402990843781034,-8.46764346764347
"chr21",24290001,24295000,"*",0.153315286914593,0.526787129525702,-8.70162297128589
"chr21",24295001,24300000,"*",0.546204529026611,0.83506653414964,2.55187079717225
"chr21",24300001,24305000,"*",0.436880222456391,0.77609274352314,4.98575498575499
"chr21",24305001,24310000,"*",0.821086146868943,0.950898369614441,0.988764044943824
"chr21",24310001,24315000,"*",0.0562499892560617,0.348066647233362,-6.37604790419161
"chr21",24315001,24320000,"*",0.965393109551519,0.996645227615115,-0.170468382173883
"chr21",24320001,24325000,"*",0.730938581044686,0.914486247507412,-2.88763339610797
"chr21",24325001,24330000,"*",0.913768584293321,0.983502787643196,-0.526315789473686
"chr21",24330001,24335000,"*",0.154611729778176,0.527612036185705,-4.77018633540373
"chr21",24335001,24340000,"*",0.127061661962364,0.487454513118457,-5.68454026165469
"chr21",24340001,24345000,"*",0.290780582193135,0.669175932604883,4.63201235203294
"chr21",24345001,24350000,"*",0.149260610196208,0.52054995413764,6.38511814982403
"chr21",24350001,24355000,"*",0.520295595557246,0.822454668297301,-2.90262172284644
"chr21",24355001,24360000,"*",0.601259804699475,0.86421108710638,1.72289077398566
"chr21",24360001,24365000,"*",0.573620630945721,0.848584192727493,2.77383906416164
"chr21",24365001,24370000,"*",0.391525788076488,0.746541038021516,-4.68671679197995
"chr21",24370001,24375000,"*",0.421470992267735,0.765735032104891,-3.95989974937344
"chr21",24375001,24380000,"*",0.0576119224059397,0.34988118038369,5.87855297157623
"chr21",24380001,24385000,"*",0.804074710017588,0.943855171454647,1.51717441437067
"chr21",24385001,24390000,"*",0.166557895046226,0.543594244278071,-10.5969331872946
"chr21",24390001,24395000,"*",0.242437375350114,0.62944339640872,-7.21169823861748
"chr21",24395001,24400000,"*",0.845800979685174,0.957041595300014,-1.37759710930443
"chr21",24400001,24405000,"*",0.551792884277524,0.838488828668223,-3.27380952380952
"chr21",24405001,24410000,"*",0.0563013626801075,0.348066647233362,-14.078947368421
"chr21",24410001,24415000,"*",0.790755636444493,0.936846990345568,-1.09376920240876
"chr21",24415001,24420000,"*",0.497848339899647,0.813391173918986,-3.30528846153846
"chr21",24420001,24425000,"*",0.0152737860438532,0.194167659834156,-19.8376700883266
"chr21",24425001,24430000,"*",0.101951567635478,0.446788424716023,-11.7063492063492
"chr21",24430001,24435000,"*",0.680080695340123,0.896154309945277,-2.81610813855252
"chr21",24435001,24440000,"*",0.142506117090281,0.508795329174543,-6.39719202898551
"chr21",24440001,24445000,"*",0.020821935090403,0.219379780580338,-10.9591944886063
"chr21",24445001,24450000,"*",0.848318729764579,0.958328888035512,1.11111111111111
"chr21",24450001,24455000,"*",0.0188960631580068,0.212923767589813,-11.7868600920631
"chr21",24455001,24460000,"*",0.0270943981017055,0.243261326507011,-10.5882352941177
"chr21",24460001,24465000,"*",0.260973040332373,0.64397446128717,-5.73236196319018
"chr21",24465001,24470000,"*",0.0208464930751436,0.219379780580338,5.90858416945373
"chr21",24470001,24475000,"*",0.387695633217219,0.742532728383469,-4.6218487394958
"chr21",24475001,24480000,"*",0.511462499319675,0.819853127816417,3.57744107744108
"chr21",24480001,24485000,"*",0.856509708366593,0.961863138948426,-0.901050304035378
"chr21",24485001,24490000,"*",0.203284487389602,0.592491685882631,-7.11849957374254
"chr21",24490001,24495000,"*",0.853652278496996,0.96089875469963,-0.850467289719625
"chr21",24495001,24500000,"*",0.000928364348761166,0.0482030300793766,-12.8909158600149
"chr21",24500001,24505000,"*",0.904599292354102,0.979921449277727,0.476190476190474
"chr21",24505001,24510000,"*",0.234253846667962,0.624973260749819,5.35771319067391
"chr21",24510001,24515000,"*",0.130123477930382,0.491446165462606,-7.18141870684244
"chr21",24515001,24520000,"*",0.218761234417185,0.611974324692721,-7.39024390243902
"chr21",24520001,24525000,"*",0.856490632752875,0.961863138948426,-1.01118133203695
"chr21",24525001,24530000,"*",0.466435542505397,0.794726578723447,3.46051464063887
"chr21",24530001,24535000,"*",0.603950600798544,0.864367411159154,-2.67605633802818
"chr21",24535001,24540000,"*",0.503504328876149,0.815164316511133,3.11100049776007
"chr21",24540001,24545000,"*",0.7603698140381,0.926894363219672,2.05128205128204
"chr21",24545001,24550000,"*",0.960041924401168,0.995102322258115,0.277147896195507
"chr21",24550001,24555000,"*",0.918734240392493,0.985300801088321,-0.581226387678002
"chr21",24555001,24560000,"*",0.246948524772708,0.63149069486856,5.88389349628983
"chr21",24560001,24565000,"*",0.821933143939695,0.950898369614441,1.36363636363637
"chr21",24565001,24570000,"*",0.0625293500382786,0.36299036397118,6.93693693693693
"chr21",24570001,24575000,"*",0.447729946927229,0.781366064276937,3.82963493199714
"chr21",24575001,24580000,"*",0.184348188220992,0.56902691231965,7.51748251748252
"chr21",24585001,24590000,"*",0.22128752244766,0.613220004342589,-5.07217321571772
"chr21",24590001,24595000,"*",0.701524963403979,0.902580695006901,1.37308039747064
"chr21",24595001,24600000,"*",0.719737819683082,0.91035568052754,-2.59994408722393
"chr21",24600001,24605000,"*",0.888650262837224,0.974117280970244,-0.78125
"chr21",24605001,24610000,"*",0.0211103517474379,0.219579764745453,12.1243773099791
"chr21",24610001,24615000,"*",0.166315467329814,0.543316125163684,-11.056376573618
"chr21",24615001,24620000,"*",0.517892698412715,0.822404714217616,3.02464525765497
"chr21",24620001,24625000,"*",0.00065197192874058,0.0395200682631156,-15.2667320332643
"chr21",24625001,24630000,"*",0.974372798415401,0.9988408871652,0.165289256198342
"chr21",24630001,24635000,"*",0.0724705097824837,0.393801125393143,9.28735632183908
"chr21",24635001,24640000,"*",0.274196971591099,0.654957343044636,-4.45725534308211
"chr21",24640001,24645000,"*",0.825095730725369,0.950974461170252,-0.907029478458055
"chr21",24645001,24650000,"*",0.485685349877636,0.808325759857903,3.125
"chr21",24650001,24655000,"*",0.0187664956027485,0.212787845302132,12.405303030303
"chr21",24655001,24660000,"*",0.34459196420063,0.710247815711245,4.83704620462047
"chr21",24660001,24665000,"*",0.43173779247089,0.774106644920255,-4.03247510540953
"chr21",24665001,24670000,"*",0.662683634318307,0.887324855197383,2.27811329409067
"chr21",24670001,24675000,"*",0.16570549917559,0.542322932590502,-7.7020202020202
"chr21",24675001,24680000,"*",0.292928703505265,0.670996671763444,7.48210800260247
"chr21",24680001,24685000,"*",0.32865225390645,0.695911248482633,4.96608281866964
"chr21",24685001,24690000,"*",0.323189880042311,0.693324643484115,4.81389578163772
"chr21",24690001,24695000,"*",0.127306724467046,0.487985972193748,7.20707222055739
"chr21",24695001,24700000,"*",0.488326584316731,0.808788410032639,2.74509803921569
"chr21",24700001,24705000,"*",0.507147248506062,0.817411803195674,-4.71014492753623
"chr21",24705001,24710000,"*",0.616098760986422,0.870412839576878,2.81012658227848
"chr21",24710001,24715000,"*",0.564302802590496,0.843693896684641,-2.90076335877864
"chr21",24715001,24720000,"*",0.560699630714125,0.841172717112329,-3.34346504559271
"chr21",24720001,24725000,"*",0.718357733843923,0.909755876224605,-1.64848484848485
"chr21",24725001,24730000,"*",0.264287653233286,0.64397446128717,6.90164626424652
"chr21",24730001,24735000,"*",0.000120586875848143,0.0151379595930794,26.3378230797233
"chr21",24735001,24740000,"*",0.0859422412971179,0.417247207402444,-8.96049896049895
"chr21",24740001,24745000,"*",0.337910724902528,0.705705969120465,5.94278807413376
"chr21",24745001,24750000,"*",0.73539002961303,0.916514768472463,1.7304189435337
"chr21",24750001,24755000,"*",0.168675774677909,0.548723135578761,8.52272727272727
"chr21",24755001,24760000,"*",0.415142997902758,0.760958680672207,6.69438669438669
"chr21",24760001,24765000,"*",0.295656631859843,0.673514621508328,-4.004329004329
"chr21",24765001,24770000,"*",0.312579720244172,0.6888301597473,-3.92732267732268
"chr21",24770001,24775000,"*",0.44632232278874,0.780935074181838,-2.82828282828282
"chr21",24775001,24780000,"*",0.145236514793605,0.513587876760081,9.20634920634921
"chr21",24780001,24785000,"*",0.806896194918229,0.945255832407123,-1.11880393337347
"chr21",24785001,24790000,"*",0.0452258602481106,0.320230876534516,-11.0606060606061
"chr21",24790001,24795000,"*",0.0879142288685602,0.421299968788042,-9.42528735632183
"chr21",24795001,24800000,"*",0.0546533361222417,0.34582624026945,-10.5969148222669
"chr21",24800001,24805000,"*",0.449729233269128,0.782433521283172,-3.6056338028169
"chr21",24805001,24810000,"*",0.126661647483915,0.487454513118457,7.17263917061077
"chr21",24810001,24815000,"*",0.353329462155836,0.714793127756987,-5.24615384615385
"chr21",24820001,24825000,"*",0.523224901102021,0.82303415928571,-2.8297418896519
"chr21",24825001,24830000,"*",0.833162024473671,0.954855252524672,-1.15500115500116
"chr21",24830001,24835000,"*",0.743761313201286,0.919564198347704,2.27642276422765
"chr21",24835001,24840000,"*",0.384481777959049,0.740725376555799,-2.31157078215902
"chr21",24840001,24845000,"*",0.414890826182519,0.760958680672207,-2.47571001494769
"chr21",24845001,24850000,"*",0.0815738553563779,0.411397136187445,8.79140239605355
"chr21",24850001,24855000,"*",0.745355821486984,0.919756262077145,1.25832414103035
"chr21",24855001,24860000,"*",0.704468396004399,0.904054914916196,-2.50863060989643
"chr21",24860001,24865000,"*",0.0735761210625212,0.395443525282511,11.25
"chr21",24865001,24870000,"*",0.225748495896737,0.615154173101253,7.98850574712644
"chr21",24870001,24875000,"*",0.163856388017609,0.53978931947694,8.75994174974796
"chr21",24875001,24880000,"*",0.382737499976091,0.738948202582677,-4.02892561983471
"chr21",24885001,24890000,"*",0.0968217801497121,0.439050649760049,-11.4498404820985
"chr21",24890001,24895000,"*",0.347880428129474,0.713063741720566,4.50310559006212
"chr21",24900001,24905000,"*",0.113550997774915,0.462493345514285,-5.98039215686275
"chr21",24905001,24910000,"*",0.4882017131643,0.808788410032639,-3.12446498887177
"chr21",24910001,24915000,"*",0.500019425907487,0.813731309848024,3.00699300699301
"chr21",24915001,24920000,"*",0.690837429759735,0.899201468470827,2.27714033539276
"chr21",24920001,24925000,"*",0.119522579116496,0.47606297966431,12.7459016393443
"chr21",24925001,24930000,"*",0.252024645514572,0.635941870026415,-8.93939393939394
"chr21",24930001,24935000,"*",0.722412735968859,0.910834948033418,-1.66931637519873
"chr21",24935001,24940000,"*",0.11031811405414,0.460437300579036,-7.61839396019217
"chr21",24940001,24945000,"*",0.340607691525797,0.707844840955844,3.79109375884118
"chr21",24945001,24950000,"*",0.730084284659766,0.913736133185062,-1.86023622047244
"chr21",24955001,24960000,"*",0.0414994622381205,0.307419620162262,8.50897736143638
"chr21",24960001,24965000,"*",0.227499442739728,0.618214566084378,6.26566416040101
"chr21",24965001,24970000,"*",0.295084343797026,0.673363826511112,5.80515670835263
"chr21",24970001,24975000,"*",0.0585978000795186,0.351802621522646,10.6578947368421
"chr21",24980001,24985000,"*",0.0434228366982025,0.314593351424154,-11.8055555555555
"chr21",24985001,24990000,"*",0.231933148340201,0.622324440012067,5.76496674057649
"chr21",24990001,24995000,"*",0.472615397292521,0.79921730871325,-3.12219227313567
"chr21",25000001,25005000,"*",0.514526338382744,0.821139902545839,-4.6875
"chr21",25005001,25010000,"*",0.0827555026608593,0.413253994025073,6.26200537840953
"chr21",25010001,25015000,"*",0.570388606542993,0.846435426809395,-2.79183923914711
"chr21",25015001,25020000,"*",0.175598819909993,0.557573109411106,6.70527670527671
"chr21",25020001,25025000,"*",0.0988078230107916,0.442150856630086,-5.27478127919817
"chr21",25025001,25030000,"*",0.558315278034815,0.840281825002087,-3.0124075399666
"chr21",25030001,25035000,"*",0.464267383267252,0.793208696336288,-4.86661860129777
"chr21",25035001,25040000,"*",0.265585598644901,0.644705372401123,5.65556343019136
"chr21",25040001,25045000,"*",0.00210468618011886,0.0711237353537318,-20.7809847198642
"chr21",25045001,25050000,"*",0.719330873033606,0.910285369533208,2.57142857142857
"chr21",25050001,25055000,"*",0.0376727385301211,0.292963884808353,9.4997662459093
"chr21",25055001,25060000,"*",0.00241640228916663,0.0759085154469669,12.8472222222222
"chr21",25060001,25065000,"*",0.0020785764901246,0.0711237353537318,-13.1295981890209
"chr21",25065001,25070000,"*",0.392340741254736,0.746700361064773,-5.68181818181819
"chr21",25070001,25075000,"*",0.00188651317113656,0.0687159978916583,26.497277676951
"chr21",25075001,25080000,"*",0.334530615974614,0.702097284196104,6.30797773654917
"chr21",25080001,25085000,"*",0.152218030984647,0.524477827101981,-7.49924630690383
"chr21",25085001,25090000,"*",0.146157465377537,0.514515751277392,-6.77083333333334
"chr21",25090001,25095000,"*",0.127714539276535,0.488749706648905,-9.14066776135742
"chr21",25095001,25100000,"*",0.000821047575802674,0.0461757156631424,-19.4960212201591
"chr21",25105001,25110000,"*",0.212817467061347,0.603766982688761,7.38396624472574
"chr21",25110001,25115000,"*",0.918173493759719,0.98515867843877,-0.657830142366223
"chr21",25115001,25120000,"*",0.459496789343815,0.790568386952281,2.92338709677419
"chr21",25120001,25125000,"*",0.324945619183121,0.694839461331873,4.05193532582068
"chr21",25125001,25130000,"*",0.0731756057719883,0.39493532324247,-10.8041014570966
"chr21",25130001,25135000,"*",0.90050499309672,0.97848415276038,0.752508361204007
"chr21",25135001,25140000,"*",0.357618510941095,0.718812972894424,4.63458110516933
"chr21",25140001,25145000,"*",0.883536121584576,0.972332331674948,-0.643291799478418
"chr21",25145001,25150000,"*",0.464943497732578,0.793679675064013,-3.90118190704701
"chr21",25150001,25155000,"*",0.00874277895242198,0.15019043747661,-17.8932921598902
"chr21",25155001,25160000,"*",0.24575703565806,0.630537211925608,-9.33636955107352
"chr21",25160001,25165000,"*",0.759798663173874,0.926680187736353,-2.15007215007215
"chr21",25165001,25170000,"*",0.634695200533045,0.876563345929752,2.76183644189383
"chr21",25170001,25175000,"*",0.0266587030739475,0.2424459024707,10.2329684430009
"chr21",25175001,25180000,"*",0.107807924566227,0.455524350406149,9.53619909502262
"chr21",25180001,25185000,"*",0.805377301431591,0.944735930095793,-1.17331336204206
"chr21",25185001,25190000,"*",0.637626469513496,0.877849691259934,2.08791208791209
"chr21",25190001,25195000,"*",0.837538734128149,0.956224600353471,1.00451395511476
"chr21",25195001,25200000,"*",0.325477431887035,0.694839461331873,-4.11607799852833
"chr21",25200001,25205000,"*",0.360800771503823,0.720794183865037,5.18341307814992
"chr21",25205001,25210000,"*",0.271988998359014,0.653177543122611,-7.19712115153938
"chr21",25210001,25215000,"*",0.327621353719058,0.695173421821049,4.30976430976431
"chr21",25215001,25220000,"*",0.481458349721484,0.805211513571467,3.84040964369532
"chr21",25220001,25225000,"*",0.160039370856431,0.53422449056064,9.43396226415094
"chr21",25225001,25230000,"*",0.890204676366975,0.974332691088251,-0.92592592592593
"chr21",25230001,25235000,"*",0.0403661647795308,0.302961653010566,-16.7532467532468
"chr21",25235001,25240000,"*",0.101200189538057,0.446322040434469,-18.6909581646424
"chr21",25240001,25245000,"*",0.676392439500731,0.895767541940096,2.58704061895552
"chr21",25245001,25250000,"*",0.710759991866918,0.906524308347791,-1.89542483660131
"chr21",25250001,25255000,"*",0.0456315844285867,0.322726396914451,10.7289107289107
"chr21",25255001,25260000,"*",0.572698319151255,0.848375540643446,2.77777777777778
"chr21",25260001,25265000,"*",0.672378071301323,0.892694587582305,1.82304326689353
"chr21",25265001,25270000,"*",0.00220612772568316,0.0728125723547071,-23.8095238095238
"chr21",25270001,25275000,"*",0.264918085639046,0.64397446128717,-6.74662668665668
"chr21",25275001,25280000,"*",0.04448068863414,0.318755597449546,-11.7194570135747
"chr21",25280001,25285000,"*",0.679169582264074,0.895790274543438,-2.23076923076923
"chr21",25285001,25290000,"*",0.773695606416701,0.932147405845657,1.48809523809523
"chr21",25290001,25295000,"*",0.376462871794076,0.733518289554421,-4.21575421575421
"chr21",25295001,25300000,"*",0.0832178900983783,0.414321365008215,11.6955627387599
"chr21",25305001,25310000,"*",0.290337846346677,0.669175932604883,-6.87397708674304
"chr21",25310001,25315000,"*",0.44845601938167,0.781476465498471,-5.47132498352011
"chr21",25315001,25320000,"*",0.0819072441865869,0.41161675068728,-9.0085906663571
"chr21",25320001,25325000,"*",5.12361423326963e-05,0.0097348670432123,-15.4282407407407
"chr21",25325001,25330000,"*",0.78520490897616,0.935433063904831,-1.2637828668363
"chr21",25330001,25335000,"*",0.334569829595583,0.702097284196104,-3.14563106796116
"chr21",25335001,25340000,"*",0.622442719473845,0.872688270567035,2.15215215215215
"chr21",25340001,25345000,"*",0.31327482641889,0.689286000460818,-5.12871287128713
"chr21",25345001,25350000,"*",0.529510283088764,0.827948685523578,-3.38680926916221
"chr21",25350001,25355000,"*",0.368086621015313,0.726255668183454,-5.23165018219677
"chr21",25355001,25360000,"*",0.250523476677372,0.635559358820352,5.08741258741259
"chr21",25360001,25365000,"*",0.562140893847028,0.841714693023346,1.875
"chr21",25365001,25370000,"*",0.0191579428360008,0.213320595097447,-9.18029164825452
"chr21",25370001,25375000,"*",0.0232359414849986,0.226822473994101,8.35407239819004
"chr21",25375001,25380000,"*",0.258277722076419,0.641326175798401,-7.75510204081632
"chr21",25380001,25385000,"*",0.408021175224924,0.758231261388108,-2.93957292139936
"chr21",25385001,25390000,"*",0.156640415952457,0.528999313892791,-7.08938120702827
"chr21",25390001,25395000,"*",0.456017987225682,0.787473949937741,-4.68409586056645
"chr21",25395001,25400000,"*",0.386750747621014,0.742046330724817,2.56324622192535
"chr21",25400001,25405000,"*",0.285169024835792,0.664260518421345,6.02582496413199
"chr21",25405001,25410000,"*",0.0318118274349139,0.267794471423786,-11.8187033849684
"chr21",25410001,25415000,"*",0.319648022755771,0.690573325130016,-5.76470588235294
"chr21",25415001,25420000,"*",0.0539245688365437,0.344756826005419,-11.0644257703081
"chr21",25420001,25425000,"*",0.00343957053405206,0.0895562253866147,-17.0386904761905
"chr21",25425001,25430000,"*",0.00670853787812554,0.126872687546291,-16.4247701983551
"chr21",25430001,25435000,"*",0.574977980098275,0.849179663884638,-2.9676511954993
"chr21",25435001,25440000,"*",0.954460775602071,0.99426621518398,0.283587380361572
"chr21",25440001,25445000,"*",0.758067430032537,0.925853723615138,-1.53398058252427
"chr21",25445001,25450000,"*",0.0358046910644487,0.284414664613643,9.54786562263198
"chr21",25450001,25455000,"*",0.827393409106706,0.951894471837645,-1.76767676767676
"chr21",25455001,25460000,"*",0.243527089564099,0.62944339640872,7.2356215213358
"chr21",25460001,25465000,"*",0.13081403423239,0.493095260404131,-7.12934296525628
"chr21",25465001,25470000,"*",0.411504298114773,0.759399848237984,4.73450600032877
"chr21",25470001,25475000,"*",0.0212801266622512,0.220322960877211,-11.5971407233543
"chr21",25475001,25480000,"*",0.550901825775785,0.838095614629683,-2.63233601841197
"chr21",25480001,25485000,"*",0.0562652535162401,0.348066647233362,-8.79584550470626
"chr21",25485001,25490000,"*",0.00206751198888579,0.0711237353537318,-20.7643814026793
"chr21",25490001,25495000,"*",0.65778087711626,0.885622146030948,-1.6860465116279
"chr21",25495001,25500000,"*",0.698897189836806,0.901577629139273,-1.29870129870129
"chr21",25500001,25505000,"*",0.260816436594546,0.64397446128717,6.41891891891891
"chr21",25505001,25510000,"*",0.587181032054141,0.856705996272856,-1.95945945945946
"chr21",25510001,25515000,"*",0.212863954762242,0.603766982688761,5.1966937088627
"chr21",25515001,25520000,"*",0.0919141098255262,0.430024118503174,-9.51704545454546
"chr21",25520001,25525000,"*",0.89701461135857,0.977266498740903,0.813356164383561
"chr21",25525001,25530000,"*",0.613103193829602,0.868208693024372,-2.88671023965141
"chr21",25530001,25535000,"*",0.959600653474444,0.994967313393058,-0.141379566932065
"chr21",25535001,25540000,"*",0.0329301335055193,0.273963122537042,10.0262314194112
"chr21",25540001,25545000,"*",0.261092421988172,0.64397446128717,-5.26315789473685
"chr21",25545001,25550000,"*",0.680399682250027,0.896154309945277,2.09059233449478
"chr21",25550001,25555000,"*",0.191388429259413,0.576129848331783,-5.64545454545454
"chr21",25555001,25560000,"*",0.0723329380758796,0.393801125393143,-8.72438863185724
"chr21",25560001,25565000,"*",0.777667022245338,0.933235688766624,1.11588451596461
"chr21",25565001,25570000,"*",0.707698420210872,0.905128025943939,-2.33428367783322
"chr21",25570001,25575000,"*",0.111220405800087,0.461404660244149,8.6218728554495
"chr21",25575001,25580000,"*",0.170259963867817,0.551071614176223,4.60069444444444
"chr21",25580001,25585000,"*",0.592074039308498,0.85802525177051,-1.3574297188755
"chr21",25585001,25590000,"*",0.318342772890464,0.690086245272885,2.74276859504132
"chr21",25590001,25595000,"*",0.907826481348695,0.981396303841508,-0.380741832473597
"chr21",25595001,25600000,"*",0.493817688576772,0.812266781442682,2.7191748710736
"chr21",25600001,25605000,"*",0.557397905011252,0.840281825002087,-1.6617621602908
"chr21",25605001,25610000,"*",9.49065930927827e-08,8.33991686802828e-05,26.824644549763
"chr21",25610001,25615000,"*",0.0579725508104686,0.350209918507837,8.01945181255527
"chr21",25615001,25620000,"*",0.562394411182047,0.841914972446718,-2.72266779231743
"chr21",25620001,25625000,"*",0.00417826597749304,0.1008786360831,14.4745839981764
"chr21",25625001,25630000,"*",0.376313599050608,0.733430718415796,-3.6339522546419
"chr21",25630001,25635000,"*",0.0196733816891357,0.2144246097281,-8.06912442396314
"chr21",25635001,25640000,"*",0.870954319511054,0.967947913537752,0.929723817336614
"chr21",25640001,25645000,"*",0.501173713734468,0.814702706224476,3.64247496227192
"chr21",25645001,25650000,"*",0.640014428979338,0.878769811664989,2.92020631067961
"chr21",25650001,25655000,"*",0.0179033455212774,0.207820018278348,-9.61982453440049
"chr21",25655001,25660000,"*",0.696883651301727,0.90016686487122,-1.94942044257113
"chr21",25660001,25665000,"*",0.908218887581344,0.981529717221901,-0.579101438207963
"chr21",25665001,25670000,"*",0.0248107993718252,0.234750901189679,6.52390438247012
"chr21",25670001,25675000,"*",0.728504704813448,0.913429919957293,-1.1512297226583
"chr21",25675001,25680000,"*",0.74218201924481,0.919552272698452,0.721534128178414
"chr21",25680001,25685000,"*",0.958136231144395,0.994618979526121,-0.157645822385699
"chr21",25685001,25690000,"*",0.176049836163184,0.557573109411106,8.96630496858938
"chr21",25690001,25695000,"*",0.150846691160943,0.522905443225556,5.46875
"chr21",25695001,25700000,"*",0.252051675218184,0.635941870026415,-3.40557275541795
"chr21",25700001,25705000,"*",0.284898809797187,0.664161978962893,5.06737385321101
"chr21",25705001,25710000,"*",0.95720840258691,0.994618979526121,0.160782043861341
"chr21",25710001,25715000,"*",0.604687690142246,0.865070098026046,-1.72328631798474
"chr21",25715001,25720000,"*",0.97098477006864,0.997143855920606,0.103899278816777
"chr21",25720001,25725000,"*",0.000385448378536636,0.029136581732393,-14.2940286346176
"chr21",25725001,25730000,"*",0.637720963480012,0.877849691259934,-0.740286003177815
"chr21",25730001,25735000,"*",0.00307259056153677,0.0842306166747073,-14.1883116883117
"chr21",25735001,25740000,"*",0.623745006204475,0.873143646678109,2.30131555235177
"chr21",25740001,25745000,"*",0.186792463323347,0.572122650065984,3.30206378986866
"chr21",25745001,25750000,"*",0.76524110501759,0.930263302551502,0.721153846153844
"chr21",25750001,25755000,"*",0.0990456103911683,0.442370165851279,-6.23273364328549
"chr21",25755001,25760000,"*",0.488640275061229,0.809029941987856,-2.52490871959898
"chr21",25760001,25765000,"*",0.295398867846411,0.673363826511112,2.36460717009916
"chr21",25765001,25770000,"*",0.676858207834911,0.895767541940096,-1.55502392344498
"chr21",25770001,25775000,"*",0.630782408242957,0.875370413175896,-2.94970986460348
"chr21",25775001,25780000,"*",0.723080091892985,0.91106679824216,0.618349151567443
"chr21",25780001,25785000,"*",0.619078334223627,0.87146990180058,-1.36355699477753
"chr21",25785001,25790000,"*",0.439547056589529,0.77609274352314,-2.3092890503373
"chr21",25790001,25795000,"*",0.02611282048187,0.241226186580218,-15.1378446115288
"chr21",25795001,25800000,"*",0.0166019487365331,0.200191594541728,5.85392902408112
"chr21",25800001,25805000,"*",0.034375130356166,0.277598535007036,11.1352657004831
"chr21",25805001,25810000,"*",0.705705444982434,0.904534533262356,1.35152124717124
"chr21",25810001,25815000,"*",0.824533777547986,0.950898369614441,-0.545454545454549
"chr21",25815001,25820000,"*",0.00184093534594678,0.0677579868167847,-12.01546225706
"chr21",25820001,25825000,"*",0.483359041201749,0.805973908501706,-2.0693871792058
"chr21",25825001,25830000,"*",0.0234680810103987,0.226933438106056,-8.41517857142857
"chr21",25830001,25835000,"*",0.946561256341833,0.992146359338465,0.348297213622295
"chr21",25835001,25840000,"*",0.687489089511652,0.898503123120824,-1.72701235412303
"chr21",25840001,25845000,"*",0.0210070229249163,0.219573588225558,-8.5337048028587
"chr21",25845001,25850000,"*",0.264056144273746,0.64397446128717,-5.08828828828829
"chr21",25850001,25855000,"*",0.0343074626994771,0.277598535007036,9.88405797101449
"chr21",25855001,25860000,"*",0.0319991964989897,0.268441946763601,-6.67103538663172
"chr21",25860001,25865000,"*",0.341275799379374,0.708437412252002,3.36324944485565
"chr21",25865001,25870000,"*",0.355487272611977,0.716683546447434,-2.60671228413164
"chr21",25870001,25875000,"*",0.114450425156014,0.464234239648838,-2.75160104219934
"chr21",25875001,25880000,"*",0.771613103603803,0.931714207889855,-0.962401109208055
"chr21",25880001,25885000,"*",0.27331834490377,0.654467144512166,-4.06584873427551
"chr21",25885001,25890000,"*",0.912993118059352,0.983502787643196,0.268992147164737
"chr21",25890001,25895000,"*",0.192685343326312,0.578475884793758,-5.72463768115942
"chr21",25895001,25900000,"*",0.000323246925524275,0.0264235568190192,-16.3761515912898
"chr21",25900001,25905000,"*",0.243599072605241,0.62944339640872,3.65513509012947
"chr21",25905001,25910000,"*",0.472796058341096,0.79921730871325,-2.6954177897574
"chr21",25910001,25915000,"*",0.817722368135254,0.949594159121394,0.716049382716055
"chr21",25915001,25920000,"*",0.425170607543088,0.769390603467329,2.234382124943
"chr21",25920001,25925000,"*",0.859178357414127,0.963167573372877,0.978260869565217
"chr21",25925001,25930000,"*",0.080373626708406,0.408551406912577,-7.83333333333334
"chr21",25930001,25935000,"*",0.755179989704199,0.924915230092445,0.895245935377653
"chr21",25935001,25940000,"*",0.000200819894967309,0.0195100563924777,11.9464905596478
"chr21",25940001,25945000,"*",0.443408238859602,0.779679819705604,1.79781442168344
"chr21",25945001,25950000,"*",0.869291883461717,0.967255767764462,-0.570391495981326
"chr21",25950001,25955000,"*",0.634671906733689,0.876563345929752,2.26412543930792
"chr21",25955001,25960000,"*",0.498918836378021,0.813391173918986,-1.86413902053713
"chr21",25965001,25970000,"*",0.152986518231167,0.525914534555065,-4.88289003572846
"chr21",25970001,25975000,"*",0.0460623961022165,0.324289773438591,-7.74980930587338
"chr21",25975001,25980000,"*",0.609098702933485,0.866985587262336,2.08036477628954
"chr21",25980001,25985000,"*",0.891759127890514,0.974780269791788,0.593900481540932
"chr21",25985001,25990000,"*",0.925558530356097,0.987264970792815,0.248092117681953
"chr21",25990001,25995000,"*",0.575841519537261,0.849562619590125,1.37559808612441
"chr21",25995001,26000000,"*",0.501867981179155,0.815164316511133,-2.0070611712334
"chr21",26000001,26005000,"*",0.244848082250529,0.630306429305182,3.68728974696505
"chr21",26005001,26010000,"*",0.279046315686813,0.657883844517469,-3.78151260504201
"chr21",26010001,26015000,"*",0.8148879396012,0.949397118892349,0.459684787574233
"chr21",26015001,26020000,"*",0.553705042360032,0.839282382070339,1.61860465116278
"chr21",26020001,26025000,"*",0.641925515503113,0.879865478365485,-1.09989001099891
"chr21",26025001,26030000,"*",0.123935994057927,0.483233520924695,4.1466671478581
"chr21",26030001,26035000,"*",0.0861865509514583,0.417856174612932,-7.67022149302707
"chr21",26035001,26040000,"*",0.47207802739033,0.799056873057692,2.28147333699835
"chr21",26040001,26045000,"*",0.236350315891473,0.62738740069957,-5.59527768540072
"chr21",26045001,26050000,"*",0.85765199799658,0.962514706578027,-0.608242303872897
"chr21",26050001,26055000,"*",0.38125282911746,0.737739440874137,-3.56902356902357
"chr21",26060001,26065000,"*",0.385560124042214,0.741583494395831,-3.40292618773631
"chr21",26065001,26070000,"*",0.272262048575567,0.653466098151668,-4.39308299289272
"chr21",26070001,26075000,"*",5.60794225033827e-05,0.0101086753897123,-19.7690609611139
"chr21",26075001,26080000,"*",0.179446927718623,0.561920668980811,-2.9473169864961
"chr21",26080001,26085000,"*",0.548534757103721,0.836848815633498,1.67052023121388
"chr21",26085001,26090000,"*",0.228473502047427,0.619048604431663,-4.06779661016949
"chr21",26090001,26095000,"*",0.908229133787833,0.981529717221901,0.442282176028308
"chr21",26095001,26100000,"*",0.732683393425674,0.91562341766511,1.04503339797458
"chr21",26100001,26105000,"*",0.00540447927771519,0.114438220850415,7.86868686868687
"chr21",26105001,26110000,"*",0.0131250202851828,0.180565347563278,7.7403414195867
"chr21",26110001,26115000,"*",0.185525322589305,0.571034596235909,-4.45283018867925
"chr21",26115001,26120000,"*",0.00209584007684313,0.0711237353537318,-11.9398907103825
"chr21",26120001,26125000,"*",0.904633531472744,0.979921449277727,0.488198335880452
"chr21",26125001,26130000,"*",0.119523635719418,0.47606297966431,-5.3475935828877
"chr21",26130001,26135000,"*",0.93423500925702,0.989266186235458,0.264611136677406
"chr21",26135001,26140000,"*",0.18314299462074,0.568179722940779,5.94759752218316
"chr21",26140001,26145000,"*",0.00170756740630614,0.0645387035824311,-13.5064935064935
"chr21",26145001,26150000,"*",0.137225007127176,0.499840310934738,-6.52985074626866
"chr21",26150001,26155000,"*",0.702791893444512,0.90272739099487,-1.23250370228826
"chr21",26155001,26160000,"*",0.131810387465675,0.49499306831394,-3.93783371472158
"chr21",26160001,26165000,"*",0.926856724521919,0.987691795268924,-0.393184796854518
"chr21",26165001,26170000,"*",0.859966569665542,0.963430728842758,-0.956900875872979
"chr21",26170001,26175000,"*",9.32133601822746e-05,0.0123639607939885,14.7727272727273
"chr21",26175001,26180000,"*",0.855082277377018,0.961335104743393,0.647372429550652
"chr21",26180001,26185000,"*",0.891374312186368,0.974780269791788,-0.560695262125033
"chr21",26185001,26190000,"*",0.20590580674244,0.596422670539496,-4.6847561321022
"chr21",26190001,26195000,"*",0.641749218025972,0.879865478365485,1.50569062486161
"chr21",26195001,26200000,"*",0.318277567014414,0.690086245272885,-3.62717574396406
"chr21",26200001,26205000,"*",0.408981067724879,0.759205475935649,-2.93956043956044
"chr21",26205001,26210000,"*",0.825578079693422,0.951288952670834,-0.773469490925627
"chr21",26210001,26215000,"*",0.0644420296490363,0.367121125148076,6.21770025839793
"chr21",26215001,26220000,"*",0.0271979687930472,0.243569070847289,-10.2040816326531
"chr21",26220001,26225000,"*",0.581581631279277,0.853552999560191,-1.88193121989469
"chr21",26225001,26230000,"*",0.428077244432259,0.770685782747936,-2.65268629296052
"chr21",26230001,26235000,"*",0.452544891939207,0.785722546389881,2.49667562213357
"chr21",26235001,26240000,"*",0.113703666348688,0.462847003144918,-6.69642857142857
"chr21",26240001,26245000,"*",0.116436196777001,0.468621792011832,-4.79410154866544
"chr21",26245001,26250000,"*",0.224724702853399,0.615154173101253,6.38745290458249
"chr21",26250001,26255000,"*",0.00553140867677998,0.116608307748785,-12.4569460390356
"chr21",26255001,26260000,"*",0.0857737883690192,0.41700585902036,6.07606679035251
"chr21",26260001,26265000,"*",0.797327882013087,0.940283296363922,-1.26582278481013
"chr21",26265001,26270000,"*",0.790445382326663,0.936846990345568,1.29780067366753
"chr21",26270001,26275000,"*",0.0260314625616742,0.241066637527765,15.8287705326033
"chr21",26275001,26280000,"*",0.419545231771242,0.76409403610151,3.69978858350951
"chr21",26280001,26285000,"*",0.0174844059406901,0.205064944257732,-10.2431478706434
"chr21",26285001,26290000,"*",0.415317043753535,0.760958680672207,-2.14126427888772
"chr21",26290001,26295000,"*",0.447186135428326,0.781366064276937,-4.57824639289678
"chr21",26295001,26300000,"*",0.017190606317993,0.202517731981711,11.9652406417112
"chr21",26300001,26305000,"*",0.597472329926393,0.861018439738576,2.53164556962026
"chr21",26305001,26310000,"*",0.965201013793,0.996645227615115,-0.226372382569329
"chr21",26310001,26315000,"*",0.0758177196809179,0.401571488614977,-6.3641245972073
"chr21",26315001,26320000,"*",0.124464225981702,0.484218875844696,-4.75350337735659
"chr21",26320001,26325000,"*",0.0391254353831387,0.298320835947359,10.8921381648654
"chr21",26325001,26330000,"*",0.0826966267678932,0.413253994025073,8.38762886597938
"chr21",26330001,26335000,"*",0.243364058449238,0.62944339640872,-4.78329809725159
"chr21",26335001,26340000,"*",0.125451434920908,0.486176178331854,7.0995670995671
"chr21",26340001,26345000,"*",0.960539450425043,0.995102322258115,-0.348162475822045
"chr21",26345001,26350000,"*",0.520466677356918,0.822454668297301,3.3129904097646
"chr21",26350001,26355000,"*",0.0499635276612377,0.336959668996152,-11.4014801110083
"chr21",26355001,26360000,"*",0.72798589585499,0.913392976594786,1.94432169686257
"chr21",26360001,26365000,"*",0.72842471789275,0.913429919957293,1.26230457440649
"chr21",26365001,26370000,"*",0.854284099128405,0.96089875469963,-0.74742268041238
"chr21",26370001,26375000,"*",0.680298476938043,0.896154309945277,-1.3286004056795
"chr21",26375001,26380000,"*",0.0334336294329342,0.27433095491901,-11.1742424242424
"chr21",26380001,26385000,"*",0.789447391144731,0.936729748353468,1.81818181818182
"chr21",26385001,26390000,"*",0.32517911132622,0.694839461331873,7.02239789196312
"chr21",26390001,26395000,"*",0.0334639707466279,0.27433095491901,-9.34411500449236
"chr21",26395001,26400000,"*",0.706926091349322,0.905128025943939,-1.13181504485852
"chr21",26400001,26405000,"*",0.772228099637487,0.932136596918189,1.19106699751861
"chr21",26405001,26410000,"*",0.228434656792618,0.619048604431663,5.35184215121356
"chr21",26410001,26415000,"*",0.00500342360758899,0.11135046018589,7.65000564993031
"chr21",26415001,26420000,"*",0.540032516550168,0.832367592928674,-3.33507034914018
"chr21",26420001,26425000,"*",0.295175654964245,0.673363826511112,4.45852534562212
"chr21",26425001,26430000,"*",0.621784060952936,0.872480478559879,-2.10900669919775
"chr21",26430001,26435000,"*",0.39420123815445,0.748699119825248,3.0445744731459
"chr21",26435001,26440000,"*",0.0527199824854457,0.341272078151642,11.1584158415842
"chr21",26440001,26445000,"*",0.52924755163977,0.827906161109832,-2.75569687334394
"chr21",26445001,26450000,"*",0.20581249628414,0.596398124022053,-5.33697072158611
"chr21",26450001,26455000,"*",0.238691480137506,0.628800559721356,4.10847088699438
"chr21",26460001,26465000,"*",0.100751643935526,0.445188517544522,6.33059137394398
"chr21",26465001,26470000,"*",0.396332356570116,0.750192909716725,-4.2042042042042
"chr21",26470001,26475000,"*",0.228688620432099,0.619048604431663,-4.54314398271699
"chr21",26475001,26480000,"*",0.30777620405939,0.685504230159516,-3.79403794037941
"chr21",26480001,26485000,"*",0.139675555814775,0.504791450320734,-7.07070707070706
"chr21",26485001,26490000,"*",0.724558694799806,0.91161692147497,1.17322291235336
"chr21",26490001,26495000,"*",0.779205502218247,0.933594336206195,-1.30284728213979
"chr21",26495001,26500000,"*",0.43415771031572,0.775582305993674,3.54700854700855
"chr21",26500001,26505000,"*",0.0107540015957245,0.163880450715438,11.7838910947249
"chr21",26505001,26510000,"*",0.220915369026042,0.612954123434023,-4.75938096247615
"chr21",26510001,26515000,"*",0.474046471278377,0.800323413325405,-2.65720081135903
"chr21",26515001,26520000,"*",0.682001015759082,0.89731413878381,-1.65398126463701
"chr21",26520001,26525000,"*",0.283678291101659,0.66301716115195,-4.32539682539682
"chr21",26525001,26530000,"*",0.0611582620208234,0.358285485005324,8.3164812942366
"chr21",26530001,26535000,"*",0.113162762493691,0.46210036301725,6.21419676214197
"chr21",26535001,26540000,"*",0.411831743640079,0.759399848237984,3.10438673370543
"chr21",26540001,26545000,"*",0.221748872986262,0.613684143773863,3.56951154052604
"chr21",26545001,26550000,"*",0.39876616467861,0.750429243318437,-3.97534668721109
"chr21",26550001,26555000,"*",0.582847577715583,0.854518972125245,2.68811729966398
"chr21",26555001,26560000,"*",0.0948878676233925,0.434036652969507,-6.09066513321832
"chr21",26560001,26565000,"*",0.114506710035716,0.464234239648838,-9.38885675727781
"chr21",26565001,26570000,"*",0.0272936382145318,0.244114855786461,-11.7975117975118
"chr21",26570001,26575000,"*",0.0422948233703443,0.309399176163913,-9.27875243664717
"chr21",26575001,26580000,"*",0.397227858739016,0.750221917598643,2.81159420289855
"chr21",26580001,26585000,"*",0.486531234995624,0.808788410032639,-3.31428571428571
"chr21",26585001,26590000,"*",0.769926044921426,0.93101273346254,0.901345845166068
"chr21",26590001,26595000,"*",0.628650907360685,0.874401100932692,1.39945652173913
"chr21",26595001,26600000,"*",0.237360989790004,0.628550111514431,-4.22789507999398
"chr21",26600001,26605000,"*",0.299810827810252,0.678606894498609,-4.07382773528434
"chr21",26605001,26610000,"*",0.253787826977662,0.637921086121761,-5.23486134691568
"chr21",26610001,26615000,"*",0.510920225417444,0.819477340790471,2.60597302504817
"chr21",26615001,26620000,"*",0.33064348102984,0.697396841176049,4.6
"chr21",26620001,26625000,"*",0.409169194049504,0.759205475935649,5.21512385919166
"chr21",26625001,26630000,"*",0.675705134845609,0.895251997354811,-1.5906362545018
"chr21",26630001,26635000,"*",0.188208791722977,0.57254852267365,14.4268774703557
"chr21",26635001,26640000,"*",0.824254745611073,0.950898369614441,1.16374030216415
"chr21",26640001,26645000,"*",0.936400699055624,0.989266186235458,-0.560344827586212
"chr21",26645001,26650000,"*",0.681300852705038,0.896750607473584,1.87969924812029
"chr21",26650001,26655000,"*",0.0773411711099696,0.402990843781034,-7.5611522817184
"chr21",26655001,26660000,"*",0.103478583376914,0.44951597520908,-9.04761904761905
"chr21",26660001,26665000,"*",0.786119889491876,0.935679648678641,1.51072124756336
"chr21",26665001,26670000,"*",0.109832606232166,0.459597155840553,10.3167928231006
"chr21",26670001,26675000,"*",0.0265588590623775,0.2424459024707,-10.172721858249
"chr21",26675001,26680000,"*",0.0190204258278787,0.212923767589813,9.10609857978278
"chr21",26680001,26685000,"*",0.460899727828981,0.791798562981703,-2.44954041504786
"chr21",26685001,26690000,"*",0.00310948506597884,0.0847274419140746,16.2483912483913
"chr21",26690001,26695000,"*",0.686505266434833,0.89809658351583,-1.72436401783372
"chr21",26695001,26700000,"*",0.776669404983303,0.933087124063725,1.41222991102952
"chr21",26700001,26705000,"*",0.825775225676505,0.951360182973751,-1.25307125307125
"chr21",26705001,26710000,"*",0.413706623876953,0.760354919177772,-3.70227038183695
"chr21",26710001,26715000,"*",0.358391811930965,0.719033800763322,-4.90494069968413
"chr21",26715001,26720000,"*",0.00321503293999578,0.0859379527306857,-16.0959100556416
"chr21",26720001,26725000,"*",0.867774730405794,0.966791815333238,0.643616225115995
"chr21",26725001,26730000,"*",0.269790028084021,0.649528731996803,-3.04746494066882
"chr21",26730001,26735000,"*",0.425592105406544,0.769685832168644,3.07123655913979
"chr21",26735001,26740000,"*",0.400241822091067,0.751873203181172,-3.94609712687516
"chr21",26740001,26745000,"*",0.581999069643622,0.853826169087958,2.41935483870968
"chr21",26745001,26750000,"*",0.757611267483072,0.925853723615138,1.20967741935484
"chr21",26750001,26755000,"*",0.679653977151039,0.896005927406597,-2.02058711399161
"chr21",26760001,26765000,"*",0.60974463807105,0.867517437734048,1.98948948948949
"chr21",26765001,26770000,"*",0.156389406693623,0.528847459833828,-4.75137642519616
"chr21",26770001,26775000,"*",0.497190983383976,0.813391173918986,-1.82323110359816
"chr21",26775001,26780000,"*",0.453946007948377,0.786121950204739,-3.93668831168831
"chr21",26780001,26785000,"*",0.452444582169711,0.785722546389881,-3.32021642892277
"chr21",26790001,26795000,"*",0.824528215450791,0.950898369614441,-0.753650494583136
"chr21",26795001,26800000,"*",0.203479579395999,0.59281452264976,-4.52261306532663
"chr21",26800001,26805000,"*",0.792658771401219,0.938123774377865,-1.13198261012223
"chr21",26805001,26810000,"*",0.289305134375327,0.667922045451453,-4.18031207859757
"chr21",26810001,26815000,"*",0.642544904274836,0.880086547066408,-2.22615734884897
"chr21",26815001,26820000,"*",0.298922288250313,0.677878608516032,5.82750582750583
"chr21",26820001,26825000,"*",0.019549147090162,0.21396174942324,-10.7505070993915
"chr21",26825001,26830000,"*",0.00943938319608238,0.154322939228975,-11.6531850353893
"chr21",26830001,26835000,"*",0.367125495090426,0.725361118770299,-4.22338855174677
"chr21",26835001,26840000,"*",0.494040654969186,0.812266781442682,2.1640826873385
"chr21",26840001,26845000,"*",0.798586457911444,0.940670793345817,1.04447439353099
"chr21",26845001,26850000,"*",0.537873810741856,0.831387271621474,1.9622892892313
"chr21",26850001,26855000,"*",0.29863733893082,0.677676018409332,5.50067588645108
"chr21",26855001,26860000,"*",0.299854924346419,0.678606894498609,-3.40762273901809
"chr21",26860001,26865000,"*",0.473717815886777,0.799995165356934,-2.26429767887055
"chr21",26865001,26870000,"*",0.352747629445068,0.714793127756987,5.25451559934318
"chr21",26870001,26875000,"*",0.601535117180406,0.864286684620043,2.07518796992481
"chr21",26875001,26880000,"*",0.498137261599635,0.813391173918986,2.66406757634827
"chr21",26880001,26885000,"*",0.649994652625842,0.883329288219538,-2.56135259605073
"chr21",26885001,26890000,"*",0.297567318525456,0.676989724671184,4.80913093660497
"chr21",26890001,26895000,"*",0.488317554884765,0.808788410032639,-4.17130144605117
"chr21",26895001,26900000,"*",0.69309720513447,0.89959023877653,-2.25108225108226
"chr21",26900001,26905000,"*",0.269728845960775,0.649528731996803,-5.16741158942994
"chr21",26905001,26910000,"*",0.676630256324561,0.895767541940096,2.21036585365854
"chr21",26910001,26915000,"*",0.722691145615102,0.910977004424272,-1.75202156334231
"chr21",26915001,26920000,"*",0.932802293158307,0.989266186235458,0.485879137564527
"chr21",26920001,26925000,"*",0.00497500609260475,0.11135046018589,-14.3869731800766
"chr21",26925001,26930000,"*",0.827078437280315,0.951894471837645,1.06304985337243
"chr21",26930001,26935000,"*",0.705594614640728,0.904534533262356,1.21546359958637
"chr21",26935001,26940000,"*",0.888126738959879,0.973877862250499,0.64499484004128
"chr21",26940001,26945000,"*",0.711425267104129,0.906857593425571,2.3520339309813
"chr21",26945001,26950000,"*",0.0105224782821066,0.162249562573371,-12.7840909090909
"chr21",26950001,26955000,"*",0.688872499374415,0.899201468470827,2.14114422747517
"chr21",26955001,26960000,"*",0.176280563363889,0.557573109411106,-6.22979961215255
"chr21",26960001,26965000,"*",0.41412957398685,0.760367839198177,4.27174975562072
"chr21",26965001,26970000,"*",0.367424527195425,0.725361118770299,-3.14502038439138
"chr21",26970001,26975000,"*",0.14213995687942,0.508398959184387,8.07464248343216
"chr21",26975001,26980000,"*",0.359553426391172,0.720747244804658,-4.7265221878225
"chr21",26980001,26985000,"*",0.902104641626042,0.979427896622559,-0.62111801242235
"chr21",26985001,26990000,"*",0.822252732059694,0.950898369614441,-1.87678498572011
"chr21",26995001,27000000,"*",0.967360709517458,0.996955862715621,-0.162107396149958
"chr21",27000001,27005000,"*",0.739082257812563,0.91785099194237,-1.73118865866958
"chr21",27005001,27010000,"*",0.0350486002212518,0.279039252044621,-10.5868814729574
"chr21",27010001,27015000,"*",0.37010025544939,0.728331098419309,-4.27644350768207
"chr21",27015001,27020000,"*",0.823231753435591,0.950898369614441,0.86928731224033
"chr21",27020001,27025000,"*",0.264095834355054,0.64397446128717,-4.46112153429227
"chr21",27025001,27030000,"*",0.242018768850688,0.62944339640872,-5.66839867737364
"chr21",27030001,27035000,"*",0.137088740767242,0.499801851562113,6.04395604395604
"chr21",27035001,27040000,"*",0.73436091465285,0.915886104715371,1.97802197802198
"chr21",27040001,27045000,"*",0.161214306941562,0.536363737718494,-8.37284920742446
"chr21",27045001,27050000,"*",0.0512630017327296,0.338859127111192,-11.3142857142857
"chr21",27050001,27055000,"*",0.320008858143993,0.690896714630608,6.28844839371154
"chr21",27055001,27060000,"*",0.892939758611536,0.975339611738291,0.769230769230766
"chr21",27060001,27065000,"*",0.847684521471374,0.958074306421826,1.09645213050455
"chr21",27065001,27070000,"*",0.790957870733658,0.936888598358487,-2.34680573663625
"chr21",27070001,27075000,"*",0.0127692714653591,0.178820674106522,11.7293233082707
"chr21",27075001,27080000,"*",0.546622075008598,0.83506653414964,-2.84552845528455
"chr21",27080001,27085000,"*",0.224603820124799,0.615154173101253,-5.06992117976099
"chr21",27085001,27090000,"*",0.619531844744647,0.871732022588764,-1.84591469931021
"chr21",27090001,27095000,"*",0.777486027275434,0.933235688766624,1.4050901378579
"chr21",27095001,27100000,"*",0.0853334724894595,0.416604126258132,-9.58705626660227
"chr21",27105001,27110000,"*",0.800659837629548,0.941747011243225,1.08988699592727
"chr21",27110001,27115000,"*",0.340057586835055,0.707488853344313,-5.50724637681159
"chr21",27115001,27120000,"*",0.141312667507802,0.506592581631744,6.16065350578625
"chr21",27120001,27125000,"*",0.0374889941205258,0.292505692194557,-15.7219251336898
"chr21",27125001,27130000,"*",0.8727526361069,0.968806415890022,-0.947423217074439
"chr21",27130001,27135000,"*",0.455392840849026,0.786974353777937,4.8490488006617
"chr21",27135001,27140000,"*",0.0118459746673925,0.172416567105113,12.5994694960212
"chr21",27140001,27145000,"*",0.288924554744465,0.667479336133285,-2.66807356044619
"chr21",27145001,27150000,"*",0.22776109224051,0.618269885707875,-5.90596330275229
"chr21",27150001,27155000,"*",0.633842586054665,0.876563345929752,3.39285714285714
"chr21",27155001,27160000,"*",0.0487421277891816,0.333803068279593,10.6051282051282
"chr21",27160001,27165000,"*",0.487953931247234,0.808788410032639,-2.50056318990763
"chr21",27165001,27170000,"*",0.133515024866571,0.495832342742732,7.42190005773301
"chr21",27170001,27175000,"*",0.0775292584275113,0.402990843781034,5.98496240601504
"chr21",27175001,27180000,"*",0.128670240700569,0.49000638793337,-8.44508880028996
"chr21",27180001,27185000,"*",0.0185712048298403,0.21159735810985,19.8871037776813
"chr21",27185001,27190000,"*",0.490755047642671,0.81011025090889,-2.87627246020359
"chr21",27190001,27195000,"*",0.313929709712814,0.689294204956338,6.74653215636822
"chr21",27195001,27200000,"*",0.508788176694491,0.818737272249543,-2.50145433391507
"chr21",27200001,27205000,"*",0.448251717537457,0.781366064276937,-3.76344086021505
"chr21",27205001,27210000,"*",0.130166822203609,0.491446165462606,10.9682446912137
"chr21",27210001,27215000,"*",0.862761710053956,0.964723210065104,-1.03092783505154
"chr21",27215001,27220000,"*",0.585819313935211,0.856019492197991,3.13131313131313
"chr21",27220001,27225000,"*",0.670557912348578,0.892131363325227,2.5
"chr21",27225001,27230000,"*",0.861574153723136,0.964193070459456,-1.26306620209059
"chr21",27230001,27235000,"*",0.86521507996641,0.965857527505896,-0.761738261738254
"chr21",27235001,27240000,"*",0.578189927767593,0.851135329764939,3.01253867448299
"chr21",27240001,27245000,"*",0.463416636322489,0.793066149276987,-4.84207939043874
"chr21",27245001,27250000,"*",0.552815853438843,0.839191416470539,-2.55239286831405
"chr21",27250001,27255000,"*",0.83962323615933,0.956224600353471,-0.893550893550898
"chr21",27255001,27260000,"*",0.0920897229030331,0.430024118503174,9.1684434968017
"chr21",27260001,27265000,"*",0.627737900204489,0.873860878898526,2.90598290598291
"chr21",27265001,27270000,"*",0.749302175971186,0.922359358619758,-1.9927536231884
"chr21",27270001,27275000,"*",0.542363762819819,0.834130572967314,3.125
"chr21",27275001,27280000,"*",0.50200433095206,0.815164316511133,4.35939116299689
"chr21",27280001,27285000,"*",0.0301073095910132,0.260124524536951,9.89010989010989
"chr21",27285001,27290000,"*",0.612160942017793,0.868116690840315,3.67521367521367
"chr21",27290001,27295000,"*",0.871666959936322,0.967947913537752,1.06215578284815
"chr21",27295001,27300000,"*",0.155310054977111,0.5278986140182,-9.3109631147541
"chr21",27300001,27305000,"*",0.0650272551872516,0.367835709229903,6.95533159138982
"chr21",27305001,27310000,"*",0.0998123051084347,0.444382840349776,7.68856265448281
"chr21",27310001,27315000,"*",0.387231281694675,0.742404960278478,-5.09803921568628
"chr21",27315001,27320000,"*",0.49406155866983,0.812266781442682,-5.00821018062397
"chr21",27320001,27325000,"*",0.346431555225995,0.711976482962076,4.98209395407625
"chr21",27325001,27330000,"*",0.186270110034659,0.572122650065984,8.2051282051282
"chr21",27330001,27335000,"*",0.55381171159645,0.839282382070339,2.3405972558515
"chr21",27335001,27340000,"*",0.474428173284679,0.800391182671296,2.67259008532544
"chr21",27340001,27345000,"*",0.870075553766415,0.967821383382579,0.590717299578059
"chr21",27345001,27350000,"*",0.651026563699074,0.883822137998266,3.03387334315169
"chr21",27350001,27355000,"*",0.329101411061276,0.696281349361664,4.7401484865791
"chr21",27355001,27360000,"*",0.123791248693129,0.482937002393282,-8.25624421831638
"chr21",27360001,27365000,"*",0.00623944274052872,0.122786372160944,-13.338997451147
"chr21",27365001,27370000,"*",0.896695812255974,0.977266498740903,0.777649769585254
"chr21",27370001,27375000,"*",0.721784545658706,0.910834948033418,-1.84577522559475
"chr21",27375001,27380000,"*",0.341924344206407,0.708437412252002,5.23604664326955
"chr21",27380001,27385000,"*",0.615077072272064,0.869843455657334,-2.56892230576441
"chr21",27385001,27390000,"*",0.37680709967799,0.733982696552733,-2.44207151780874
"chr21",27390001,27395000,"*",0.606415204055812,0.866308632740596,3.68674698795181
"chr21",27395001,27400000,"*",0.678831878170956,0.895790274543438,1.86795491143317
"chr21",27400001,27405000,"*",0.947225958574174,0.99244032831186,-0.305291723202172
"chr21",27405001,27410000,"*",0.0555997891995168,0.347807114966034,-9.3557098765432
"chr21",27410001,27415000,"*",0.431308508075404,0.773889436388487,3.794522999821
"chr21",27415001,27420000,"*",0.837599271839649,0.956224600353471,-0.994897959183672
"chr21",27420001,27425000,"*",0.0903485079299218,0.428287262810081,5.8371416701288
"chr21",27425001,27430000,"*",0.0382944728078991,0.295186561227555,-11.0637163423087
"chr21",27430001,27435000,"*",0.00796495723107583,0.140334960738003,16.2841191066997
"chr21",27435001,27440000,"*",0.59728411258629,0.861018439738576,-3.28006728343145
"chr21",27440001,27445000,"*",0.611256182401899,0.868076486710367,2.75
"chr21",27445001,27450000,"*",0.0211514485785806,0.21963764181303,16.6969147005445
"chr21",27450001,27455000,"*",0.411077945839133,0.759205475935649,5.39979231568016
"chr21",27455001,27460000,"*",0.214975320120815,0.6070289977166,-6.07276618512573
"chr21",27460001,27465000,"*",0.23528394714231,0.625806603526289,6.00061862047633
"chr21",27465001,27470000,"*",0.324944040470107,0.694839461331873,4.22297297297297
"chr21",27470001,27475000,"*",0.224801051223125,0.615154173101253,5.10971786833856
"chr21",27475001,27480000,"*",0.711747476028796,0.906867173823042,-2.05724508050089
"chr21",27480001,27485000,"*",0.0234312312612529,0.22688919527081,15.0134952766532
"chr21",27485001,27490000,"*",0.61035615492167,0.867770489345015,-2.10163652024118
"chr21",27490001,27495000,"*",0.689703036575946,0.899201468470827,2.17391304347826
"chr21",27495001,27500000,"*",0.329299976972907,0.696281349361664,-9.65588084232152
"chr21",27500001,27505000,"*",0.126469848212115,0.487168785167765,-6.69295034262648
"chr21",27505001,27510000,"*",0.210666521830664,0.601760646785992,6.34788249467149
"chr21",27510001,27515000,"*",0.381166944864946,0.737739440874137,-6.08535300316122
"chr21",27515001,27520000,"*",0.680531078002042,0.896154309945277,2.5696316262354
"chr21",27520001,27525000,"*",0.240955319484793,0.62944339640872,6.66666666666667
"chr21",27525001,27530000,"*",0.00260578125061162,0.0786183036847395,12.8762964836833
"chr21",27530001,27535000,"*",0.890870851649518,0.974780269791788,-0.80971659919028
"chr21",27535001,27540000,"*",0.924519632947597,0.987264970792815,0.560344827586212
"chr21",27540001,27545000,"*",0.0227064352599587,0.225142792492961,-15.9648020113136
"chr21",27550001,27555000,"*",0.677803250201906,0.895790274543438,2.97049441786283
"chr21",27555001,27560000,"*",0.433881722851006,0.775582305993674,-4.86274509803922
"chr21",27560001,27565000,"*",0.569941057979431,0.846435426809395,-2.78450363196127
"chr21",27565001,27570000,"*",0.0777275054361905,0.402990843781034,8.08389471491077
"chr21",27570001,27575000,"*",0.693097205134473,0.89959023877653,2.25108225108226
"chr21",27575001,27580000,"*",0.798307589916232,0.940670793345817,-1.25000000000001
"chr21",27580001,27585000,"*",0.711085245099172,0.906588551513816,-2.28185993111366
"chr21",27585001,27590000,"*",0.872177258212048,0.968320613586655,-0.658798803653704
"chr21",27590001,27595000,"*",0.604282615402001,0.864666555317742,-3.17182817182817
"chr21",27595001,27600000,"*",0.21535006664485,0.607508414331179,7.13412441567781
"chr21",27600001,27605000,"*",0.778194728311022,0.933235688766624,1.6783762685402
"chr21",27605001,27610000,"*",0.522542354837658,0.822815334071301,-3.23989807062249
"chr21",27610001,27615000,"*",0.781956209898221,0.934941875239743,-1.99805068226121
"chr21",27615001,27620000,"*",0.463543215843406,0.793066149276987,-4.41427853192559
"chr21",27620001,27625000,"*",0.897055578431727,0.977266498740903,-0.602284527518171
"chr21",27625001,27630000,"*",0.025156269673419,0.236745081397772,7.9032967032967
"chr21",27630001,27635000,"*",0.628977727503713,0.874401100932692,-2.32302166608735
"chr21",27635001,27640000,"*",0.202979863528753,0.592491685882631,6.34593660708352
"chr21",27640001,27645000,"*",0.637354615280199,0.877849691259934,2.75581116702612
"chr21",27645001,27650000,"*",0.262974481662678,0.64397446128717,7.72881355932203
"chr21",27650001,27655000,"*",0.107525633559433,0.455364580676392,9.56115779645191
"chr21",27655001,27660000,"*",0.0490947413754589,0.334110389031439,-10.3735869864902
"chr21",27660001,27665000,"*",0.82151353206641,0.950898369614441,1.04385596188874
"chr21",27665001,27670000,"*",0.76525073665083,0.930263302551502,1.50101419878296
"chr21",27670001,27675000,"*",0.944725256423051,0.991770117657212,0.380196710471936
"chr21",27675001,27680000,"*",0.60362978769799,0.864367411159154,2.11637021404885
"chr21",27680001,27685000,"*",0.283365680323121,0.662915385248432,-5.92105263157895
"chr21",27685001,27690000,"*",0.896124408563823,0.977068898483991,0.603467193328944
"chr21",27690001,27695000,"*",0.704430597288277,0.904054914916196,2.04918032786885
"chr21",27695001,27700000,"*",0.793658671148461,0.938664276274173,-1.6557734204793
"chr21",27700001,27705000,"*",0.222352207180417,0.614198827692862,5.99924210127422
"chr21",27705001,27710000,"*",0.754424571182,0.924617283021175,-1.25084516565247
"chr21",27710001,27715000,"*",0.607401884890242,0.866308632740596,3.0952380952381
"chr21",27715001,27720000,"*",0.787032937586484,0.936183003592721,-0.968329915698329
"chr21",27720001,27725000,"*",0.221265925356849,0.613220004342589,-13.8095238095238
"chr21",27725001,27730000,"*",0.205621182068135,0.596089447397521,-5.67278039279338
"chr21",27730001,27735000,"*",0.39703341923526,0.750221917598643,6.40816326530612
"chr21",27735001,27740000,"*",0.500140836545257,0.813731309848024,4.62768996381642
"chr21",27740001,27745000,"*",0.00163641938478076,0.0635581672652415,-14.7362037598545
"chr21",27745001,27750000,"*",0.410483768797666,0.759205475935649,-4.71243601324902
"chr21",27750001,27755000,"*",0.250219179611658,0.63549163029984,5.73549808272823
"chr21",27755001,27760000,"*",0.300472724988468,0.679422083200043,5.23809523809523
"chr21",27760001,27765000,"*",0.0718182201508152,0.391989198493968,14.5329967544176
"chr21",27765001,27770000,"*",0.865466492110746,0.965857527505896,-0.935965156148644
"chr21",27770001,27775000,"*",0.877625800309179,0.969507325103692,-0.977566111041483
"chr21",27775001,27780000,"*",0.0349711732698498,0.278761752663238,-8.36025687048781
"chr21",27785001,27790000,"*",0.26869117550606,0.648660358450413,-7.85764622973925
"chr21",27790001,27795000,"*",0.634934441259267,0.876563345929752,2.80501950859433
"chr21",27795001,27800000,"*",0.537357222597307,0.831383196705431,2.52733389402859
"chr21",27800001,27805000,"*",0.0158346741233111,0.195637537938273,-10.4238770421644
"chr21",27805001,27810000,"*",0.29207917509072,0.670580209303645,4.56612353164078
"chr21",27810001,27815000,"*",0.524948799074302,0.824434248631525,1.98682532936677
"chr21",27815001,27820000,"*",0.513482562745005,0.820841859383821,3.06792799894888
"chr21",27820001,27825000,"*",0.652914767608444,0.884198614356485,2.01585883404066
"chr21",27825001,27830000,"*",0.00496885123687023,0.11135046018589,10.3823745686973
"chr21",27830001,27835000,"*",0.0770953119790911,0.402659764645624,-10.4395604395604
"chr21",27835001,27840000,"*",0.602038407021332,0.864294940676447,2.05223880597015
"chr21",27840001,27845000,"*",0.45529522140504,0.786974353777937,-3.00015306903413
"chr21",27845001,27850000,"*",0.270216548520854,0.64988790150585,-5.29904306220096
"chr21",27850001,27855000,"*",0.628712197585326,0.874401100932692,-2.37203495630461
"chr21",27855001,27860000,"*",0.915200203859831,0.983502787643196,0.5
"chr21",27860001,27865000,"*",0.520386027998629,0.822454668297301,4.07601900475119
"chr21",27865001,27870000,"*",0.0026168823701606,0.0786183036847395,-23.1450719822813
"chr21",27870001,27875000,"*",0.242376614143893,0.62944339640872,10.8823529411765
"chr21",27875001,27880000,"*",0.561528332307485,0.841714693023346,-3.19306016980436
"chr21",27880001,27885000,"*",0.210973815152888,0.601760646785992,4.33233099454282
"chr21",27885001,27890000,"*",0.657740242144359,0.885622146030948,1.50176199512063
"chr21",27890001,27895000,"*",0.923411156050612,0.987264970792815,-0.661764705882351
"chr21",27895001,27900000,"*",0.77605703193928,0.933087124063725,1.53566377045867
"chr21",27900001,27905000,"*",0.382131306870085,0.738494135325173,5.58558558558558
"chr21",27905001,27910000,"*",0.0766905212654722,0.402586837189295,-8.65175520347934
"chr21",27910001,27915000,"*",0.280333491732941,0.659332367642214,5.26610644257703
"chr21",27915001,27920000,"*",0.136731921159827,0.499801851562113,-10.200364298725
"chr21",27920001,27925000,"*",0.391549107498763,0.746541038021516,3.26068154298564
"chr21",27925001,27930000,"*",0.0248606752901183,0.234906649582703,11.5654304300076
"chr21",27930001,27935000,"*",0.701715936934001,0.902580695006901,1.70312239105026
"chr21",27935001,27940000,"*",0.128167928645726,0.489478470569977,-5.38172715894869
"chr21",27940001,27945000,"*",0.729344487080575,0.913736133185062,-2.07692307692308
"chr21",27945001,27950000,"*",0.0278653160344511,0.247027959296584,9.03598208987431
"chr21",27950001,27955000,"*",0.647768212415117,0.881667092599859,-2.36554168593003
"chr21",27960001,27965000,"*",0.749453607781979,0.92238425467565,-1.42375995101042
"chr21",27965001,27970000,"*",0.306649984129857,0.684779811686666,3.72018715051923
"chr21",27970001,27975000,"*",0.342683264969765,0.709591561925611,-2.78042277661398
"chr21",27975001,27980000,"*",0.462918083564887,0.793066149276987,4.04605263157895
"chr21",27985001,27990000,"*",0.194826090978091,0.582045683851213,6.52844625447365
"chr21",27990001,27995000,"*",0.0423921660237775,0.309788905558374,-9.95879120879122
"chr21",27995001,28000000,"*",0.898326111992119,0.978044380874183,0.727548313755211
"chr21",28005001,28010000,"*",0.761459388349778,0.927579189065836,1.8974358974359
"chr21",28010001,28015000,"*",0.522558134419877,0.822815334071301,-6.01851851851852
"chr21",28015001,28020000,"*",0.225392930222012,0.615154173101253,8.07200929152149
"chr21",28020001,28025000,"*",0.714870192299449,0.908337370193564,1.43031571603
"chr21",28025001,28030000,"*",0.305602094507381,0.683980491686369,5.17241379310345
"chr21",28030001,28035000,"*",0.60180417086986,0.864286684620043,2.81293952180027
"chr21",28035001,28040000,"*",0.0193451508755852,0.21396174942324,15.5376961347111
"chr21",28040001,28045000,"*",0.0497534015812192,0.336313858765357,-19.2307692307692
"chr21",28045001,28050000,"*",0.257210494652659,0.641326175798401,-6.10745614035087
"chr21",28050001,28055000,"*",0.475113135356295,0.800520111633271,3.96825396825397
"chr21",28055001,28060000,"*",0.0110233233756695,0.166296058650122,-9.98837659821774
"chr21",28060001,28065000,"*",0.29336170555484,0.671300788196604,3.6911231884058
"chr21",28065001,28070000,"*",0.751987186676496,0.92340085979664,2.15955284552846
"chr21",28070001,28075000,"*",0.261643737952911,0.64397446128717,6.04604098153301
"chr21",28075001,28080000,"*",0.00754400526813822,0.137039682261012,-12.7891156462585
"chr21",28080001,28085000,"*",0.0610241851748435,0.357798183302043,-6.01945003353453
"chr21",28085001,28090000,"*",0.472157739310563,0.799056873057692,-2.96985815602836
"chr21",28090001,28095000,"*",0.0639729355131475,0.365556810365041,-11.5208156329652
"chr21",28095001,28100000,"*",0.573246631801259,0.848584192727493,2.96732989437484
"chr21",28100001,28105000,"*",0.876083101691701,0.969507325103692,-0.62997086384754
"chr21",28105001,28110000,"*",0.103112563060231,0.449398527139222,8.37425691393126
"chr21",28110001,28115000,"*",0.103682806058681,0.449780793053899,6.05069987221017
"chr21",28115001,28120000,"*",0.913279670525584,0.983502787643196,0.379369957741071
"chr21",28120001,28125000,"*",0.112595573144292,0.461588719649785,-6.69076081920118
"chr21",28125001,28130000,"*",0.864529694840529,0.965471605199193,0.677487649964714
"chr21",28130001,28135000,"*",0.543709019479254,0.834965672916922,-3.31728196896736
"chr21",28135001,28140000,"*",0.634294270323907,0.876563345929752,1.71990171990172
"chr21",28140001,28145000,"*",0.187625336417559,0.572176673166248,-6.79073614557486
"chr21",28145001,28150000,"*",0.239536252369674,0.628800559721356,-5.93042958237815
"chr21",28150001,28155000,"*",0.612893187884605,0.86815214806141,2.92307692307693
"chr21",28155001,28160000,"*",0.278708244408471,0.657638258414441,6.2807881773399
"chr21",28160001,28165000,"*",0.211891357104287,0.602343809317888,-4.01959128525586
"chr21",28165001,28170000,"*",0.925936859739047,0.987264970792815,-0.333774834437084
"chr21",28170001,28175000,"*",0.241460247241908,0.62944339640872,5.94427244582043
"chr21",28175001,28180000,"*",0.170077307970074,0.550733982049573,12.8550794415022
"chr21",28180001,28185000,"*",0.26271676101099,0.64397446128717,6.1675272518646
"chr21",28185001,28190000,"*",0.0526513632183497,0.341142012373271,14.6228239845261
"chr21",28190001,28195000,"*",0.0852591340891152,0.416604126258132,24.3589743589744
"chr21",28195001,28200000,"*",0.211258218530274,0.601760646785992,7.22014148980441
"chr21",28200001,28205000,"*",0.356195227301403,0.7174935380885,5.25227460711332
"chr21",28205001,28210000,"*",0.887277317589925,0.973705829325191,-0.443105281814959
"chr21",28210001,28215000,"*",0.764318753617027,0.929612601717595,-1.26436781609195
"chr21",28215001,28220000,"*",0.71820341805519,0.909724329536574,-1.52230971128609
"chr21",28220001,28225000,"*",0.844895552830462,0.956933323473326,-0.952821461609621
"chr21",28225001,28230000,"*",0.851064442436802,0.95958027751896,-0.75585789871504
"chr21",28230001,28235000,"*",0.0607349917836477,0.356399826576831,-9.37092264678472
"chr21",28235001,28240000,"*",0.033975183904018,0.27676192681952,-11.748417721519
"chr21",28240001,28245000,"*",0.0960529566795152,0.437622997703819,-12.2248427672956
"chr21",28245001,28250000,"*",0.472386965067961,0.799056873057692,-6.16883116883117
"chr21",28250001,28255000,"*",0.536314401523072,0.831383196705431,2.05794029323441
"chr21",28255001,28260000,"*",0.473707768004344,0.799995165356934,-3.1389284020863
"chr21",28260001,28265000,"*",0.463974833571108,0.793208696336288,-2.44092870351346
"chr21",28265001,28270000,"*",0.483324997180083,0.805973908501706,-3.26276463262765
"chr21",28270001,28275000,"*",0.693311509771158,0.89959023877653,-1.78916827852998
"chr21",28275001,28280000,"*",0.111658142153455,0.461404660244149,6.58627087198517
"chr21",28280001,28285000,"*",0.16688782972941,0.544418303015199,-5.62865497076024
"chr21",28290001,28295000,"*",0.321970972022466,0.692866442013075,10.8932461873638
"chr21",28295001,28300000,"*",0.722448886235326,0.910834948033418,1.97395197395197
"chr21",28300001,28305000,"*",0.490790833374248,0.81011025090889,4.69387755102041
"chr21",28305001,28310000,"*",0.315583837660881,0.689294204956338,5.44307511737089
"chr21",28315001,28320000,"*",0.357852477554798,0.718812972894424,6.01736972704715
"chr21",28320001,28325000,"*",0.00459174943046838,0.106246287074238,-13.2716457369465
"chr21",28325001,28330000,"*",0.942214341754929,0.990912993472581,-0.26532009585758
"chr21",28330001,28335000,"*",0.491393192504037,0.81034345374229,3.47371129599451
"chr21",28335001,28340000,"*",0.466965079526147,0.795153505768648,-4.78448275862069
"chr21",28340001,28345000,"*",0.468709229252756,0.796284649987162,-2.4332458218608
"chr21",28345001,28350000,"*",0.688393143172878,0.899201468470827,2.27272727272727
"chr21",28350001,28355000,"*",0.00225424261439508,0.0729270693712763,-14.0734487125369
"chr21",28355001,28360000,"*",0.558058976230042,0.840281825002087,2.42166236303999
"chr21",28360001,28365000,"*",0.0983103058910384,0.441620426691948,-8.47545219638243
"chr21",28365001,28370000,"*",0.132193454273947,0.495379946514203,-7.57305773342837
"chr21",28370001,28375000,"*",0.0452051426092689,0.320230876534516,-10.0778967867575
"chr21",28375001,28380000,"*",0.561616734905488,0.841714693023346,-2.74200249272953
"chr21",28380001,28385000,"*",0.152235885872044,0.524477827101981,-6.24478210051761
"chr21",28385001,28390000,"*",0.00805420661891614,0.141199682122146,-17.2010994044892
"chr21",28390001,28395000,"*",0.583277589865024,0.854877165133386,3.04515745692217
"chr21",28395001,28400000,"*",0.566472157033234,0.845139911702809,-3.3764367816092
"chr21",28400001,28405000,"*",0.907785228150297,0.981396303841508,-0.381616061058576
"chr21",28405001,28410000,"*",0.69664371499369,0.90016686487122,-1.71144278606965
"chr21",28410001,28415000,"*",0.535534163191831,0.83104310522117,-3.76811594202898
"chr21",28415001,28420000,"*",0.894880041646793,0.976561113439453,0.524276270800095
"chr21",28420001,28425000,"*",0.0164308166341246,0.199496789184622,10.0496134764048
"chr21",28425001,28430000,"*",0.227205238914073,0.617653839739339,5.5663430420712
"chr21",28430001,28435000,"*",0.0677052340981634,0.378052260293954,-7.13186713729749
"chr21",28435001,28440000,"*",0.0654896151299756,0.369257624616435,-8.16993464052288
"chr21",28440001,28445000,"*",0.937752588356883,0.989266186235458,0.476190476190486
"chr21",28445001,28450000,"*",0.149965365184556,0.521564272677654,8.26666666666667
"chr21",28450001,28455000,"*",0.731632335907051,0.915191338332129,1.10165946172082
"chr21",28455001,28460000,"*",0.251944303404736,0.635941870026415,-5.76923076923077
"chr21",28460001,28465000,"*",0.00979333246664583,0.15718522201032,-11.7913832199546
"chr21",28465001,28470000,"*",0.041888589615778,0.30835265444913,-6.51564185544767
"chr21",28475001,28480000,"*",0.15276135414634,0.525397416657912,12.9464285714286
"chr21",28480001,28485000,"*",0.00342781182726305,0.0895562253866147,11.2403100775194
"chr21",28485001,28490000,"*",0.936306974528913,0.989266186235458,0.310956648984817
"chr21",28495001,28500000,"*",0.925608320985034,0.987264970792815,0.336700336700335
"chr21",28500001,28505000,"*",0.352918820523025,0.714793127756987,5.75757575757576
"chr21",28505001,28510000,"*",0.128871679839243,0.490242375146038,8.12280140709946
"chr21",28510001,28515000,"*",0.577282859801883,0.850796332160846,-2.99823633156966
"chr21",28515001,28520000,"*",0.435329035169199,0.775954137231102,-4.78240076518412
"chr21",28520001,28525000,"*",0.0879426628259914,0.421299968788042,-8.34678447030838
"chr21",28525001,28530000,"*",0.837104578255921,0.956224600353471,0.810810810810814
"chr21",28530001,28535000,"*",0.102235223358417,0.447239340516286,7.31895223420648
"chr21",28535001,28540000,"*",0.18074366101751,0.564221996870825,-4.38034188034189
"chr21",28540001,28545000,"*",0.0821476957630517,0.41161675068728,8.33758286588475
"chr21",28545001,28550000,"*",0.514500889531,0.821139902545839,-3.22222222222222
"chr21",28550001,28555000,"*",0.644440325663934,0.880638935886507,2.9504080351538
"chr21",28555001,28560000,"*",0.904469503970647,0.979921449277727,-0.564152159896836
"chr21",28560001,28565000,"*",0.660800584604178,0.887324855197383,2.89712258573118
"chr21",28565001,28570000,"*",0.317519198400693,0.690086245272885,-4.30830039525691
"chr21",28570001,28575000,"*",0.056404564621728,0.348133528789067,16.0427807486631
"chr21",28575001,28580000,"*",0.368523142556564,0.72650524177584,4.47909284195607
"chr21",28580001,28585000,"*",0.178917096419539,0.561762924443662,-5.95238095238095
"chr21",28585001,28590000,"*",0.426376924876073,0.77034946848594,-2.68602540834846
"chr21",28590001,28595000,"*",0.174271312513928,0.556876057714962,-5.85858585858585
"chr21",28595001,28600000,"*",0.106509907951375,0.454071954456134,5.63025210084034
"chr21",28600001,28605000,"*",0.229012953498567,0.619048604431663,7.10526315789474
"chr21",28605001,28610000,"*",0.591949599153171,0.858021790112741,2.34567901234568
"chr21",28610001,28615000,"*",0.795587847739088,0.939639636514375,1.23321123321123
"chr21",28615001,28620000,"*",0.560229564994298,0.841164834217063,-2.58673158855751
"chr21",28620001,28625000,"*",0.194670577693607,0.581859762409038,-3.56224111619795
"chr21",28625001,28630000,"*",0.170038697428943,0.550733982049573,-3.80199510634294
"chr21",28630001,28635000,"*",0.000384909954836794,0.029136581732393,-20.3736033519553
"chr21",28635001,28640000,"*",0.903258798420144,0.979655728910809,-0.53898811865607
"chr21",28640001,28645000,"*",0.785767022211343,0.935627060661542,-1.0863804981452
"chr21",28645001,28650000,"*",0.291515529578364,0.67016160004444,-4.56989247311828
"chr21",28650001,28655000,"*",0.374132519579332,0.730704934645603,-3.45560871876661
"chr21",28655001,28660000,"*",0.295352940833105,0.673363826511112,-5.69029850746269
"chr21",28660001,28665000,"*",0.000838201353189055,0.0464025249798683,-11.5044247787611
"chr21",28665001,28670000,"*",0.176672970384714,0.558194967296057,-6.49484536082474
"chr21",28670001,28675000,"*",0.179335314117961,0.561821416332116,5.48936170212766
"chr21",28675001,28680000,"*",0.27796763867668,0.657441779044399,-3.55787278415015
"chr21",28680001,28685000,"*",0.72746622184464,0.913333121158997,-1.34868421052632
"chr21",28685001,28690000,"*",0.0697199362089924,0.384718329316497,10.6505102040816
"chr21",28690001,28695000,"*",0.875265604931796,0.969507325103692,-0.588235294117656
"chr21",28695001,28700000,"*",0.245192599608865,0.630306429305182,-6.27627627627627
"chr21",28700001,28705000,"*",0.529878854334266,0.828027931024533,-4.79797979797979
"chr21",28705001,28710000,"*",0.0623143112254939,0.362340453197041,-7.48620961386919
"chr21",28710001,28715000,"*",0.227783642102901,0.618269885707875,-5.79101438207967
"chr21",28715001,28720000,"*",0.386965808912424,0.742256381078947,7.26615816940988
"chr21",28720001,28725000,"*",0.583443254012336,0.854877165133386,2.08810068649885
"chr21",28725001,28730000,"*",0.0128483063853167,0.178879798580138,7.32919254658385
"chr21",28730001,28735000,"*",0.764786005686317,0.930019999995642,-1.35719905586154
"chr21",28735001,28740000,"*",0.738384501684598,0.91785099194237,-1.16261455729758
"chr21",28740001,28745000,"*",0.849506411023323,0.958900139610463,-1.05263157894736
"chr21",28745001,28750000,"*",0.544570954353366,0.834965672916922,3.49672322470598
"chr21",28750001,28755000,"*",0.924093795945682,0.987264970792815,0.247854394791358
"chr21",28755001,28760000,"*",0.544078965221786,0.834965672916922,2.86898839137645
"chr21",28760001,28765000,"*",0.0342234053322594,0.277497738737928,-14.3669015685383
"chr21",28765001,28770000,"*",0.24981545551722,0.635154666287904,-4.9185207232681
"chr21",28770001,28775000,"*",0.814112094004831,0.948965017551644,1.42693127767755
"chr21",28775001,28780000,"*",0.00072930645491638,0.0424615660364759,-19.7368421052632
"chr21",28780001,28785000,"*",0.824236856176637,0.950898369614441,0.506576608602916
"chr21",28785001,28790000,"*",0.0841661216522045,0.41609552406118,5.7822530999912
"chr21",28790001,28795000,"*",0.857939496131778,0.962514706578027,1.0604375231739
"chr21",28795001,28800000,"*",0.950725541874442,0.993696187834869,0.215517241379315
"chr21",28800001,28805000,"*",0.10200503864427,0.446788424716023,5.53775743707094
"chr21",28810001,28815000,"*",0.3179387961868,0.690086245272885,3.24675324675325
"chr21",28815001,28820000,"*",0.476103115731166,0.800855105590595,-2.46753246753246
"chr21",28820001,28825000,"*",0.0264108010478869,0.241755118966985,-7.32578916021441
"chr21",28825001,28830000,"*",0.85536140829917,0.961401981174135,-0.682425777402562
"chr21",28830001,28835000,"*",0.277314148666162,0.657441779044399,3.50609756097561
"chr21",28835001,28840000,"*",0.0106166143362377,0.162249562573371,-5.76923076923077
"chr21",28840001,28845000,"*",0.0189792835236581,0.212923767589813,9.6565613737545
"chr21",28845001,28850000,"*",0.229162433101788,0.619048604431663,3.98439676790192
"chr21",28850001,28855000,"*",0.261750844796712,0.64397446128717,-4.41558441558442
"chr21",28855001,28860000,"*",0.933105982708614,0.989266186235458,-0.277200277200274
"chr21",28860001,28865000,"*",0.304037370838426,0.681563366388436,-2.18579234972677
"chr21",28865001,28870000,"*",0.00510824532336986,0.11135046018589,-12.4741200828157
"chr21",28870001,28875000,"*",0.00129054551888885,0.0570735111756681,-10.8833678398896
"chr21",28875001,28880000,"*",0.0582686624027496,0.351311060627213,-6.23047699451245
"chr21",28880001,28885000,"*",0.0310945611110917,0.263684878903467,11.5495391705069
"chr21",28885001,28890000,"*",0.0810459383869456,0.41076818694763,-6.78189300411522
"chr21",28890001,28895000,"*",0.208252867670296,0.598803316373566,-3.44180225281602
"chr21",28895001,28900000,"*",0.571937685078927,0.8480746522052,2.24049331963001
"chr21",28900001,28905000,"*",0.154376111548507,0.527612036185705,3.63786008230452
"chr21",28905001,28910000,"*",0.806244576964798,0.945122457239041,0.645450470640963
"chr21",28910001,28915000,"*",0.154396479839993,0.527612036185705,-4.94312026002166
"chr21",28915001,28920000,"*",0.218472775408033,0.611654166116476,-3.8238188976378
"chr21",28920001,28925000,"*",0.762103703762681,0.927881717605066,1.01715197447148
"chr21",28925001,28930000,"*",0.804348046788454,0.943855171454647,-0.727513227513232
"chr21",28930001,28935000,"*",0.0329963733522166,0.274189721827521,3.50918511540272
"chr21",28935001,28940000,"*",0.81625156433119,0.94956950144767,0.933396614459736
"chr21",28940001,28945000,"*",0.269440343516481,0.649528731996803,-5.47008547008546
"chr21",28945001,28950000,"*",0.510744078414916,0.819477340790471,2.22662803111179
"chr21",28950001,28955000,"*",0.933945671934563,0.989266186235458,-0.191833379007944
"chr21",28955001,28960000,"*",0.145015221355646,0.513321755352563,-4.44209842455742
"chr21",28960001,28965000,"*",0.877455024067237,0.969507325103692,-0.533280663638158
"chr21",28965001,28970000,"*",0.525947127747015,0.824995641647043,1.33509583608725
"chr21",28970001,28975000,"*",0.728535072717005,0.913429919957293,-0.751633986928113
"chr21",28975001,28980000,"*",0.293120098887693,0.671058834759628,2.62539184952978
"chr21",28980001,28985000,"*",0.643268874816027,0.880315396137176,1.62962962962964
"chr21",28985001,28990000,"*",0.146667484348112,0.51524079048721,-2.24369296833065
"chr21",28990001,28995000,"*",0.000129047976369752,0.0156415047220579,19.6106663595001
"chr21",28995001,29000000,"*",0.215806039185493,0.608550523655843,-3.93518518518519
"chr21",29000001,29005000,"*",0.007505653083642,0.137039682261012,-11.4436699922555
"chr21",29005001,29010000,"*",0.47895667697801,0.803979331221445,1.88827694728559
"chr21",29010001,29015000,"*",0.384942753009891,0.741207218203104,-1.64016526856141
"chr21",29015001,29020000,"*",0.220292364042321,0.612878948197541,-5.03975311225023
"chr21",29020001,29025000,"*",0.416315098422433,0.760994001526401,-3.50830729028727
"chr21",29025001,29030000,"*",0.957429258413227,0.994618979526121,-0.213710340292628
"chr21",29030001,29035000,"*",0.62078951464165,0.871792494160053,-1.31111111111111
"chr21",29035001,29040000,"*",0.945286550711252,0.991770117657212,0.145687645687642
"chr21",29040001,29045000,"*",0.124350666172684,0.484218875844696,2.69736842105264
"chr21",29050001,29055000,"*",0.867444726072955,0.96671361077167,0.293265493604689
"chr21",29055001,29060000,"*",0.491294683013768,0.81034345374229,-1.79615705931495
"chr21",29060001,29065000,"*",0.694987634833102,0.899803895447492,-1.11827956989248
"chr21",29065001,29070000,"*",0.529863880766362,0.828027931024533,-1.5703594650963
"chr21",29070001,29075000,"*",0.013687743172795,0.183986299244262,10.5135773317591
"chr21",29075001,29080000,"*",0.490318905879327,0.81011025090889,-3.25896762904636
"chr21",29080001,29085000,"*",0.190930458284284,0.575784533395456,-8.10185185185185
"chr21",29085001,29090000,"*",0.618640639370657,0.871444344065783,1.34912372028457
"chr21",29090001,29095000,"*",0.719607403472814,0.910354516180292,1.40527783737395
"chr21",29095001,29100000,"*",0.487767860384599,0.808788410032639,3.66379310344828
"chr21",29100001,29105000,"*",0.926204964379509,0.987264970792815,-0.304878048780488
"chr21",29105001,29110000,"*",0.0781357518353561,0.40419009227561,4.02437069103736
"chr21",29110001,29115000,"*",0.813808464848347,0.948965017551644,0.638904210332791
"chr21",29115001,29120000,"*",0.0142734148647051,0.187555339250237,-7.48120604639884
"chr21",29120001,29125000,"*",0.137653586012689,0.500623233144958,5.46594982078854
"chr21",29125001,29130000,"*",0.647355044036675,0.881667092599859,1.4488879384089
"chr21",29130001,29135000,"*",0.00202254059106433,0.0711237353537318,-8.28996183307978
"chr21",29135001,29140000,"*",0.0517165639271023,0.339292280957413,-6.68702290076335
"chr21",29140001,29145000,"*",0.758064698273433,0.925853723615138,-0.871794871794873
"chr21",29145001,29150000,"*",0.134124904396539,0.496868889625864,-10.2460397708123
"chr21",29150001,29155000,"*",0.397308136446621,0.750221917598643,2.47477502045268
"chr21",29155001,29160000,"*",0.125894648354986,0.486285372492061,-4.3918918918919
"chr21",29160001,29165000,"*",0.199688368213624,0.589527368124626,-5.33691115086463
"chr21",29165001,29170000,"*",0.0050941867983984,0.11135046018589,-15.4943934760448
"chr21",29170001,29175000,"*",0.936825063957672,0.989266186235458,0.343249427917625
"chr21",29175001,29180000,"*",0.436994008542606,0.77609274352314,3.80564050288821
"chr21",29180001,29185000,"*",0.246837221302419,0.63149069486856,3.44609747623109
"chr21",29185001,29190000,"*",0.0579591021181371,0.350209918507837,-6.39692585895117
"chr21",29190001,29195000,"*",0.130758497364509,0.493095260404131,-5.65268065268065
"chr21",29195001,29200000,"*",0.0549986826241213,0.346546953862723,10.5529953917051
"chr21",29200001,29205000,"*",0.536736282033924,0.831383196705431,-4.06698564593301
"chr21",29205001,29210000,"*",0.0161770136598233,0.198471912789804,-7.703081232493
"chr21",29210001,29215000,"*",0.53681045104325,0.831383196705431,-2.77280858676208
"chr21",29215001,29220000,"*",0.000318869233998383,0.0263723613530427,-11.9102990033223
"chr21",29225001,29230000,"*",0.0363894806911934,0.287759335499539,13.2506780317706
"chr21",29230001,29235000,"*",0.769417916275976,0.93101273346254,1.21183370708987
"chr21",29235001,29240000,"*",0.0419987865742108,0.308517732096867,13.5947712418301
"chr21",29240001,29245000,"*",0.00607182952272875,0.122523549583789,-11.8595457716456
"chr21",29245001,29250000,"*",0.479975183812463,0.804344586937214,-5.58312655086849
"chr21",29250001,29255000,"*",0.225935714786264,0.615154173101253,5.07971820541342
"chr21",29255001,29260000,"*",0.00346231173892572,0.0898156882828333,17.3109965635739
"chr21",29260001,29265000,"*",0.886965246256929,0.973705829325191,-0.445930880713485
"chr21",29265001,29270000,"*",0.495859757731868,0.813391173918986,2.20385674931129
"chr21",29270001,29275000,"*",0.0244890301094649,0.232331824115436,7.25991949396205
"chr21",29275001,29280000,"*",0.292061491257507,0.670580209303645,-2.10459183673469
"chr21",29280001,29285000,"*",0.587945624733937,0.85680514820526,-2.08333333333334
"chr21",29285001,29290000,"*",0.653780282084546,0.884370864547692,1.99089134677943
"chr21",29290001,29295000,"*",0.48492588825097,0.807635393130613,-1.51222651222651
"chr21",29295001,29300000,"*",0.413284897571642,0.760176041320942,3.59351757613717
"chr21",29300001,29305000,"*",0.477527065905861,0.802154187172808,3.60934182590233
"chr21",29305001,29310000,"*",0.320305405013743,0.690972039215739,6.4182580344667
"chr21",29310001,29315000,"*",0.154998984687024,0.527612036185705,5.70388349514563
"chr21",29315001,29320000,"*",0.261801049238686,0.64397446128717,-6.96150696150696
"chr21",29320001,29325000,"*",0.00066819972110558,0.0401490943536088,-12.8537889656971
"chr21",29325001,29330000,"*",0.309587172650279,0.68711659762985,3.06360044999084
"chr21",29330001,29335000,"*",0.258261483682552,0.641326175798401,2.56873856194739
"chr21",29335001,29340000,"*",0.948775329142064,0.992937494441891,0.230061349693256
"chr21",29340001,29345000,"*",0.0918920503195366,0.430024118503174,-6.65948275862069
"chr21",29345001,29350000,"*",0.35032126919686,0.713222856198645,3.80392663394472
"chr21",29350001,29355000,"*",0.732450073466753,0.91562341766511,0.935828877005351
"chr21",29355001,29360000,"*",0.650432296790295,0.883753197996864,1.57493152471632
"chr21",29360001,29365000,"*",0.815763116363481,0.94956950144767,-0.690021231422511
"chr21",29365001,29370000,"*",0.87377253342394,0.969311997808663,-0.431899485210718
"chr21",29370001,29375000,"*",0.0914844464780363,0.430024118503174,-5.46561168594035
"chr21",29375001,29380000,"*",0.945416905391133,0.991770117657212,-0.269138755980858
"chr21",29380001,29385000,"*",0.644730706879457,0.880638935886507,1.33504746835443
"chr21",29385001,29390000,"*",0.685960457836114,0.89809658351583,-1.42874222859876
"chr21",29390001,29395000,"*",0.823239455777716,0.950898369614441,-0.769827920817701
"chr21",29395001,29400000,"*",0.100333184179755,0.445188517544522,4.43196004993758
"chr21",29400001,29405000,"*",0.645985628550129,0.880946453677479,-1.81818181818182
"chr21",29405001,29410000,"*",0.551217870665749,0.838298206711709,-2.57575757575758
"chr21",29410001,29415000,"*",0.0465351691273381,0.325514665637002,-4.91856485306267
"chr21",29415001,29420000,"*",0.622746737482232,0.872688270567035,1.45719489981785
"chr21",29420001,29425000,"*",0.00651424741235531,0.125810877222137,20.5432937181664
"chr21",29425001,29430000,"*",0.368484706528403,0.72650524177584,-1.60955860570752
"chr21",29430001,29435000,"*",0.588818011737265,0.857163370899742,-1.64024056861672
"chr21",29435001,29440000,"*",0.770212785449845,0.931047899448911,1.07105538140021
"chr21",29440001,29445000,"*",0.0768074691188794,0.402586837189295,6.47058823529412
"chr21",29445001,29450000,"*",0.0794139904009982,0.407042440779387,4.76997578692494
"chr21",29450001,29455000,"*",0.0162587130623646,0.198601036339191,7.26403823178016
"chr21",29455001,29460000,"*",0.238211893869061,0.628614719932245,-2.82534246575342
"chr21",29460001,29465000,"*",0.739033167307494,0.91785099194237,0.503663003663013
"chr21",29465001,29470000,"*",0.956090837686898,0.99460772013922,0.188713156002873
"chr21",29470001,29475000,"*",0.656449281293719,0.88549439157274,1.55841264540547
"chr21",29475001,29480000,"*",0.00106070778767307,0.0500803623501426,19.6679438058748
"chr21",29480001,29485000,"*",0.573729824755871,0.848584192727493,2.30702184452798
"chr21",29485001,29490000,"*",0.696298180565206,0.90016686487122,1.44042232277526
"chr21",29490001,29495000,"*",0.00762162402587275,0.137242952815191,-7.69619741100324
"chr21",29495001,29500000,"*",0.0682288806982873,0.3796852901411,-7.034677990092
"chr21",29500001,29505000,"*",0.175899950783825,0.557573109411106,4.73559181987192
"chr21",29505001,29510000,"*",0.0696928451925069,0.384718329316497,-6.57712927651578
"chr21",29510001,29515000,"*",0.969526518847881,0.997143855920606,0.222965440356748
"chr21",29515001,29520000,"*",0.795943954870393,0.939639636514375,0.721153846153844
"chr21",29520001,29525000,"*",0.013615942347833,0.183469159196631,10.518102372035
"chr21",29525001,29530000,"*",0.11261982080102,0.461588719649785,-8.61826697892272
"chr21",29530001,29535000,"*",0.656500251618367,0.88549439157274,-1.86199342825849
"chr21",29535001,29540000,"*",0.196719305503009,0.584174454706543,4.15845301792922
"chr21",29540001,29545000,"*",0.560702041591518,0.841172717112329,1.64251207729469
"chr21",29545001,29550000,"*",0.413904215657777,0.760367839198177,-2.89418148929755
"chr21",29550001,29555000,"*",0.706904898585306,0.905128025943939,-1.20772946859904
"chr21",29555001,29560000,"*",0.262979213390685,0.64397446128717,3.74873353596757
"chr21",29560001,29565000,"*",0.710592293327636,0.906524308347791,-0.650406504065049
"chr21",29565001,29570000,"*",0.945496917288568,0.991770117657212,-0.274177467597214
"chr21",29570001,29575000,"*",0.404767443348695,0.755942697075865,-1.8341457769806
"chr21",29575001,29580000,"*",0.566044994725168,0.844820651121783,1.46557353261264
"chr21",29580001,29585000,"*",0.802555626191966,0.942684386320722,-0.689655172413794
"chr21",29585001,29590000,"*",0.429158194348451,0.771409385392383,-2.76711050497075
"chr21",29590001,29595000,"*",0.293860400478941,0.672035984179231,4.81481481481482
"chr21",29595001,29600000,"*",0.513219571552854,0.820841859383821,-1.80177768258728
"chr21",29600001,29605000,"*",0.409206673015477,0.759205475935649,2.28754150780962
"chr21",29605001,29610000,"*",0.0443161181113605,0.318225036080556,-7.72413793103448
"chr21",29610001,29615000,"*",0.220942496270528,0.612954123434023,5.46756015839172
"chr21",29615001,29620000,"*",0.894351440144393,0.976135790128099,-0.300218340611358
"chr21",29620001,29625000,"*",0.219607202986548,0.612634379760092,-5.36392143918138
"chr21",29625001,29630000,"*",0.126080633086327,0.486736326522174,-4.93088508355685
"chr21",29630001,29635000,"*",0.351525852556585,0.714093204856952,2.5
"chr21",29635001,29640000,"*",0.844819613432987,0.956933323473326,0.975477577564021
"chr21",29640001,29645000,"*",0.70622936576742,0.904993153726753,-1.65026056745802
"chr21",29645001,29650000,"*",0.842544817995439,0.956224600353471,-0.981266726137375
"chr21",29655001,29660000,"*",0.239802887711658,0.628800559721356,-3.68362767383575
"chr21",29660001,29665000,"*",0.962168403811698,0.995590797585551,0.310559006211175
"chr21",29665001,29670000,"*",0.156397420909606,0.528847459833828,5.34242682580278
"chr21",29675001,29680000,"*",0.702250416652185,0.902580695006901,1.58850637029005
"chr21",29680001,29685000,"*",0.912291858239482,0.983502787643196,-0.333753615664178
"chr21",29685001,29690000,"*",0.346836565835529,0.712132491878975,-1.90848743480322
"chr21",29690001,29695000,"*",0.413183488483017,0.760176041320942,2.79547790339157
"chr21",29695001,29700000,"*",0.0540747766933247,0.344756826005419,7.17908496732027
"chr21",29700001,29705000,"*",0.287428653200443,0.666432530342716,-3.38196286472148
"chr21",29705001,29710000,"*",0.087474055887301,0.421193570471045,-4.23215202876219
"chr21",29710001,29715000,"*",0.434555402669794,0.775582305993674,-4.94912118408881
"chr21",29715001,29720000,"*",0.349546885623329,0.713222856198645,-3.92441860465116
"chr21",29720001,29725000,"*",0.578279809259284,0.851135329764939,-2.34385584609131
"chr21",29725001,29730000,"*",0.250959559548705,0.635559358820352,-3.9039273979033
"chr21",29730001,29735000,"*",0.006805655666196,0.127924490196144,-8.9047619047619
"chr21",29735001,29740000,"*",0.966314586052489,0.996869611821711,-0.198363501115795
"chr21",29740001,29745000,"*",0.515521145852034,0.821139902545839,-1.88065099457504
"chr21",29745001,29750000,"*",0.00447019370826604,0.104057820427517,-9.02445253144353
"chr21",29750001,29755000,"*",0.61665457749192,0.870673163239244,1.92761605035405
"chr21",29755001,29760000,"*",0.238887146755422,0.628800559721356,-2.66749379652605
"chr21",29760001,29765000,"*",0.398815020774895,0.750429243318437,-3.74642935618545
"chr21",29765001,29770000,"*",0.0986401512050056,0.441760609844977,-5.41936084104759
"chr21",29770001,29775000,"*",0.457824453840549,0.788269877663252,-2.39072256913471
"chr21",29775001,29780000,"*",0.694767037105105,0.899803895447492,1.46520146520147
"chr21",29785001,29790000,"*",0.18374966425719,0.568722450911957,4.01878301702211
"chr21",29790001,29795000,"*",0.84732902902242,0.958074306421826,-0.688434303697871
"chr21",29795001,29800000,"*",0.0027805537345568,0.0797848683834053,-12.1468455704642
"chr21",29800001,29805000,"*",0.104218896656223,0.450708885337395,-7.60192273455581
"chr21",29805001,29810000,"*",0.662779916734205,0.887324855197383,-2.55526844674131
"chr21",29810001,29815000,"*",0.0817300110838903,0.411397136187445,8.37967027607063
"chr21",29815001,29820000,"*",0.859032727566524,0.963167573372877,-0.790273556231003
"chr21",29820001,29825000,"*",0.46235019404417,0.792423892311715,3.0453781512605
"chr21",29830001,29835000,"*",0.184529049450518,0.569114380821015,-11.3671274961597
"chr21",29835001,29840000,"*",0.0853878816338242,0.416604126258132,-7.63241076247012
"chr21",29840001,29845000,"*",0.525689209508129,0.824909630098693,2.39943542695836
"chr21",29845001,29850000,"*",0.0494671180156977,0.335994047971357,-9.98116760828626
"chr21",29850001,29855000,"*",0.298027841816665,0.677160868768959,-4.72353087031986
"chr21",29855001,29860000,"*",0.318225068463578,0.690086245272885,4.05861897665176
"chr21",29860001,29865000,"*",0.397593320772477,0.750429243318437,-4.83636674357003
"chr21",29865001,29870000,"*",0.779279027718059,0.933594336206195,-0.961538461538469
"chr21",29870001,29875000,"*",0.882294894457096,0.971464520068906,0.365379140172717
"chr21",29875001,29880000,"*",0.253073762013359,0.637441673034916,5.59327036599764
"chr21",29880001,29885000,"*",0.22318474054329,0.614510901339307,4.94929985514244
"chr21",29885001,29890000,"*",0.735412959896887,0.916514768472463,-2.39282153539382
"chr21",29890001,29895000,"*",0.522661761602587,0.822815334071301,-2.68795635079837
"chr21",29895001,29900000,"*",0.689616602720009,0.899201468470827,1.66688657254694
"chr21",29900001,29905000,"*",0.516511779135069,0.821183779495535,-2.74853801169591
"chr21",29905001,29910000,"*",0.439497595574161,0.77609274352314,-3.28341013824885
"chr21",29910001,29915000,"*",0.545935645873792,0.83506653414964,-2.49261768282092
"chr21",29915001,29920000,"*",0.00911132055763999,0.151783373270638,-12.3848840901874
"chr21",29920001,29925000,"*",0.188686881971056,0.573022314009978,6.89393939393939
"chr21",29925001,29930000,"*",0.0128668125129604,0.178879798580138,10.2316057054088
"chr21",29930001,29935000,"*",0.0112290856869688,0.167601852185543,17.5190138998164
"chr21",29935001,29940000,"*",0.51913570894941,0.822454668297301,3.57898715041572
"chr21",29940001,29945000,"*",0.011681070609709,0.171794825075846,16.0377358490566
"chr21",29945001,29950000,"*",0.283210737096989,0.662915385248432,3.99482782087927
"chr21",29950001,29955000,"*",0.398438061024254,0.750429243318437,4.57276368491322
"chr21",29955001,29960000,"*",0.963737627306605,0.996431973774512,-0.240084509747429
"chr21",29960001,29965000,"*",0.380702795864476,0.737739440874137,-4.20188360299445
"chr21",29965001,29970000,"*",0.0542084015068572,0.344756826005419,-10.2575439372168
"chr21",29970001,29975000,"*",0.953193976393269,0.99426621518398,0.24813895781638
"chr21",29975001,29980000,"*",0.796500908915057,0.939890982742242,-0.891072618254496
"chr21",29980001,29985000,"*",0.0438215190246676,0.315964388454783,-10.4773524477658
"chr21",29985001,29990000,"*",0.668111699961929,0.890224649494382,2.36280487804879
"chr21",29990001,29995000,"*",0.803324568189931,0.943272375876936,1.17685518143184
"chr21",29995001,30000000,"*",0.744354543462617,0.919568446293509,1.64445943666722
"chr21",30000001,30005000,"*",0.0544222359436587,0.344984958236177,-9.97498436522827
"chr21",30005001,30010000,"*",0.434867302445902,0.775721171325727,-3.92156862745099
"chr21",30010001,30015000,"*",0.47076404164734,0.798617570651737,-3.73467112597548
"chr21",30015001,30020000,"*",0.716983753732599,0.909229183608438,1.45211930926217
"chr21",30020001,30025000,"*",0.000420410250981018,0.0306326950313026,-18.7396351575456
"chr21",30025001,30030000,"*",0.0932756192027256,0.43168374127397,-7.54699466233465
"chr21",30030001,30035000,"*",0.336798267519504,0.704586327009168,-4.32874708598071
"chr21",30035001,30040000,"*",0.962764614424604,0.995914543761767,0.2442075168265
"chr21",30040001,30045000,"*",0.729978889187539,0.913736133185062,1.59285159285159
"chr21",30045001,30050000,"*",0.698857332321726,0.901577629139273,-2.13128729752771
"chr21",30050001,30055000,"*",0.73246213912365,0.91562341766511,1.43581081081081
"chr21",30055001,30060000,"*",0.321376277966988,0.692392042325444,4.91990846681922
"chr21",30060001,30065000,"*",0.971045069364505,0.997143855920606,-0.118195547967692
"chr21",30065001,30070000,"*",0.0208388147240828,0.219379780580338,-16.2030488763162
"chr21",30070001,30075000,"*",0.0199063756391596,0.215450031519828,-10.718954248366
"chr21",30075001,30080000,"*",0.714527315754564,0.908337370193564,-2.72727272727272
"chr21",30080001,30085000,"*",0.428583124851856,0.770769856154656,4.48280864645292
"chr21",30085001,30090000,"*",0.448071921562447,0.781366064276937,4.05844155844156
"chr21",30090001,30095000,"*",0.0860458775797404,0.417462056166719,9.18103448275862
"chr21",30095001,30100000,"*",0.406643431770157,0.757136826965613,4.63449593884376
"chr21",30100001,30105000,"*",0.905962998871854,0.980135408136217,0.522941970310387
"chr21",30105001,30110000,"*",0.632160660781034,0.875965036390042,2.32161701436805
"chr21",30110001,30115000,"*",0.327809373163126,0.695173421821049,-4.11322423706325
"chr21",30115001,30120000,"*",0.80592509332822,0.944905504686022,1.27688172043011
"chr21",30120001,30125000,"*",0.276454442605748,0.657441779044399,7.77777777777778
"chr21",30125001,30130000,"*",0.0186740430087864,0.212081619308188,9.16937313698447
"chr21",30130001,30135000,"*",0.315497623966892,0.689294204956338,-6.2434600627834
"chr21",30135001,30140000,"*",0.00671360451880798,0.126872687546291,15.2086475615887
"chr21",30140001,30145000,"*",0.356559865882233,0.717850203043721,4.81154771451483
"chr21",30145001,30150000,"*",0.0601156231058531,0.355242341720769,-6.32350106034316
"chr21",30150001,30155000,"*",0.874937034531803,0.969507325103692,0.966533768273525
"chr21",30155001,30160000,"*",0.400427690238797,0.751873203181172,-4.10628019323671
"chr21",30160001,30165000,"*",0.103240202180632,0.449398527139222,-8.83092394720302
"chr21",30165001,30170000,"*",0.588307034194423,0.85680514820526,-2.29568411386594
"chr21",30170001,30175000,"*",0.520433633860689,0.822454668297301,-3.27427356484763
"chr21",30175001,30180000,"*",0.923210675613751,0.987264970792815,0.392452830188683
"chr21",30180001,30185000,"*",0.633326770592879,0.876261995132442,-3.00511508951407
"chr21",30185001,30190000,"*",0.0152530395881078,0.194167659834156,13.6482939632546
"chr21",30190001,30195000,"*",0.439648050375174,0.77609274352314,-3.53450976297379
"chr21",30195001,30200000,"*",0.717811076895708,0.909555131682918,-2.01403722917303
"chr21",30200001,30205000,"*",0.407021853524957,0.757136826965613,-5.30982905982905
"chr21",30205001,30210000,"*",0.365881599506033,0.725253203345835,4.378455502051
"chr21",30210001,30215000,"*",0.0474951618678894,0.329606108520496,12.3239436619718
"chr21",30215001,30220000,"*",0.00417449893499479,0.1008786360831,-8.68605079131395
"chr21",30220001,30225000,"*",0.751590378918961,0.923236128568984,1.85447673045122
"chr21",30225001,30230000,"*",0.00994026019541312,0.158099613515281,-11.9949890385218
"chr21",30230001,30235000,"*",0.436666784679055,0.77609274352314,-5.69154228855722
"chr21",30235001,30240000,"*",0.361849342921001,0.720794183865037,-4.18515737010992
"chr21",30245001,30250000,"*",0.729253607799372,0.913736133185062,1.65484633569739
"chr21",30250001,30255000,"*",0.16718106865481,0.544678873412295,-7.66317016317016
"chr21",30255001,30260000,"*",0.85414968579124,0.96089875469963,-0.853429376761672
"chr21",30260001,30265000,"*",0.47507130779443,0.800520111633271,-4
"chr21",30265001,30270000,"*",0.00244902895951643,0.0765185492684466,12.3302244760452
"chr21",30270001,30275000,"*",0.0287291183385744,0.251827558503963,12.4318116566179
"chr21",30275001,30280000,"*",0.899512012519611,0.978274976487139,0.595749248604549
"chr21",30280001,30285000,"*",0.617872669999389,0.871444344065783,2.57116620752984
"chr21",30285001,30290000,"*",0.0878037645164806,0.421299968788042,-10.7268170426065
"chr21",30290001,30295000,"*",0.884602574624207,0.9727730751935,0.823437635433821
"chr21",30295001,30300000,"*",0.283688957697252,0.66301716115195,4.67407492267156
"chr21",30300001,30305000,"*",0.841963502235263,0.956224600353471,1.07723577235772
"chr21",30305001,30310000,"*",0.247871937591869,0.632255465618123,-5.26315789473684
"chr21",30310001,30315000,"*",0.598885804466437,0.861679739132021,-3.7251356238698
"chr21",30315001,30320000,"*",0.0511353872026264,0.338814111248316,-7.420814479638
"chr21",30320001,30325000,"*",0.214778828278612,0.6070289977166,-7.74422328986502
"chr21",30325001,30330000,"*",0.500457350219542,0.814024796863345,3.71621621621622
"chr21",30330001,30335000,"*",0.0169795201324465,0.20159165589938,-12.9860365198711
"chr21",30335001,30340000,"*",0.7981360922913,0.940649813182744,-0.975957108151126
"chr21",30340001,30345000,"*",0.0753826574430887,0.399977504312743,-7.08069620253164
"chr21",30345001,30350000,"*",0.0221999963118776,0.222633343898002,-9.64102564102565
"chr21",30350001,30355000,"*",0.253695803543533,0.637921086121761,-8.87212643678161
"chr21",30355001,30360000,"*",0.0197984979983753,0.21512123791125,10.5263157894737
"chr21",30360001,30365000,"*",0.161872087635312,0.536908062434045,-11.965811965812
"chr21",30365001,30370000,"*",0.826344934703242,0.95139287437992,1.28769535549196
"chr21",30370001,30375000,"*",0.0110636736695359,0.166547378794084,13.7626262626263
"chr21",30375001,30380000,"*",0.759399815396085,0.926591881232864,1.02777541833008
"chr21",30380001,30385000,"*",0.822520371716274,0.950898369614441,-1.53951419774204
"chr21",30385001,30390000,"*",0.954705767140748,0.99426621518398,0.415608404525514
"chr21",30390001,30395000,"*",0.0836445653228789,0.414976213281467,-8.38989953841977
"chr21",30395001,30400000,"*",0.0769687468992932,0.402586837189295,-12.0646971447434
"chr21",30400001,30405000,"*",0.945961575627417,0.991813553566107,-0.438596491228072
"chr21",30405001,30410000,"*",0.023268638245603,0.226822473994101,-11.1613958560523
"chr21",30410001,30415000,"*",0.753613701786522,0.924404612519601,1.52485158887208
"chr21",30415001,30420000,"*",0.182427127068554,0.567210395087099,6.80701754385965
"chr21",30420001,30425000,"*",0.589802955950549,0.857163370899742,-2.32046070460705
"chr21",30425001,30430000,"*",0.875286560295034,0.969507325103692,0.974025974025972
"chr21",30430001,30435000,"*",0.458336080009435,0.788957552024077,4.19437340153452
"chr21",30435001,30440000,"*",0.113349981481117,0.462478450268285,-6.98776360322833
"chr21",30440001,30445000,"*",0.660608115110744,0.887324855197383,2.15208034433285
"chr21",30445001,30450000,"*",0.0443653939002868,0.318253795019405,14.8366013071895
"chr21",30450001,30455000,"*",0.0138690455053719,0.185369145404233,-9.35239767548811
"chr21",30455001,30460000,"*",0.189097716231807,0.5732370559895,-5.43024227234753
"chr21",30460001,30465000,"*",0.953785731654013,0.99426621518398,0.258397932816534
"chr21",30465001,30470000,"*",0.111845555548666,0.461404660244149,-7.94883814370856
"chr21",30470001,30475000,"*",0.594246857331978,0.85975620643009,3.15832649712879
"chr21",30475001,30480000,"*",0.428165709626816,0.770685782747936,-4.18060200668896
"chr21",30480001,30485000,"*",0.343232602685702,0.710101258669394,-5.55970149253732
"chr21",30485001,30490000,"*",0.0199398864177107,0.215450031519828,14.3504360629743
"chr21",30490001,30495000,"*",0.403222334333806,0.754539240937987,2.16751404870216
"chr21",30495001,30500000,"*",0.0493501559208901,0.335523787353827,-10.1245008221752
"chr21",30500001,30505000,"*",0.00481330065484579,0.109506484153935,-9.98225648556046
"chr21",30505001,30510000,"*",0.235456396348085,0.625806603526289,-7.83732830595206
"chr21",30510001,30515000,"*",0.244492254199562,0.630306429305182,-4.9126231641569
"chr21",30515001,30520000,"*",0.366434918124117,0.725321245154393,-6.93783828112187
"chr21",30520001,30525000,"*",0.94005224874703,0.989912530272558,-0.442086648983198
"chr21",30525001,30530000,"*",0.0825690879085095,0.413139279713041,7.58169934640522
"chr21",30530001,30535000,"*",0.652846882850522,0.884198614356485,-1.86037992568946
"chr21",30535001,30540000,"*",0.00317551545708166,0.0858610525510926,-14.0574214517876
"chr21",30540001,30545000,"*",0.108037931076364,0.455524350406149,-9.67592592592593
"chr21",30545001,30550000,"*",0.32542915929792,0.694839461331873,7.71365149833518
"chr21",30550001,30555000,"*",0.768542514715436,0.93101273346254,2.30263157894737
"chr21",30555001,30560000,"*",0.884226848960436,0.97270604749045,-0.681341719077566
"chr21",30560001,30565000,"*",0.146896512144066,0.515310618948496,7.82608695652174
"chr21",30565001,30570000,"*",0.770613423995191,0.931146849550738,-1.57520325203252
"chr21",30570001,30575000,"*",0.879962366840791,0.970069850853185,-0.622612140936751
"chr21",30575001,30580000,"*",0.00588176522562268,0.121257505971048,20.6923076923077
"chr21",30580001,30585000,"*",0.840130222564988,0.956224600353471,-1.09636126585279
"chr21",30585001,30590000,"*",0.37082720150958,0.728331098419309,-5.06463233735961
"chr21",30590001,30595000,"*",0.0307081725304381,0.261498330769894,-12.1834687052078
"chr21",30595001,30600000,"*",0.1760488249805,0.557573109411106,6.1867266591676
"chr21",30600001,30605000,"*",0.134598363463928,0.496868889625864,11.1111111111111
"chr21",30605001,30610000,"*",0.96418651189668,0.996431973774512,-0.312989045383416
"chr21",30610001,30615000,"*",0.00114856787007924,0.052774066187301,17.7224736048265
"chr21",30615001,30620000,"*",0.700546005046595,0.902580695006901,1.98438516590762
"chr21",30620001,30625000,"*",0.0193982673935032,0.21396174942324,-11.4219114219114
"chr21",30625001,30630000,"*",0.200596629232656,0.59129693306873,-6.72413793103449
"chr21",30630001,30635000,"*",0.0550137127326883,0.346546953862723,-8.99159663865546
"chr21",30635001,30640000,"*",0.350999060208982,0.713982463330191,4.85068603712672
"chr21",30640001,30645000,"*",0.445728564806543,0.780919385488544,-3.46866139832298
"chr21",30645001,30650000,"*",0.688047916375898,0.89906632939081,2.26177233963664
"chr21",30650001,30655000,"*",0.024081159127609,0.230641074478326,-13.3908045977012
"chr21",30655001,30660000,"*",0.243013026601383,0.62944339640872,6.22474747474748
"chr21",30660001,30665000,"*",0.748360994858659,0.921523523183811,1.53434910451751
"chr21",30665001,30670000,"*",0.184095633142957,0.568875736701095,-8.16199376947041
"chr21",30670001,30675000,"*",0.875375025545229,0.969507325103692,1.14772306553128
"chr21",30675001,30680000,"*",0.134590861813143,0.496868889625864,-9.71513605442177
"chr21",30680001,30685000,"*",0.233881053358336,0.624973260749819,-6.32155023175294
"chr21",30685001,30690000,"*",0.264447904899188,0.64397446128717,7.52623083131557
"chr21",30690001,30695000,"*",0.103770168467987,0.449780793053899,-11.7396414928005
"chr21",30695001,30700000,"*",0.0194258078777775,0.21396174942324,-17.3484848484848
"chr21",30700001,30705000,"*",0.30551222820766,0.683980491686369,-8.15668202764978
"chr21",30705001,30710000,"*",0.866025794749066,0.966068127116143,0.732824427480916
"chr21",30710001,30715000,"*",0.657021712716597,0.885622146030948,-2.80448717948718
"chr21",30715001,30720000,"*",0.122901475413808,0.481991019704952,7.76772247360483
"chr21",30720001,30725000,"*",0.70730434506288,0.905128025943939,-1.83161459134985
"chr21",30725001,30730000,"*",0.626210626660905,0.873444481193396,2.40447957839263
"chr21",30730001,30735000,"*",0.931574091106335,0.988716299222051,0.454905063291144
"chr21",30735001,30740000,"*",0.0374860890542061,0.292505692194557,11.0621942697414
"chr21",30740001,30745000,"*",0.382952027999172,0.738948202582677,6.75549322113137
"chr21",30745001,30750000,"*",0.451138028669141,0.784248353497542,-6.32427843803056
"chr21",30750001,30755000,"*",0.788393249280108,0.936522921836629,-1.58730158730158
"chr21",30755001,30760000,"*",0.390511438324512,0.746206961517075,5.93902789761288
"chr21",30760001,30765000,"*",0.149873596059793,0.521564272677654,-8.52182223638101
"chr21",30765001,30770000,"*",0.34001683069011,0.707488853344313,-3.96088556831291
"chr21",30770001,30775000,"*",0.0845087951230131,0.416604126258132,8.94097222222222
"chr21",30775001,30780000,"*",0.00162411992679858,0.0635581672652415,18.6842574433945
"chr21",30780001,30785000,"*",0.701229018951782,0.902580695006901,-1.80107526881721
"chr21",30785001,30790000,"*",0.0449656136135567,0.320212687140092,-5.88235294117647
"chr21",30790001,30795000,"*",0.114755956630943,0.464976585080997,9.80952380952381
"chr21",30795001,30800000,"*",0.097930053980861,0.440875686669567,-7.64052741151978
"chr21",30800001,30805000,"*",0.555183093721392,0.839282382070339,-2.75813295615276
"chr21",30805001,30810000,"*",0.35443578610708,0.716206834243394,-3.60742050923449
"chr21",30810001,30815000,"*",0.568254007178468,0.846156668098153,-2.83140283140283
"chr21",30815001,30820000,"*",0.20537135944624,0.59561083205737,-7.7170613236187
"chr21",30820001,30825000,"*",0.299284230044703,0.678043228235341,6.1565951916829
"chr21",30825001,30830000,"*",0.957971695677589,0.994618979526121,-0.256483328583634
"chr21",30830001,30835000,"*",0.705054180721913,0.90447643986771,2.31910946196661
"chr21",30835001,30840000,"*",0.170807366143952,0.551827106613963,-5.93971631205674
"chr21",30840001,30845000,"*",0.73396983699957,0.915671331696003,1.85858585858586
"chr21",30845001,30850000,"*",0.170768319997849,0.551827106613963,-5.75148158942972
"chr21",30850001,30855000,"*",0.613180108231296,0.868208693024372,-2.05802968960863
"chr21",30855001,30860000,"*",0.217402093015055,0.610601963202491,6.12934362934363
"chr21",30860001,30865000,"*",0.182170499954039,0.566913950720184,-6.583552055993
"chr21",30865001,30870000,"*",0.209370802253592,0.599729162627034,-7.21362229102167
"chr21",30870001,30875000,"*",0.440152389648583,0.77609274352314,3.4949494949495
"chr21",30875001,30880000,"*",0.108417417774576,0.456057035516478,-6.60277293734374
"chr21",30880001,30885000,"*",0.957353516557077,0.994618979526121,0.181488203266789
"chr21",30885001,30890000,"*",0.255984535505896,0.641101277024029,-5.85218702865762
"chr21",30890001,30895000,"*",0.419377643262892,0.76409403610151,-4.56349206349206
"chr21",30895001,30900000,"*",0.739326921291318,0.917956244556335,-1.6062481579723
"chr21",30900001,30905000,"*",0.36186748201668,0.720794183865037,4.66790813159529
"chr21",30905001,30910000,"*",0.968290275272671,0.997143855920606,-0.218569680013991
"chr21",30910001,30915000,"*",0.715445064554391,0.90845595441258,-1.65716636304871
"chr21",30915001,30920000,"*",0.760367491342861,0.926894363219672,1.11111111111112
"chr21",30920001,30925000,"*",0.209325698916259,0.599729162627034,-8.61162079510703
"chr21",30925001,30930000,"*",0.0407662766151061,0.30487970702574,14.3301642178047
"chr21",30930001,30935000,"*",0.000442781925768618,0.0317628258995243,15.3061755371729
"chr21",30935001,30940000,"*",0.653401394250631,0.884198614356485,2.84291346752438
"chr21",30940001,30945000,"*",0.247251083577508,0.63149069486856,5.27806628269285
"chr21",30945001,30950000,"*",0.000958681293741888,0.0484858237050753,15.8497480531379
"chr21",30950001,30955000,"*",0.196371750370499,0.5840564492407,-9.3141797961075
"chr21",30955001,30960000,"*",0.36162529182286,0.720794183865037,4.94239438971447
"chr21",30960001,30965000,"*",0.134425507082538,0.496868889625864,-8.47619047619048
"chr21",30965001,30970000,"*",0.0170048153553815,0.20159165589938,17.8196657598135
"chr21",30970001,30975000,"*",0.282186610511799,0.661477783227058,-4.00968668295401
"chr21",30975001,30980000,"*",0.524452447412077,0.824072576063232,-2.48484848484848
"chr21",30980001,30985000,"*",0.602957787438936,0.864343315999756,2.79146141215108
"chr21",30985001,30990000,"*",0.240454272652486,0.62944339640872,5.36976770283919
"chr21",30990001,30995000,"*",0.878210902739732,0.969507325103692,-0.857699805068224
"chr21",30995001,31000000,"*",0.549944895182702,0.83736465521646,-2.57745378807602
"chr21",31000001,31005000,"*",0.663220629835441,0.887625968298389,-1.52915364669903
"chr21",31005001,31010000,"*",0.684087056728983,0.89731413878381,-2.1082621082621
"chr21",31010001,31015000,"*",0.650776093148004,0.883822137998266,-2.85412262156448
"chr21",31015001,31020000,"*",0.00787918905274893,0.139875502628346,12.65664160401
"chr21",31020001,31025000,"*",0.0259749769145653,0.241066637527765,-10.0055248618785
"chr21",31025001,31030000,"*",0.109056245321072,0.456633687474888,-6.91729323308271
"chr21",31030001,31035000,"*",0.586588903877758,0.85650251002825,-2.25301204819277
"chr21",31035001,31040000,"*",0.120939064622487,0.478261189596648,-7.23069355632071
"chr21",31040001,31045000,"*",0.247588297990281,0.631777036251061,-5.30570598854093
"chr21",31045001,31050000,"*",0.158057957105742,0.531019672520606,6.78694587435654
"chr21",31050001,31055000,"*",0.0285100250930658,0.250511332073727,7.45641344956413
"chr21",31055001,31060000,"*",0.12084535461956,0.478261189596648,-8.40336134453782
"chr21",31060001,31065000,"*",0.0243769558820698,0.231751047268848,-10.0304310574054
"chr21",31065001,31070000,"*",0.138429704814594,0.502146968445098,7.17948717948718
"chr21",31070001,31075000,"*",0.0574992671846942,0.34988118038369,-10.3025633842275
"chr21",31075001,31080000,"*",0.00594468949292586,0.121601783991317,-11.0818969714675
"chr21",31080001,31085000,"*",0.554873817435171,0.839282382070339,-1.65770609318996
"chr21",31085001,31090000,"*",0.656405672913132,0.88549439157274,1.81566181566182
"chr21",31090001,31095000,"*",0.209775909578755,0.600213530459359,-6.7857142857143
"chr21",31095001,31100000,"*",0.521244809242808,0.82263685791709,2.3891293127407
"chr21",31100001,31105000,"*",0.302706201523631,0.680967870947561,4.82758620689655
"chr21",31105001,31110000,"*",0.0563442168636651,0.348066647233362,10.4717530576587
"chr21",31110001,31115000,"*",0.18734371841421,0.572122650065984,-4.53488372093024
"chr21",31115001,31120000,"*",0.218105749568831,0.611428070219054,-3.5957532051282
"chr21",31120001,31125000,"*",0.541508337378511,0.833545787556587,-1.98225168395167
"chr21",31125001,31130000,"*",0.647723274401558,0.881667092599859,1.24018838304553
"chr21",31130001,31135000,"*",0.063126219454049,0.363398170328593,-9.66831333803811
"chr21",31135001,31140000,"*",0.698328942629763,0.901441877834601,-1.9026284348865
"chr21",31140001,31145000,"*",0.0263301233527229,0.241645910143135,-8.46115987203675
"chr21",31145001,31150000,"*",0.843726846896869,0.956368870313607,0.746136865342162
"chr21",31150001,31155000,"*",0.222757465182383,0.614261615881765,3.7340930674264
"chr21",31155001,31160000,"*",0.302704397029208,0.680967870947561,-3.90540540540542
"chr21",31160001,31165000,"*",0.859450601754875,0.963319153433797,0.577807476121217
"chr21",31165001,31170000,"*",0.0731251657893362,0.39493532324247,-4.98455575071164
"chr21",31170001,31175000,"*",0.294107488091736,0.672382322369074,-5.25861856533846
"chr21",31175001,31180000,"*",0.560337826264368,0.841164834217063,-1.84829991281604
"chr21",31180001,31185000,"*",0.3276062307257,0.695173421821049,-3.87868852459017
"chr21",31185001,31190000,"*",0.519017512823732,0.822454668297301,-2.14504596527069
"chr21",31190001,31195000,"*",0.647417513009043,0.881667092599859,-0.965659340659342
"chr21",31195001,31200000,"*",0.446525867849955,0.780935074181838,-2.64767164128538
"chr21",31200001,31205000,"*",0.855552033317978,0.961401981174135,-0.721530188550823
"chr21",31205001,31210000,"*",0.0294420553068586,0.256160456444575,7.03476201914828
"chr21",31210001,31215000,"*",0.193510066063089,0.579239421567544,5.24590163934426
"chr21",31215001,31220000,"*",0.124418405676618,0.484218875844696,3.73165043215805
"chr21",31220001,31225000,"*",0.900539469183451,0.97848415276038,0.354183373429562
"chr21",31225001,31230000,"*",0.548104416390449,0.836373789282582,1.59919481100426
"chr21",31230001,31235000,"*",0.863752054698186,0.964963826796014,0.474085691879944
"chr21",31235001,31240000,"*",0.391214118580496,0.746541038021516,-4.47154471544715
"chr21",31240001,31245000,"*",0.0332294009013522,0.27433095491901,-8
"chr21",31245001,31250000,"*",0.682318136853226,0.89731413878381,1.30732810402092
"chr21",31250001,31255000,"*",0.360269525362923,0.720794183865037,3.31028703121726
"chr21",31255001,31260000,"*",0.392629751151883,0.747005994749049,-2.9658365661369
"chr21",31260001,31265000,"*",0.621679595088664,0.872480478559879,-1.42798013245033
"chr21",31265001,31270000,"*",0.801522906469663,0.942100991887933,0.917485638323123
"chr21",31270001,31275000,"*",0.0155395975610741,0.195426423710824,-8.16205533596838
"chr21",31275001,31280000,"*",0.869234938002771,0.967255767764462,-0.332664181244624
"chr21",31280001,31285000,"*",0.454028241715472,0.786121950204739,2.47397175548912
"chr21",31285001,31290000,"*",0.0116587431589871,0.171794825075846,10.8090614886731
"chr21",31290001,31295000,"*",0.104371988158256,0.450708885337395,-3.46181951041286
"chr21",31300001,31305000,"*",0.292833827564905,0.670996671763444,-2.5121814841441
"chr21",31305001,31310000,"*",0.0886878939989764,0.423556993758698,-4.33473389355743
"chr21",31310001,31315000,"*",0.50393072484984,0.815164316511133,-1.76106615897192
"chr21",31315001,31320000,"*",0.53022003572379,0.828164363925313,1.39743759080703
"chr21",31320001,31325000,"*",0.806724843405944,0.945212608190631,-0.55448580801597
"chr21",31325001,31330000,"*",0.0193158959866181,0.21396174942324,-8.12370523823617
"chr21",31330001,31335000,"*",0.348940822701798,0.713222856198645,-2.79065411808774
"chr21",31335001,31340000,"*",0.0406327110196232,0.30452874037095,-5.59364193411394
"chr21",31340001,31345000,"*",0.266827515314772,0.646158261337529,-5.70497828265954
"chr21",31345001,31350000,"*",0.0744186638162711,0.397238577546231,6.25090018723894
"chr21",31350001,31355000,"*",0.267887444628788,0.647609606513198,-4.99964741555603
"chr21",31355001,31360000,"*",0.590172070778604,0.857163370899742,1.94029850746269
"chr21",31360001,31365000,"*",1.57077563409586e-05,0.0048011098729104,21.345168592875
"chr21",31365001,31370000,"*",0.191107969564632,0.575784533395456,-3.21743642968344
"chr21",31370001,31375000,"*",0.279062535469572,0.657883844517469,3.78062237916574
"chr21",31375001,31380000,"*",0.110780892418039,0.460872703471089,5.21033115969826
"chr21",31380001,31385000,"*",0.969680754342719,0.997143855920606,0.138373024543004
"chr21",31385001,31390000,"*",0.0855168691774738,0.416604126258132,4.66777408637873
"chr21",31390001,31395000,"*",0.618812256838746,0.871444344065783,-1.5183476159086
"chr21",31400001,31405000,"*",0.127713438318044,0.488749706648905,4.22932330827067
"chr21",31405001,31410000,"*",0.701680421595956,0.902580695006901,1.13935382361718
"chr21",31410001,31415000,"*",0.514529578590132,0.821139902545839,1.67006393032522
"chr21",31415001,31420000,"*",0.0145260839467781,0.188342287003321,-6.19269619269619
"chr21",31420001,31425000,"*",0.138905018880843,0.503351692130064,-3.47477908689249
"chr21",31425001,31430000,"*",0.325225713129805,0.694839461331873,2.40070785822801
"chr21",31430001,31435000,"*",0.937686924814569,0.989266186235458,0.23443735035914
"chr21",31435001,31440000,"*",0.22315291986264,0.614510901339307,4.16799914721244
"chr21",31440001,31445000,"*",0.00908334775932932,0.151676804627281,-14.2167011732229
"chr21",31445001,31450000,"*",0.44907203796598,0.782055089904605,4.01069518716578
"chr21",31450001,31455000,"*",0.198846063689943,0.588336627836825,-3.38114303312949
"chr21",31455001,31460000,"*",0.523303451418307,0.82303415928571,-1.88420991321567
"chr21",31460001,31465000,"*",0.162447147766318,0.536908062434045,-2.70912976731585
"chr21",31465001,31470000,"*",0.109036079060971,0.456633687474888,-3.41100945256028
"chr21",31470001,31475000,"*",0.755065489779699,0.924915230092445,-0.808080808080802
"chr21",31475001,31480000,"*",0.191599219122179,0.576355374595172,3.80005268703899
"chr21",31480001,31485000,"*",0.183785519397405,0.568722450911957,4.40390639395615
"chr21",31485001,31490000,"*",0.0553673502566006,0.347528993128484,-5.89628849697289
"chr21",31490001,31495000,"*",0.264278324095243,0.64397446128717,-3.98067188219052
"chr21",31495001,31500000,"*",0.015472649368389,0.194933199031854,-5.29551835661228
"chr21",31500001,31505000,"*",0.479498610330323,0.804120999671319,1.58156445490029
"chr21",31505001,31510000,"*",0.707737898680998,0.905128025943939,1.20075227853594
"chr21",31510001,31515000,"*",0.199588642879442,0.589527368124626,3.31103678929766
"chr21",31515001,31520000,"*",0.962045910488921,0.995590797585551,-0.12571126108244
"chr21",31520001,31525000,"*",0.151795259106166,0.524126066560091,-2.66447368421052
"chr21",31525001,31530000,"*",0.535387942639153,0.83104310522117,-1.66625286214792
"chr21",31530001,31535000,"*",0.330870696777199,0.697582702791394,-3.46735024284943
"chr21",31535001,31540000,"*",0.345316996602815,0.710857536198475,2.47697286532238
"chr21",31540001,31545000,"*",0.672932203584803,0.893092956617173,0.859374999999996
"chr21",31545001,31550000,"*",0.542718810917851,0.834130572967314,2.15459620979791
"chr21",31550001,31555000,"*",0.336858413240087,0.704586327009168,-3.69274136715997
"chr21",31555001,31560000,"*",0.381197621171725,0.737739440874137,3.44961574993524
"chr21",31560001,31565000,"*",0.0217608663684217,0.221820378511937,-5.76378477427953
"chr21",31565001,31570000,"*",0.449871449932657,0.782433521283172,1.78860745279841
"chr21",31570001,31575000,"*",0.976231407758393,0.999840733761874,-0.0654688295628203
"chr21",31575001,31580000,"*",0.213101055001775,0.603996292621798,3.33412107605656
"chr21",31580001,31585000,"*",0.0702535349319285,0.387358706330555,-5.70691434468524
"chr21",31585001,31590000,"*",0.742904851321517,0.919564198347704,-1.0633116883117
"chr21",31590001,31595000,"*",0.261907336742533,0.64397446128717,-4.09270216962524
"chr21",31595001,31600000,"*",0.534311603585969,0.83104310522117,-1.36629299607167
"chr21",31600001,31605000,"*",0.773975653505991,0.932325024699643,1.25
"chr21",31605001,31610000,"*",0.537474965183924,0.831383196705431,-2.04868154158215
"chr21",31610001,31615000,"*",0.03184582903418,0.267794471423786,9.1018529446477
"chr21",31615001,31620000,"*",0.767108945993543,0.930849003744786,0.843712334270785
"chr21",31620001,31625000,"*",0.200795068827518,0.59129693306873,4.79166666666667
"chr21",31625001,31630000,"*",0.723993660073818,0.911474826346515,0.812499999999994
"chr21",31630001,31635000,"*",0.475243258071555,0.800520111633271,-1.6821690085098
"chr21",31635001,31640000,"*",0.769972693079831,0.93101273346254,1.07783614161948
"chr21",31640001,31645000,"*",0.0237086262889712,0.228317318919818,-6.13551912568306
"chr21",31645001,31650000,"*",0.725695691619447,0.9123105708306,-0.81185758975123
"chr21",31650001,31655000,"*",0.302005020828386,0.680746175877327,-2.42332322210987
"chr21",31655001,31660000,"*",2.26612739112253e-05,0.00568959841413978,-18.7847667950364
"chr21",31660001,31665000,"*",0.056739044324476,0.349185225229262,-7.160014781966
"chr21",31665001,31670000,"*",0.176263758572684,0.557573109411106,-8.028545941124
"chr21",31670001,31675000,"*",0.806680916317592,0.945212608190631,0.740259740259741
"chr21",31675001,31680000,"*",0.301656571425905,0.680683753723209,3.83297258297258
"chr21",31680001,31685000,"*",0.827385457578488,0.951894471837645,-0.725623582766444
"chr21",31685001,31690000,"*",0.32235109163097,0.692866442013075,2.08982522693402
"chr21",31690001,31695000,"*",0.389776479622576,0.745145145168476,-2.45453302338302
"chr21",31695001,31700000,"*",0.798656899918822,0.940670793345817,1.12359550561798
"chr21",31700001,31705000,"*",0.498034440573912,0.813391173918986,2.45989304812835
"chr21",31705001,31710000,"*",0.811763603932701,0.947738601230821,0.831002139213433
"chr21",31710001,31715000,"*",0.065808521015105,0.37010712218895,7.48028930735649
"chr21",31715001,31720000,"*",0.244794347875578,0.630306429305182,-2.55482777723466
"chr21",31720001,31725000,"*",0.644887659857998,0.880638935886507,1.49835181300569
"chr21",31725001,31730000,"*",0.163749047096615,0.53978931947694,-4.97139322715324
"chr21",31730001,31735000,"*",0.0202443906119129,0.215788371147592,10.711389920198
"chr21",31735001,31740000,"*",0.0349407069630383,0.278761752663238,6.98809523809524
"chr21",31740001,31745000,"*",0.683670049025512,0.89731413878381,1.39885222381636
"chr21",31745001,31750000,"*",0.8434151105049,0.956224600353471,-0.519544779811976
"chr21",31750001,31755000,"*",0.853935227613236,0.96089875469963,0.558369042981433
"chr21",31755001,31760000,"*",0.0602450087446124,0.355492063652551,6.1191725841309
"chr21",31760001,31765000,"*",0.101466083272794,0.446692276044061,-5.85707146426787
"chr21",31765001,31770000,"*",0.0627134515991798,0.363147594277148,-12.6666666666667
"chr21",31770001,31775000,"*",0.778211457771269,0.933235688766624,0.939781494330238
"chr21",31775001,31780000,"*",0.1064767793247,0.454071954456134,-6.18572292800967
"chr21",31780001,31785000,"*",0.0367978230791397,0.289684990197483,-8.57142857142857
"chr21",31785001,31790000,"*",0.0995572441128904,0.443809401467102,6.11223919248992
"chr21",31790001,31795000,"*",0.93031778118337,0.988713934314717,0.269590222861249
"chr21",31795001,31800000,"*",0.0600597209826227,0.355242341720769,-7.74532485058801
"chr21",31800001,31805000,"*",0.573415192405438,0.848584192727493,-1.73743362665817
"chr21",31805001,31810000,"*",0.236854722357348,0.62809833955947,-6.37875403325887
"chr21",31810001,31815000,"*",0.729884836043041,0.913736133185062,1.19047619047619
"chr21",31815001,31820000,"*",0.79412547443717,0.938900451613405,1.24698310539019
"chr21",31820001,31825000,"*",0.63026096695458,0.875120402467055,-1.88166508831885
"chr21",31825001,31830000,"*",0.221816701184834,0.613684143773863,-5.20563704342823
"chr21",31830001,31835000,"*",0.576998981159927,0.850682142420316,2.40751614797416
"chr21",31835001,31840000,"*",0.151053167847484,0.523105305402863,6.33333333333334
"chr21",31840001,31845000,"*",0.878664579792101,0.969551404165511,-0.531945817103663
"chr21",31845001,31850000,"*",0.965597531335213,0.996645227615115,0.184121372808954
"chr21",31850001,31855000,"*",0.487853591477636,0.808788410032639,2.36404220779221
"chr21",31855001,31860000,"*",0.503696857335556,0.815164316511133,2.50822368421053
"chr21",31860001,31865000,"*",0.669897520515475,0.892096906464063,1.55307405981261
"chr21",31865001,31870000,"*",0.952460952647085,0.99426621518398,0.240834483816532
"chr21",31870001,31875000,"*",0.71254613831917,0.906990011240654,2.01581027667984
"chr21",31875001,31880000,"*",0.0816554452501931,0.411397136187445,5.75757575757575
"chr21",31880001,31885000,"*",0.716265787251684,0.908713253353711,1.01700412361581
"chr21",31885001,31890000,"*",0.193179927147914,0.578791431546957,-4.5666493967878
"chr21",31890001,31895000,"*",0.361470654013948,0.720794183865037,-3.35863814124684
"chr21",31895001,31900000,"*",0.0305711876229091,0.261498330769894,-8.80850558327394
"chr21",31900001,31905000,"*",0.176796171061613,0.558194967296057,4.50116090902695
"chr21",31905001,31910000,"*",0.155410940792982,0.5278986140182,5.71462208617848
"chr21",31910001,31915000,"*",0.508550494150189,0.818737272249543,-2.06535947712418
"chr21",31915001,31920000,"*",0.889822872450899,0.974332691088251,-0.444337282998075
"chr21",31920001,31925000,"*",0.970088859988124,0.997143855920606,-0.106767153399268
"chr21",31925001,31930000,"*",0.156969070950265,0.528999313892791,-4.65872156013001
"chr21",31930001,31935000,"*",0.0369955740430517,0.290266613306533,-6.84114037713259
"chr21",31935001,31940000,"*",0.879302360194307,0.969798492652334,0.593793342579751
"chr21",31940001,31945000,"*",0.551352487835825,0.838298206711709,-2.11736237144585
"chr21",31945001,31950000,"*",0.130349377817931,0.491871243188437,-4.49583718778908
"chr21",31950001,31955000,"*",0.737491129534545,0.917504442343453,-1.2987012987013
"chr21",31955001,31960000,"*",0.357185507675389,0.718458975381398,2.77978215304264
"chr21",31960001,31965000,"*",0.888684910262971,0.974117280970244,0.492072170585012
"chr21",31965001,31970000,"*",0.388644857106813,0.743853347525427,-2.62948765893792
"chr21",31970001,31975000,"*",0.00177667395972834,0.0665293760997834,12.0141254257664
"chr21",31975001,31980000,"*",0.948371474680975,0.992859488757596,-0.238857306645013
"chr21",31980001,31985000,"*",0.753047099047336,0.924218070234422,-1.09048040082522
"chr21",31985001,31990000,"*",0.887573371427265,0.973818991082473,0.452205705489017
"chr21",31990001,31995000,"*",0.0153558813061261,0.194213536958555,-6.21182779681216
"chr21",31995001,32000000,"*",0.295515839543696,0.67341210761497,3.35190365010749
"chr21",32005001,32010000,"*",0.62239162202987,0.872688270567035,1.84915755385554
"chr21",32010001,32015000,"*",0.557261723559188,0.840281825002087,-3.08723357503845
"chr21",32015001,32020000,"*",0.733334937545523,0.91562341766511,0.871744986530987
"chr21",32020001,32025000,"*",0.021002069133245,0.219573588225558,10.2498725140235
"chr21",32025001,32030000,"*",0.0341739602287072,0.277497738737928,10.0068150840527
"chr21",32030001,32035000,"*",0.0101984615517348,0.159870870412907,-9.89130434782608
"chr21",32035001,32040000,"*",0.123726140335476,0.482937002393282,-7.08583925642428
"chr21",32040001,32045000,"*",0.830174048082833,0.953264931048188,0.60529634300126
"chr21",32045001,32050000,"*",0.545303048048216,0.83506653414964,-2.10747051114024
"chr21",32050001,32055000,"*",0.0450484135962377,0.320212687140092,-9.30817610062893
"chr21",32055001,32060000,"*",0.904768462716658,0.979921449277727,-0.500319352778367
"chr21",32060001,32065000,"*",0.268205652507867,0.647933243000105,-5.12549847525217
"chr21",32065001,32070000,"*",0.91214084886536,0.983502787643196,0.386742629018177
"chr21",32070001,32075000,"*",0.170486145566222,0.551348022612983,4.99510882856444
"chr21",32075001,32080000,"*",0.492031631066106,0.810635661212732,-2.39673635900051
"chr21",32080001,32085000,"*",0.136965206364543,0.499801851562113,5.06918851262081
"chr21",32085001,32090000,"*",0.232363038772299,0.622764835138871,5.85486531061022
"chr21",32090001,32095000,"*",0.0007828929887671,0.0447458350490464,13.7497423211709
"chr21",32095001,32100000,"*",0.610401859148094,0.867770489345015,-2.59479401516705
"chr21",32100001,32105000,"*",0.75641780707982,0.92495935894928,-1.24642743728168
"chr21",32105001,32110000,"*",0.721406591810641,0.910834948033418,-1.14864864864865
"chr21",32110001,32115000,"*",0.257200091584667,0.641326175798401,-5.14705882352942
"chr21",32115001,32120000,"*",0.421356522975577,0.765735032104891,-3.89233954451346
"chr21",32120001,32125000,"*",0.609704434531965,0.867517437734048,2.37908203344182
"chr21",32125001,32130000,"*",0.00292608085732141,0.0819535793903168,-11.2680831826401
"chr21",32130001,32135000,"*",0.462298123310064,0.792423892311715,-3.17099567099567
"chr21",32135001,32140000,"*",0.00382974706016723,0.0958962630328088,12.1847901923652
"chr21",32140001,32145000,"*",0.427402609971257,0.770443006454811,-3.37936046511628
"chr21",32145001,32150000,"*",0.577084372290538,0.850682142420316,-2.11658306733546
"chr21",32150001,32155000,"*",0.862238457141776,0.964410852889891,0.73260073260073
"chr21",32155001,32160000,"*",0.964073136492643,0.996431973774512,0.259875259875253
"chr21",32160001,32165000,"*",0.291379561760764,0.670068144971596,3.24092409240925
"chr21",32165001,32170000,"*",0.518861897149915,0.822454668297301,-4.33545363240709
"chr21",32170001,32175000,"*",0.108783675666766,0.456551710359871,-10.0759493670886
"chr21",32175001,32180000,"*",0.104543798801836,0.450708885337395,-7.57435660348282
"chr21",32180001,32185000,"*",0.244913006539608,0.630306429305182,-4.43262411347517
"chr21",32185001,32190000,"*",0.549493033822959,0.836997254868688,-2.62096774193549
"chr21",32190001,32195000,"*",0.104663638465409,0.450708885337395,-6.28348214285714
"chr21",32195001,32200000,"*",0.640573943693296,0.879022999055997,-1.47017122914167
"chr21",32200001,32205000,"*",0.737961619695771,0.917719827783702,-1.20863309352518
"chr21",32205001,32210000,"*",0.0361831616787997,0.286450029957164,8.96637608966376
"chr21",32210001,32215000,"*",0.717751858712135,0.909555131682918,1.69855285749325
"chr21",32215001,32220000,"*",0.781142443721782,0.934711724147085,-1.24761967299232
"chr21",32220001,32225000,"*",0.763243782932086,0.928582363232302,-1.36144578313253
"chr21",32225001,32230000,"*",0.866897035951593,0.966565900557415,0.940438871473348
"chr21",32230001,32235000,"*",0.0124012839025798,0.175653013389806,-7.24102439910395
"chr21",32235001,32240000,"*",0.952509552411196,0.99426621518398,0.236321397100059
"chr21",32240001,32245000,"*",0.709382491340832,0.905731731588458,0.913420760749006
"chr21",32245001,32250000,"*",0.000540895258444438,0.0352082746931889,-9.76446641465543
"chr21",32250001,32255000,"*",0.448035787516754,0.781366064276937,-3.34910122989593
"chr21",32255001,32260000,"*",0.453945647722307,0.786121950204739,2.58839211572921
"chr21",32260001,32265000,"*",0.206014220868336,0.596490927802473,-3.43313689040066
"chr21",32265001,32270000,"*",0.820923778350528,0.950898369614441,0.457974137931039
"chr21",32270001,32275000,"*",0.00218729428339905,0.0725315038315817,6.52777777777778
"chr21",32275001,32280000,"*",0.277856529476374,0.657441779044399,-4.35771125426298
"chr21",32280001,32285000,"*",0.0808684124472389,0.410176724028925,-5.20195838433292
"chr21",32285001,32290000,"*",0.945281675485539,0.991770117657212,0.221975582685907
"chr21",32290001,32295000,"*",0.553488829439316,0.839282382070339,-1.28775834658188
"chr21",32295001,32300000,"*",0.263830412866195,0.64397446128717,2.29332410930474
"chr21",32300001,32305000,"*",0.870981771429992,0.967947913537752,0.326016862117551
"chr21",32305001,32310000,"*",0.263793760471875,0.64397446128717,-2.2242098986285
"chr21",32310001,32315000,"*",0.368073937638106,0.726255668183454,-2.82785649683449
"chr21",32315001,32320000,"*",0.516594016489418,0.821183779495535,1.34925453686837
"chr21",32320001,32325000,"*",0.652130764097689,0.884198614356485,-0.792945359281438
"chr21",32325001,32330000,"*",0.808454668485306,0.946135561753238,-0.78125
"chr21",32330001,32335000,"*",0.641037523679324,0.879315861749394,1.66349206349206
"chr21",32335001,32340000,"*",0.10151528766988,0.446692276044061,2.95744974107547
"chr21",32340001,32345000,"*",0.900316902003091,0.97848415276038,-0.2988005293038
"chr21",32345001,32350000,"*",0.0487646890394528,0.333803068279593,-4.45075757575757
"chr21",32350001,32355000,"*",0.0095983296632748,0.155475247771479,5.69803968348642
"chr21",32355001,32360000,"*",0.0398097595438657,0.300764943475728,5.31981007780844
"chr21",32360001,32365000,"*",0.410956286887272,0.759205475935649,2.35849056603773
"chr21",32365001,32370000,"*",0.021883233296006,0.221820378511937,-6.23669843619875
"chr21",32370001,32375000,"*",0.044759912801889,0.320103954219003,6.49607032443104
"chr21",32375001,32380000,"*",0.0851310659347683,0.416604126258132,4.15217391304348
"chr21",32380001,32385000,"*",0.737701107273235,0.917558171289958,0.927643784786647
"chr21",32385001,32390000,"*",0.750809917081805,0.922859134011335,0.858020231213874
"chr21",32390001,32395000,"*",0.00196344427755486,0.0704235370980135,14.9477228424597
"chr21",32395001,32400000,"*",0.00248954302067534,0.0770553424546222,-9.48540706605223
"chr21",32400001,32405000,"*",0.0412717387709838,0.306609957883166,-8.04086420960015
"chr21",32405001,32410000,"*",0.088928970199096,0.424132062754169,-4.00191326530612
"chr21",32410001,32415000,"*",1.83513360727424e-06,0.000806311828696118,19.5575322157601
"chr21",32415001,32420000,"*",0.258433036136692,0.641326175798401,-3.69541962462316
"chr21",32420001,32425000,"*",0.235422097430897,0.625806603526289,3.62314522376498
"chr21",32425001,32430000,"*",0.345936484177048,0.711299644271615,3.0952380952381
"chr21",32430001,32435000,"*",0.275672232275847,0.657157159423951,-3.10365020495803
"chr21",32435001,32440000,"*",0.463302424555762,0.793066149276987,2.84398699891658
"chr21",32440001,32445000,"*",0.0959946392421966,0.437622997703819,-4.56859777074446
"chr21",32445001,32450000,"*",0.208550272162008,0.59889299567978,-2.72855133614628
"chr21",32450001,32455000,"*",0.461000215972135,0.791798562981703,-1.91655801825293
"chr21",32455001,32460000,"*",0.535626786594185,0.83104310522117,-1.90318269563926
"chr21",32460001,32465000,"*",0.940142106019025,0.989912530272558,0.334112930170394
"chr21",32465001,32470000,"*",0.453810380868725,0.786121950204739,1.88750724250123
"chr21",32470001,32475000,"*",0.664653937564226,0.888480163733886,-0.539617486338795
"chr21",32475001,32480000,"*",0.515995111820388,0.821139902545839,2.6608187134503
"chr21",32480001,32485000,"*",0.843388660813987,0.956224600353471,-0.654671773403392
"chr21",32485001,32490000,"*",0.329738593836117,0.696533147436268,3.3709694929975
"chr21",32490001,32495000,"*",0.495315014033709,0.812996625883019,2.12365006885555
"chr21",32495001,32500000,"*",0.192894411545032,0.578477066459201,-3.56663412252868
"chr21",32500001,32505000,"*",0.0514854222681302,0.339204220272905,-3.48387343905616
"chr21",32505001,32510000,"*",0.876214819290509,0.969507325103692,0.558748403575982
"chr21",32510001,32515000,"*",0.776930101512387,0.933165660965673,0.641025641025639
"chr21",32515001,32520000,"*",0.847427689560972,0.958074306421826,0.79146379363928
"chr21",32520001,32525000,"*",0.000216217424923579,0.020000111805431,-12.9264705882353
"chr21",32525001,32530000,"*",0.264619095265702,0.64397446128717,-2.35311722564112
"chr21",32530001,32535000,"*",0.490115506536501,0.81011025090889,2.33367568184412
"chr21",32535001,32540000,"*",0.565592107828842,0.844820651121783,1.54683357585663
"chr21",32540001,32545000,"*",0.645101595805076,0.880638935886507,-1.12903973663467
"chr21",32545001,32550000,"*",0.18689786536791,0.572122650065984,-6.54253721738385
"chr21",32550001,32555000,"*",0.393045335366663,0.747392130816241,2.00617283950618
"chr21",32555001,32560000,"*",0.116683068528179,0.468732555287484,4.04909757780441
"chr21",32560001,32565000,"*",0.437971625392163,0.77609274352314,3.08259721336854
"chr21",32565001,32570000,"*",0.0158817686460817,0.195875146635007,11.6895220343496
"chr21",32570001,32575000,"*",0.21983268121827,0.612777061445058,-3.72682290250667
"chr21",32575001,32580000,"*",0.0116216643138727,0.171639285980094,6.09689499141831
"chr21",32580001,32585000,"*",0.868717362889882,0.967075702472822,-0.335898669232004
"chr21",32585001,32590000,"*",0.415625239197563,0.760958680672207,2.28803716608594
"chr21",32590001,32595000,"*",0.0800711721917127,0.407898797469377,-4.13438418380977
"chr21",32595001,32600000,"*",0.464806447269525,0.793679675064013,1.76447471836521
"chr21",32600001,32605000,"*",0.303994576184646,0.681563366388436,-2.23137947467272
"chr21",32605001,32610000,"*",0.179110430657513,0.561821416332116,2.73603587861845
"chr21",32610001,32615000,"*",0.307798784486843,0.685504230159516,-3.57212191807416
"chr21",32615001,32620000,"*",0.936262564450253,0.989266186235458,-0.242550242550243
"chr21",32620001,32625000,"*",0.00109737410841596,0.0510896687560543,-9.64382241043915
"chr21",32625001,32630000,"*",0.692944080249787,0.89959023877653,-0.955349959774743
"chr21",32630001,32635000,"*",0.0109080004132271,0.165265609709023,5.01006036217304
"chr21",32635001,32640000,"*",0.639868151635515,0.878769811664989,1.03535353535353
"chr21",32640001,32645000,"*",0.822125579980713,0.950898369614441,-0.805509438602958
"chr21",32645001,32650000,"*",0.549510256039292,0.836997254868688,-1.73583974332606
"chr21",32650001,32655000,"*",0.512042414548482,0.820157704910652,2.97135243171219
"chr21",32655001,32660000,"*",0.0916618341865187,0.430024118503174,-3.90966488586693
"chr21",32660001,32665000,"*",0.626701888988003,0.873444481193396,-0.792492179353488
"chr21",32665001,32670000,"*",0.208632851553312,0.59889299567978,3.74523264683447
"chr21",32675001,32680000,"*",0.830311933607424,0.953264931048188,-0.390804597701155
"chr21",32680001,32685000,"*",0.00364882294245477,0.0929392220487574,13.6317806009276
"chr21",32685001,32690000,"*",0.434341357739968,0.775582305993674,-1.998001998002
"chr21",32690001,32695000,"*",0.959725939134897,0.994967313393058,0.135226504394859
"chr21",32695001,32700000,"*",0.783788644629605,0.935064153557724,-0.691478543827528
"chr21",32700001,32705000,"*",0.0751038102842402,0.399681897273436,-5.86801176965112
"chr21",32705001,32710000,"*",0.27769016056311,0.657441779044399,3.12404754647974
"chr21",32710001,32715000,"*",0.594619431691986,0.86011823143923,-2.64987462958741
"chr21",32715001,32720000,"*",0.464203010331786,0.793208696336288,2.82051282051282
"chr21",32720001,32725000,"*",0.254541265891095,0.638852231065477,2.88975334501774
"chr21",32725001,32730000,"*",0.0135579339240035,0.183391798846084,10.4044498102794
"chr21",32730001,32735000,"*",0.00257076841732128,0.0782086315331068,-11.6502266062383
"chr21",32735001,32740000,"*",0.842075921264886,0.956224600353471,-0.432730133752957
"chr21",32740001,32745000,"*",0.361044755961275,0.720794183865037,-2.8125686662272
"chr21",32745001,32750000,"*",0.25499682512314,0.639538951343444,4.40960762742941
"chr21",32750001,32755000,"*",0.481177832823971,0.805208322959419,2.73014130882152
"chr21",32755001,32760000,"*",0.922404717318477,0.987201425524325,-0.296022201665125
"chr21",32760001,32765000,"*",0.786939409135386,0.936183003592721,0.953470633104492
"chr21",32765001,32770000,"*",0.627933027662844,0.873959450498871,2.43612596553774
"chr21",32835001,32840000,"*",0.87787866935391,0.969507325103692,-0.915032679738559
"chr21",32840001,32845000,"*",0.152270162889778,0.524477827101981,5.47817532232175
"chr21",32845001,32850000,"*",0.250900042889569,0.635559358820352,-3.24230309952754
"chr21",32850001,32855000,"*",0.0089674266962583,0.151356664886313,11.1218154570756
"chr21",32855001,32860000,"*",0.0850526647886435,0.416604126258132,-10.0496277915633
"chr21",32860001,32865000,"*",0.398222834837474,0.750429243318437,-2.78717423412264
"chr21",32865001,32870000,"*",0.92102279501425,0.986709882497742,-0.360559234731417
"chr21",32870001,32875000,"*",0.710776954141255,0.906524308347791,1.54589371980677
"chr21",32875001,32880000,"*",0.00642899642256583,0.125086051838998,-15.1577612176946
"chr21",32880001,32885000,"*",0.0934511050257318,0.43221136074401,-5.61887851537889
"chr21",32885001,32890000,"*",0.24531718487858,0.630306429305182,4.98338870431894
"chr21",32890001,32895000,"*",0.403510013889982,0.754597862232463,-3.08565647482014
"chr21",32895001,32900000,"*",0.423816350009547,0.768869682047985,-3.9331366764995
"chr21",32900001,32905000,"*",0.119802407815873,0.476338616790135,-7.29072164948454
"chr21",32905001,32910000,"*",0.0304157624340828,0.260973748561823,9.09789288849868
"chr21",32910001,32915000,"*",0.195642811067094,0.583525227747846,-6.92492974708951
"chr21",32915001,32920000,"*",0.494468235145501,0.812514446396867,-2.36781609195402
"chr21",32925001,32930000,"*",0.481048578708721,0.805183692457693,2.31946348512356
"chr21",32930001,32935000,"*",0.0850378647831686,0.416604126258132,6.92090395480226
"chr21",32935001,32940000,"*",0.618939569977655,0.871449064078293,-1.84980334316618
"chr21",32940001,32945000,"*",0.771482607566734,0.931714207889855,1.18572719458708
"chr21",32945001,32950000,"*",0.747380081526938,0.920914876838905,1.55844155844156
"chr21",32950001,32955000,"*",0.537969979964944,0.831387271621474,2.31169331535349
"chr21",32955001,32960000,"*",0.0436738356414081,0.315546828940492,-8.37506685467011
"chr21",32960001,32965000,"*",0.843279036118325,0.956224600353471,-0.874999999999992
"chr21",32965001,32970000,"*",0.948063394006004,0.99268478699169,-0.22284217330657
"chr21",32975001,32980000,"*",0.781837424614517,0.934941875239743,-0.8147512864494
"chr21",32980001,32985000,"*",0.802451116412545,0.942684386320722,1.08552631578946
"chr21",32985001,32990000,"*",0.95016894361074,0.993565061604671,-0.271247739602165
"chr21",32990001,32995000,"*",0.0742582733185186,0.396683633304853,-8.46035114798379
"chr21",32995001,33000000,"*",0.416433549320022,0.760994001526401,-4.45754282556641
"chr21",33000001,33005000,"*",0.120959942404387,0.478261189596648,7.248322147651
"chr21",33005001,33010000,"*",0.10172892374773,0.446692276044061,7.97109265451408
"chr21",33010001,33015000,"*",0.136337401565134,0.499801851562113,-7.86019536019537
"chr21",33015001,33020000,"*",0.554193981406995,0.839282382070339,3.14736771690414
"chr21",33020001,33025000,"*",0.0775844614161912,0.402990843781034,4.55494797600061
"chr21",33025001,33030000,"*",0.0202115618093067,0.215788371147592,5.64879874812065
"chr21",33030001,33035000,"*",0.251619529138704,0.635941870026415,5.55728571922903
"chr21",33035001,33040000,"*",0.0199794414234398,0.215450031519828,11.474176834364
"chr21",33040001,33045000,"*",0.964193202205797,0.996431973774512,0.187969924812026
"chr21",33045001,33050000,"*",0.122658650763476,0.481726432886723,-4.79047806413536
"chr21",33050001,33055000,"*",0.46221039552203,0.792423892311715,2.81385281385281
"chr21",33055001,33060000,"*",0.768565052362289,0.93101273346254,-1.45658263305323
"chr21",33065001,33070000,"*",0.0105657933052637,0.162249562573371,15.7692307692308
"chr21",33070001,33075000,"*",0.65693144414634,0.885622146030948,-1.56528361415963
"chr21",33075001,33080000,"*",0.0950188348392704,0.434036652969507,-8.69509043927649
"chr21",33080001,33085000,"*",3.04893238570278e-05,0.00714466489049684,-14.9640287769784
"chr21",33085001,33090000,"*",0.00889785129977706,0.151356664886313,-6.80592991913747
"chr21",33090001,33095000,"*",0.845657980286337,0.957041595300014,0.770750988142299
"chr21",33095001,33100000,"*",0.404771838306064,0.755942697075865,-2.51927312775331
"chr21",33100001,33105000,"*",0.119367650560723,0.47606297966431,5.44124039994204
"chr21",33105001,33110000,"*",0.175122774323312,0.557573109411106,-6.02089418699508
"chr21",33110001,33115000,"*",0.738542528783812,0.91785099194237,1.13389661444582
"chr21",33115001,33120000,"*",0.32673523573667,0.695136369030856,-3.10751179265221
"chr21",33120001,33125000,"*",0.588227003321477,0.85680514820526,-1.76141965165955
"chr21",33125001,33130000,"*",0.945776924481868,0.991813553566107,-0.327915597376671
"chr21",33130001,33135000,"*",0.23525760607052,0.625806603526289,-3.70309142006944
"chr21",33135001,33140000,"*",0.457300630021006,0.787945830915872,1.47151292078829
"chr21",33140001,33145000,"*",0.777725443354196,0.933235688766624,0.733624454148474
"chr21",33145001,33150000,"*",0.0600346507839381,0.355242341720769,4.82709163346613
"chr21",33150001,33155000,"*",0.0431751155730276,0.313879071849415,-8.76987698769878
"chr21",33155001,33160000,"*",0.028228558478221,0.248992178295977,-12.2502870264064
"chr21",33160001,33165000,"*",0.75959445398933,0.926591881232864,-0.999077065066911
"chr21",33165001,33170000,"*",0.0431392104061042,0.313879071849415,-6.78137651821863
"chr21",33170001,33175000,"*",0.134642280901461,0.496868889625864,-6.0102138525375
"chr21",33175001,33180000,"*",0.707879642480765,0.905128025943939,1.0826281732205
"chr21",33180001,33185000,"*",0.550586382150826,0.837797027385348,2.02158462753356
"chr21",33185001,33190000,"*",0.733335546246863,0.91562341766511,-2.11925287356323
"chr21",33190001,33195000,"*",0.0166847917925642,0.200502711626883,9.75687271571587
"chr21",33195001,33200000,"*",0.402801604247329,0.754515128659398,-4.9404647589783
"chr21",33200001,33205000,"*",0.239677853908989,0.628800559721356,5.36210211493271
"chr21",33205001,33210000,"*",0.0649037291144191,0.367835709229903,7.75503677646306
"chr21",33210001,33215000,"*",0.420966072825765,0.765491849965113,4.31877444589309
"chr21",33215001,33220000,"*",0.0140296977234805,0.186092028294468,15.1007194244604
"chr21",33220001,33225000,"*",0.333299930304155,0.700687353480325,-3.96899224806202
"chr21",33225001,33230000,"*",0.49952373243318,0.813391173918986,3.5003431708991
"chr21",33230001,33235000,"*",0.12331129094949,0.482671701210979,7.88610510154233
"chr21",33235001,33240000,"*",0.897785207363025,0.977758328080878,0.624999999999998
"chr21",33240001,33245000,"*",0.927018555029872,0.987714525895726,0.392058725392053
"chr21",33245001,33250000,"*",0.534448784534025,0.83104310522117,-2.81851151056449
"chr21",33250001,33255000,"*",0.135166426390015,0.49775797670079,-4.06162464985994
"chr21",33255001,33260000,"*",0.333178837111661,0.700642304784618,-3.00925925925927
"chr21",33260001,33265000,"*",0.431279528739127,0.773889436388487,3.32718610726909
"chr21",33265001,33270000,"*",0.322930548250051,0.693324643484115,4.76485788113695
"chr21",33270001,33275000,"*",0.305432507377615,0.683980491686369,2.04541358803387
"chr21",33275001,33280000,"*",0.0522009526635823,0.339304147647442,5.12477718360071
"chr21",33280001,33285000,"*",0.339339447118284,0.706622130699508,2.94665012406948
"chr21",33285001,33290000,"*",0.0163296949212521,0.198898918710229,-8.29778285164934
"chr21",33290001,33295000,"*",0.462106312804408,0.792423892311715,1.66335978835979
"chr21",33295001,33300000,"*",0.568477659093539,0.846156668098153,-2.25694444444444
"chr21",33300001,33305000,"*",0.00168989965484264,0.0645387035824311,-16.143518306374
"chr21",33305001,33310000,"*",0.0123996260607899,0.175653013389806,-11.7406055950323
"chr21",33310001,33315000,"*",0.623420470996901,0.873026220600235,1.70278637770899
"chr21",33315001,33320000,"*",0.221474479520033,0.613220004342589,-5.00393391030685
"chr21",33320001,33325000,"*",0.373273248776584,0.72993350178008,5.53836821352745
"chr21",33330001,33335000,"*",0.348189301842454,0.713063741720566,3.89672483863256
"chr21",33335001,33340000,"*",0.165164060019226,0.541801806055757,-4.45294117647058
"chr21",33340001,33345000,"*",0.10308179644234,0.449398527139222,4.38558402084238
"chr21",33345001,33350000,"*",0.122931706732714,0.481991019704952,-3.16663657699946
"chr21",33350001,33355000,"*",0.409683661336466,0.759205475935649,2.14634146341462
"chr21",33355001,33360000,"*",0.144817026748132,0.512878437299429,-3.44593112524677
"chr21",33360001,33365000,"*",0.302556351552924,0.680967870947561,-4.6960476980761
"chr21",33365001,33370000,"*",0.550548364952441,0.837797027385348,-2.41052942916297
"chr21",33370001,33375000,"*",0.166395393666773,0.543316125163684,5.79251081979553
"chr21",33375001,33380000,"*",0.701448795074542,0.902580695006901,-1.21547370173718
"chr21",33380001,33385000,"*",0.968432926773359,0.997143855920606,-0.20872804341544
"chr21",33385001,33390000,"*",0.653315150677418,0.884198614356485,1.15871207578847
"chr21",33390001,33395000,"*",0.0457272222131226,0.323077760963067,-7.42296918767507
"chr21",33395001,33400000,"*",0.0960321838198326,0.437622997703819,5.59571074688656
"chr21",33400001,33405000,"*",0.00676576023023183,0.127515534634128,-11.8344190598526
"chr21",33405001,33410000,"*",0.0560182974545098,0.348066647233362,35.7142857142857
"chr21",33460001,33465000,"*",0.225277488420971,0.615154173101253,-5.55555555555556
"chr21",33465001,33470000,"*",0.143995566235926,0.512032792432252,-10.5263157894737
"chr21",33470001,33475000,"*",0.189257924175196,0.5732370559895,5
"chr21",33510001,33515000,"*",0.131489537144172,0.494721953336436,2.86818917460888
"chr21",33515001,33520000,"*",0.158872969164603,0.532527902094074,3.02951409434096
"chr21",33520001,33525000,"*",0.940487310055536,0.989912530272558,0.264611136677406
"chr21",33525001,33530000,"*",0.719423259335207,0.910285369533208,0.891524122339293
"chr21",33530001,33535000,"*",0.194898369813052,0.582045683851213,4.98055132758328
"chr21",33535001,33540000,"*",0.032490805998876,0.271794281853629,-5.53335516977836
"chr21",33540001,33545000,"*",0.899452463753495,0.978274976487139,-0.387410173029828
"chr21",33545001,33550000,"*",0.00226146530909506,0.0729270693712763,12.6395730706076
"chr21",33555001,33560000,"*",0.220935590986116,0.612954123434023,2.90506087620105
"chr21",33560001,33565000,"*",0.220842707476804,0.612954123434023,4.31735351836276
"chr21",33565001,33570000,"*",0.259126876028676,0.641868089067077,3.39003894240623
"chr21",33570001,33575000,"*",0.519057040649002,0.822454668297301,2.51177394034537
"chr21",33575001,33580000,"*",0.553949148112712,0.839282382070339,3.08641975308641
"chr21",33580001,33585000,"*",0.0179928223995597,0.207820018278348,-5.79851620460757
"chr21",33585001,33590000,"*",0.502455765225771,0.815164316511133,3.4317301756552
"chr21",33590001,33595000,"*",0.521432409513308,0.82263685791709,1.13240418118467
"chr21",33595001,33600000,"*",0.701601323174707,0.902580695006901,-0.5855245323936
"chr21",33600001,33605000,"*",0.570256943917322,0.846435426809395,1.04497354497354
"chr21",33605001,33610000,"*",0.110360860807351,0.460437300579036,5.3305357903059
"chr21",33610001,33615000,"*",0.203825275404273,0.5930843071573,3.60921948664222
"chr21",33615001,33620000,"*",0.229938384729087,0.619573340224407,3.50100865490987
"chr21",33620001,33625000,"*",0.578602523605497,0.851135329764939,-1.22291691242971
"chr21",33625001,33630000,"*",0.156553690939109,0.528999313892791,-2.08170699973979
"chr21",33630001,33635000,"*",0.154773371116617,0.527612036185705,3.46268656716417
"chr21",33635001,33640000,"*",0.189038510712173,0.5732370559895,1.74827634726327
"chr21",33640001,33645000,"*",0.00383312232037259,0.0958962630328088,9.75474525907252
"chr21",33645001,33650000,"*",0.048920449260232,0.333803068279593,6.23387432376196
"chr21",33650001,33655000,"*",0.540172397668667,0.832400691716512,-1.31382502239474
"chr21",33655001,33660000,"*",0.578594216673826,0.851135329764939,-2.22560975609756
"chr21",33660001,33665000,"*",0.104886966830429,0.45102105769341,-7.54421171453656
"chr21",33665001,33670000,"*",0.674094993648399,0.893792494407439,-1.21621908953669
"chr21",33670001,33675000,"*",0.0224334695611753,0.22387073196341,4.1006952231442
"chr21",33675001,33680000,"*",0.0727808395461985,0.39432744584614,-4.15398274987316
"chr21",33680001,33685000,"*",0.229666628388666,0.619315841032728,3.11146569409619
"chr21",33685001,33690000,"*",0.0627630621688101,0.363147594277148,-5.39302413749526
"chr21",33690001,33695000,"*",0.576684518299649,0.850449373536088,-1.28623747959229
"chr21",33695001,33700000,"*",0.958675757908865,0.994618979526121,-0.145631067961172
"chr21",33700001,33705000,"*",0.064961439879867,0.367835709229903,-4.76992143658811
"chr21",33705001,33710000,"*",0.171447003464195,0.553384956085073,-3.49363897750995
"chr21",33710001,33715000,"*",0.0753003680290548,0.399977504312743,-4.03906171348032
"chr21",33715001,33720000,"*",0.622185941001004,0.872688270567035,-1.20765455971688
"chr21",33720001,33725000,"*",0.355019039975689,0.716661338091876,2.44834492936961
"chr21",33725001,33730000,"*",0.00213614174553803,0.071509887957773,-7.20087019579406
"chr21",33730001,33735000,"*",0.120942130339121,0.478261189596648,4.70919324577862
"chr21",33735001,33740000,"*",0.137040658736366,0.499801851562113,4.48275862068965
"chr21",33740001,33745000,"*",0.501883080462662,0.815164316511133,-1.86452941503868
"chr21",33745001,33750000,"*",0.157493318193838,0.53000384246179,-2.85285285285286
"chr21",33750001,33755000,"*",0.103231731216616,0.449398527139222,5.47996976568404
"chr21",33755001,33760000,"*",0.19243346706282,0.578369933070383,3.60732042737756
"chr21",33760001,33765000,"*",0.222308674906174,0.614198827692862,6.1847389558233
"chr21",33765001,33770000,"*",0.579963849904249,0.85206810132223,-1.62782423056396
"chr21",33770001,33775000,"*",0.106926239487546,0.45455667787782,4.18519770192632
"chr21",33775001,33780000,"*",0.0805343398192502,0.409072549804429,4.84371271772847
"chr21",33780001,33785000,"*",0.177531286137072,0.559912490598301,-2.97619047619048
"chr21",33785001,33790000,"*",0.250873832292673,0.635559358820352,-1.9561403508772
"chr21",33790001,33795000,"*",0.329597453627352,0.696444273820344,-3.15276828434724
"chr21",33795001,33800000,"*",0.799444495876466,0.941231754481921,0.758765044479337
"chr21",33800001,33805000,"*",0.715170319206454,0.908337370193564,-1.64908916586769
"chr21",33805001,33810000,"*",0.252740281079178,0.637289876609263,1.5625
"chr21",33810001,33815000,"*",0.763339612677023,0.928582363232302,0.710227272727271
"chr21",33815001,33820000,"*",0.793909937518435,0.938803508957881,-0.682773109243695
"chr21",33820001,33825000,"*",0.118895698739179,0.474637570775937,-4.19849487919425
"chr21",33825001,33830000,"*",0.28949622652782,0.667922045451453,2.31649831649832
"chr21",33830001,33835000,"*",0.132699601960588,0.495481629161935,-2.21145324070103
"chr21",33835001,33840000,"*",8.09960372359493e-05,0.0113880428353745,7.96709585121602
"chr21",33840001,33845000,"*",0.114959133454719,0.465243001128223,5.12745098039216
"chr21",33845001,33850000,"*",0.75654570611072,0.92495935894928,0.644153816123361
"chr21",33850001,33855000,"*",0.310598214832553,0.687823585209734,4.13515687851971
"chr21",33855001,33860000,"*",0.280181311723235,0.659194987086461,-2.88275862068965
"chr21",33860001,33865000,"*",0.148543339114979,0.519273830919097,-4.00366048959049
"chr21",33865001,33870000,"*",0.487693662526724,0.808788410032639,-2.29885057471264
"chr21",33870001,33875000,"*",0.322031105144948,0.692866442013075,-2.51733637313574
"chr21",33875001,33880000,"*",0.307843080314878,0.685504230159516,-2.26623394635377
"chr21",33880001,33885000,"*",0.34851877902587,0.713063741720566,-2.24799779066556
"chr21",33885001,33890000,"*",0.535826455158129,0.831169457140699,1.66118421052631
"chr21",33890001,33895000,"*",0.867021987043394,0.966565900557415,0.627943485086346
"chr21",33895001,33900000,"*",0.747882283151041,0.921256781242652,1.20334844785489
"chr21",33900001,33905000,"*",0.516212973933627,0.821183779495535,-2.22734254992319
"chr21",33905001,33910000,"*",0.608497234007482,0.866985587262336,-0.983539723793503
"chr21",33910001,33915000,"*",0.95762810949429,0.994618979526121,-0.14030551920925
"chr21",33915001,33920000,"*",0.00645885582260203,0.125086051838998,14.8717948717949
"chr21",33920001,33925000,"*",0.22384924670449,0.615154173101253,-5.15151515151515
"chr21",33925001,33930000,"*",0.199393042611326,0.589211050675755,7.63157894736842
"chr21",33930001,33935000,"*",0.173911091501458,0.556630361732723,-6.76411960132891
"chr21",33935001,33940000,"*",0.0104068030852969,0.16181416760757,10.4337099078042
"chr21",33940001,33945000,"*",0.0652253858511563,0.36830077311938,5.10033444816054
"chr21",33945001,33950000,"*",0.424300156461482,0.768968832153704,-3.68893011750154
"chr21",33950001,33955000,"*",0.0381136807226867,0.294851233008966,7.63595378979994
"chr21",33955001,33960000,"*",0.287004856809057,0.665669463334765,-3.66471734892787
"chr21",33960001,33965000,"*",0.00469614442932027,0.107537118365217,-12.8390804597701
"chr21",33965001,33970000,"*",0.820533517901739,0.950898369614441,0.887652358240587
"chr21",33970001,33975000,"*",0.173956885451891,0.556630361732723,-4.84264184397163
"chr21",33975001,33980000,"*",0.0367760211346547,0.289684990197483,-9.74333291598849
"chr21",33980001,33985000,"*",0.498103056770134,0.813391173918986,-1.87515891177218
"chr21",33985001,33990000,"*",0.0912893737983015,0.430024118503174,-5.10955982160171
"chr21",33990001,33995000,"*",0.842039128897799,0.956224600353471,0.879120879120876
"chr21",33995001,34000000,"*",0.931435092755529,0.988716299222051,-0.25242718446602
"chr21",34000001,34005000,"*",0.898792458449676,0.978274976487139,0.376196990424071
"chr21",34005001,34010000,"*",0.0203043453090349,0.215944852530281,7.60835913312693
"chr21",34010001,34015000,"*",0.0667255867153746,0.373769621202457,-6.04482132041186
"chr21",34020001,34025000,"*",0.0406948229558392,0.304669441298775,-11.9544729592576
"chr21",34025001,34030000,"*",0.00701726651179079,0.12981943046813,-7.59115361625823
"chr21",34030001,34035000,"*",0.544104739551643,0.834965672916922,-2.23790807732414
"chr21",34035001,34040000,"*",0.0837768693022033,0.415046787311127,-5.1924882629108
"chr21",34040001,34045000,"*",0.348751321424207,0.713173692997866,-4.47087020648967
"chr21",34045001,34050000,"*",0.893033013772573,0.975339611738291,0.420168067226889
"chr21",34050001,34055000,"*",0.261563920433281,0.64397446128717,-2.66635752376535
"chr21",34055001,34060000,"*",0.769060713922012,0.93101273346254,-0.918171340760654
"chr21",34060001,34065000,"*",0.472191181235486,0.799056873057692,-2.02090592334495
"chr21",34065001,34070000,"*",0.295382651247691,0.673363826511112,-3.48808646524196
"chr21",34070001,34075000,"*",0.0265548150734286,0.2424459024707,-7.83500654735924
"chr21",34075001,34080000,"*",0.389849764428116,0.745145145168476,4.39782636168331
"chr21",34080001,34085000,"*",0.671477141033411,0.892322017781286,1.32804662494626
"chr21",34090001,34095000,"*",0.632181178925637,0.875965036390042,-2.56302521008404
"chr21",34095001,34100000,"*",0.951002340886723,0.993837736945691,-0.140285246668226
"chr21",34100001,34105000,"*",0.479449781152537,0.804120999671319,-3.40136054421768
"chr21",34105001,34110000,"*",0.0230769796309748,0.226822473994101,7.26821948195994
"chr21",34110001,34115000,"*",0.413683082550639,0.760354919177772,-2.4994582099256
"chr21",34115001,34120000,"*",0.491290516143874,0.81034345374229,-1.84665731650304
"chr21",34120001,34125000,"*",0.685434296452736,0.89798790608698,-1.22779519331243
"chr21",34125001,34130000,"*",0.742809564664197,0.919564198347704,-0.692046672222879
"chr21",34130001,34135000,"*",0.0797082363168908,0.407042440779387,-5.38519072550486
"chr21",34135001,34140000,"*",0.410982743512509,0.759205475935649,-1.53991200502828
"chr21",34140001,34145000,"*",0.175655993319614,0.557573109411106,-2.80085767890647
"chr21",34145001,34150000,"*",0.478559657915808,0.803504751647512,-1.2521074519501
"chr21",34150001,34155000,"*",0.88557652410516,0.973118689116996,0.346135609293508
"chr21",34155001,34160000,"*",0.590720150991873,0.857163370899742,-0.873210756423304
"chr21",34160001,34165000,"*",0.510340879929412,0.819477340790471,-1.44006309148265
"chr21",34165001,34170000,"*",0.0512867868060182,0.338859127111192,-6.84095860566449
"chr21",34170001,34175000,"*",0.695012112699841,0.899803895447492,-0.936494000585308
"chr21",34175001,34180000,"*",0.879278343812639,0.969798492652334,0.424700586086801
"chr21",34180001,34185000,"*",0.555226242231707,0.839282382070339,1.76103136629453
"chr21",34185001,34190000,"*",0.00625284797064268,0.122786372160944,-6.94234250274488
"chr21",34195001,34200000,"*",0.0118135084867883,0.172300756560418,-13.1440839694656
"chr21",34200001,34205000,"*",0.128750582211862,0.490046883026197,7.99892831626577
"chr21",34205001,34210000,"*",0.808980776420205,0.946593684792617,-1.00182149362477
"chr21",34210001,34215000,"*",0.257521396202914,0.641326175798401,4.22473320778405
"chr21",34215001,34220000,"*",0.123678904480431,0.482937002393282,-4.69361881955206
"chr21",34220001,34225000,"*",0.00367174284187815,0.0931853869256441,-9.81301421091997
"chr21",34225001,34230000,"*",0.591601682536146,0.857694334549207,-2.18253968253969
"chr21",34230001,34235000,"*",0.561546566370761,0.841714693023346,-1.76526451036254
"chr21",34235001,34240000,"*",0.162396816278576,0.536908062434045,-4.70438652256834
"chr21",34240001,34245000,"*",0.841900036057036,0.956224600353471,0.60347455044194
"chr21",34245001,34250000,"*",0.335649465445191,0.7038117836023,4.16666666666667
"chr21",34250001,34255000,"*",0.182158952813161,0.566913950720184,-4.14664981036663
"chr21",34255001,34260000,"*",0.926257566236867,0.987264970792815,0.549450549450547
"chr21",34260001,34265000,"*",0.316703022637527,0.689689513613096,-4.67024914509038
"chr21",34265001,34270000,"*",0.693534029556058,0.899712904185106,1.82213980488591
"chr21",34270001,34275000,"*",0.317080584352422,0.689689513613096,-3.29035126722989
"chr21",34275001,34280000,"*",0.677455007811429,0.895790274543438,-1.19565217391305
"chr21",34280001,34285000,"*",0.00831385605307331,0.144669326864122,-7.56532663316583
"chr21",34285001,34290000,"*",0.84020191581529,0.956224600353471,0.853100291302544
"chr21",34290001,34295000,"*",0.7125612847912,0.906990011240654,-1.67247386759583
"chr21",34295001,34300000,"*",0.489173995899531,0.809721084154789,2.64118325009604
"chr21",34300001,34305000,"*",0.0285433253187845,0.250511332073727,12.0006977149834
"chr21",34305001,34310000,"*",0.246143548296543,0.631298483956475,4.52793834296724
"chr21",34310001,34315000,"*",0.0528708887727231,0.34193408286315,-4.70213132647785
"chr21",34315001,34320000,"*",0.790180767603821,0.936846990345568,0.971055088702155
"chr21",34320001,34325000,"*",0.308595338269888,0.686275446636762,-2.72102967218072
"chr21",34325001,34330000,"*",0.327005128796535,0.695136369030856,-4.19973544973545
"chr21",34330001,34335000,"*",0.937079587231361,0.989266186235458,0.186183759858083
"chr21",34335001,34340000,"*",0.750991417840748,0.922859134011335,1.15229653505238
"chr21",34340001,34345000,"*",0.229483280388429,0.619296530184512,-3.7034961900493
"chr21",34345001,34350000,"*",0.426703515900145,0.770443006454811,2.40980967711392
"chr21",34350001,34355000,"*",0.00263685484871142,0.0788812322827288,13.5355512067841
"chr21",34355001,34360000,"*",0.744924821918873,0.919638698978103,1.58730158730159
"chr21",34360001,34365000,"*",0.121617270419632,0.479534035797801,7.05072069300134
"chr21",34365001,34370000,"*",0.316645306791117,0.689689513613096,3.39660339660339
"chr21",34370001,34375000,"*",0.319413632946642,0.690279077655977,-2.96697626418988
"chr21",34450001,34455000,"*",0.345562407157684,0.71115448545624,-7.69230769230769
"chr21",34495001,34500000,"*",0.537619916390169,0.831383196705431,-3.03471444568869
"chr21",34500001,34505000,"*",0.501481966677203,0.814937176546634,-2.94566544566545
"chr21",34505001,34510000,"*",0.420493579845107,0.765226473287886,2.34717893263788
"chr21",34510001,34515000,"*",0.837417927498595,0.956224600353471,0.858895705521479
"chr21",34515001,34520000,"*",0.107356386875974,0.455364580676392,-5.4694956317451
"chr21",34520001,34525000,"*",0.68876249622222,0.899201468470827,1.49383251720078
"chr21",34525001,34530000,"*",0.233393825080416,0.624575024863084,-5.87213891081295
"chr21",34530001,34535000,"*",0.173130304563955,0.555828362498074,5.10255669507439
"chr21",34535001,34540000,"*",0.100545226621477,0.445188517544522,-5.73799979442903
"chr21",34540001,34545000,"*",0.777361508976108,0.933235688766624,0.937915587597116
"chr21",34545001,34550000,"*",0.10790752858892,0.455524350406149,7.64906168342703
"chr21",34550001,34555000,"*",0.243684688802054,0.62944339640872,5.12994350282485
"chr21",34555001,34560000,"*",0.338497941376132,0.705705969120465,2.26967116254432
"chr21",34560001,34565000,"*",0.925754014734641,0.987264970792815,-0.26590244334801
"chr21",34565001,34570000,"*",0.00539680662614979,0.114438220850415,8.46298135275295
"chr21",34570001,34575000,"*",0.0487313524257003,0.333803068279593,6.49732620320855
"chr21",34575001,34580000,"*",0.202189686099782,0.59166586675556,3.80952380952381
"chr21",34580001,34585000,"*",0.525978729141116,0.824995641647043,2.39699935533024
"chr21",34585001,34590000,"*",0.461964394928787,0.792423892311715,2.65858208955224
"chr21",34590001,34595000,"*",0.411998722785159,0.759399848237984,-3.30882352941176
"chr21",34595001,34600000,"*",0.0534327381423819,0.34247405050289,5.79246624022743
"chr21",34600001,34605000,"*",0.839523279325938,0.956224600353471,-0.867850098619327
"chr21",34605001,34610000,"*",0.498655187547145,0.813391173918986,1.82453416149069
"chr21",34610001,34615000,"*",0.000367758162645625,0.028469949819191,-16.4080796252927
"chr21",34615001,34620000,"*",0.0223137508356274,0.223137508356274,-10.5622119815668
"chr21",34620001,34625000,"*",0.162419877493134,0.536908062434045,-5.125
"chr21",34625001,34630000,"*",0.36467159251898,0.7235792535728,-3.32393403400837
"chr21",34635001,34640000,"*",0.608918561674491,0.866985587262336,-1.93596425912137
"chr21",34640001,34645000,"*",0.92181311957456,0.987201425524325,0.483486550902279
"chr21",34645001,34650000,"*",0.126855943326628,0.487454513118457,4.87557135601828
"chr21",34650001,34655000,"*",0.00101901389960052,0.0494046049254597,-14.3640942615578
"chr21",34655001,34660000,"*",0.108081737763507,0.455524350406149,9.66510498004511
"chr21",34660001,34665000,"*",0.860098329191629,0.963430728842758,-0.699939135727323
"chr21",34665001,34670000,"*",0.0250661678025347,0.236213350739703,-11.4885114885115
"chr21",34670001,34675000,"*",0.603138235535,0.864343315999756,-2.56892230576441
"chr21",34675001,34680000,"*",0.0790869739813019,0.406419171848357,-9.78428351309708
"chr21",34680001,34685000,"*",0.563236784487947,0.842817070019215,-2.75545350172216
"chr21",34685001,34690000,"*",0.557465538796141,0.840281825002087,-2.00680272108844
"chr21",34690001,34695000,"*",0.0398275830116613,0.300764943475728,8.22737471952131
"chr21",34695001,34700000,"*",0.0834689780936201,0.414778877209661,-6.89159017613495
"chr21",34700001,34705000,"*",0.251873993379724,0.635941870026415,3.01687111294369
"chr21",34705001,34710000,"*",0.576292431018217,0.8500494733651,-2.46875
"chr21",34710001,34715000,"*",0.0558812121826415,0.348066647233362,5.76148267526189
"chr21",34715001,34720000,"*",0.345790344834249,0.711299644271615,3.55839416058394
"chr21",34720001,34725000,"*",0.840406593072588,0.956224600353471,-0.922233300099695
"chr21",34725001,34730000,"*",0.012006936270518,0.173554126356413,-9.39778474139803
"chr21",34730001,34735000,"*",0.0269590076193368,0.243189951465806,-7.92910447761194
"chr21",34735001,34740000,"*",0.151714533758948,0.524126066560091,-4.70870319355168
"chr21",34740001,34745000,"*",0.0120825266752655,0.173607385043095,-6.91699604743083
"chr21",34745001,34750000,"*",0.0977293710379227,0.440875686669567,6.47000926354794
"chr21",34750001,34755000,"*",0.53873862166637,0.832078355386548,1.90347661443017
"chr21",34755001,34760000,"*",0.352757333056987,0.714793127756987,3.45871299303212
"chr21",34765001,34770000,"*",0.280848096226012,0.659848894846764,-3.01260895320301
"chr21",34770001,34775000,"*",0.352037096757816,0.714434363971646,4.10540915395284
"chr21",34775001,34780000,"*",0.0553052451165086,0.347470274139315,6.20741590762389
"chr21",34780001,34785000,"*",0.663257355828085,0.887625968298389,-0.636766334440753
"chr21",34785001,34790000,"*",0.696895389759807,0.90016686487122,-1.03546178255303
"chr21",34790001,34795000,"*",0.743688710060304,0.919564198347704,0.497679470721835
"chr21",34795001,34800000,"*",0.000562101007921614,0.035923364415354,13.4477216865192
"chr21",34805001,34810000,"*",0.00871198709794225,0.15019043747661,-16.4257228315055
"chr21",34810001,34815000,"*",0.192924094972735,0.578477066459201,-4.45432430165255
"chr21",34815001,34820000,"*",0.371809101445141,0.728895143100764,-3.09274884862339
"chr21",34820001,34825000,"*",0.829129181900608,0.953037630601909,-0.735294117647056
"chr21",34825001,34830000,"*",0.319384822654574,0.690279077655977,4.77272727272727
"chr21",34830001,34835000,"*",0.19100138501384,0.575784533395456,5.14646464646465
"chr21",34835001,34840000,"*",0.0109684836795186,0.165824602724765,-10.7518460505706
"chr21",34840001,34845000,"*",0.791823034281592,0.937597428162303,0.981087470449171
"chr21",34845001,34850000,"*",0.768990753634365,0.93101273346254,1.29935032483758
"chr21",34850001,34855000,"*",0.187784137664576,0.572224745462492,-3.26086956521738
"chr21",34855001,34860000,"*",0.136132724570689,0.499745719964462,-5.16683866529067
"chr21",34860001,34865000,"*",0.0103248145066925,0.161296546626774,-5.9761703724552
"chr21",34865001,34870000,"*",0.307792124852315,0.685504230159516,4.23411891674824
"chr21",34870001,34875000,"*",0.0691662769005728,0.383024984877324,-6.0278693437219
"chr21",34875001,34880000,"*",0.420102041572344,0.764711898563848,2.54663721158567
"chr21",34880001,34885000,"*",0.511506106110919,0.819853127816417,3.33333333333333
"chr21",34885001,34890000,"*",0.00232237536642093,0.0745493097074847,6.57767890248424
"chr21",34890001,34895000,"*",0.0128190381069739,0.178879798580138,-10.7195807330276
"chr21",34895001,34900000,"*",0.602892410456174,0.864343315999756,-1.85185185185186
"chr21",34900001,34905000,"*",0.914903935257966,0.983502787643196,-0.348583877995645
"chr21",34905001,34910000,"*",0.695537949638629,0.899821822959066,2.63934426229508
"chr21",34910001,34915000,"*",0.421725778075469,0.765882774443437,-3.95500725689405
"chr21",34915001,34920000,"*",0.750172173528089,0.922783968486871,1.54152823920265
"chr21",34920001,34925000,"*",0.638158865258133,0.8782805056313,2.11838006230529
"chr21",34925001,34930000,"*",0.180046037009707,0.562793970732877,-6.19329388560158
"chr21",34930001,34935000,"*",0.0427332976213643,0.311633902778207,13.5642135642136
"chr21",34935001,34940000,"*",0.471978367062973,0.799056873057692,3.43541179846678
"chr21",34940001,34945000,"*",0.298192960016143,0.677217660471181,5.93780779513156
"chr21",34945001,34950000,"*",0.905202578241756,0.980135408136217,0.547945205479461
"chr21",34950001,34955000,"*",0.42153550131521,0.765735032104891,4.50682641404291
"chr21",34955001,34960000,"*",0.646669402375318,0.881366013706569,2.23373748553605
"chr21",34965001,34970000,"*",0.0670676872584809,0.375386816422867,-8.23753572562718
"chr21",34970001,34975000,"*",0.119958081370437,0.476427545776346,-10.0203804347826
"chr21",34975001,34980000,"*",0.412816261150188,0.760176041320942,-3.2051282051282
"chr21",34980001,34985000,"*",0.867924982881677,0.966805994241513,-0.854700854700852
"chr21",34985001,34990000,"*",0.0942763590536791,0.433140047749746,8.57605177993528
"chr21",34990001,34995000,"*",0.882738162348901,0.971606275452133,0.576923076923075
"chr21",34995001,35000000,"*",0.487221795085215,0.808788410032639,3.85551188470896
"chr21",35000001,35005000,"*",0.0593593854135483,0.353519283475954,8.71609798775152
"chr21",35005001,35010000,"*",0.818163843783539,0.949594159121394,0.877749576988163
"chr21",35010001,35015000,"*",0.11564428628093,0.466693072649218,8.10483870967742
"chr21",35020001,35025000,"*",0.0518349800495393,0.339292280957413,-9.67146348085799
"chr21",35025001,35030000,"*",0.69065319726224,0.899201468470827,-2.39443264920972
"chr21",35030001,35035000,"*",0.17805503798745,0.5605584044119,-5.53830227743272
"chr21",35035001,35040000,"*",0.263778659859322,0.64397446128717,-5.46343297612333
"chr21",35040001,35045000,"*",0.678185313079674,0.895790274543438,-2.16791486007095
"chr21",35045001,35050000,"*",0.00266242294409067,0.0789739801559383,7.66202963885011
"chr21",35050001,35055000,"*",0.000192755246989023,0.019358134090469,-17.4833887043189
"chr21",35055001,35060000,"*",0.596599240453092,0.861018439738576,-2.51004016064257
"chr21",35060001,35065000,"*",0.271664667102908,0.652923969139639,-5.19971329901608
"chr21",35065001,35070000,"*",0.661544663706056,0.887324855197383,1.31179232256283
"chr21",35070001,35075000,"*",0.436104361983914,0.77609274352314,-3.04432409695568
"chr21",35075001,35080000,"*",0.181078397986622,0.564765367278596,-4.99226006191951
"chr21",35080001,35085000,"*",0.698826499606526,0.901577629139273,1.03785103785103
"chr21",35085001,35090000,"*",0.536551834705101,0.831383196705431,2.38636363636364
"chr21",35090001,35095000,"*",0.540397050270301,0.832508780456104,-3.5024154589372
"chr21",35095001,35100000,"*",0.766097649119393,0.930718664161931,1.48184334798892
"chr21",35100001,35105000,"*",0.159812738916589,0.533721403602669,9.9526963103122
"chr21",35105001,35110000,"*",0.8117069032137,0.947738601230821,-0.726870771085952
"chr21",35110001,35115000,"*",0.954355856208077,0.99426621518398,0.194805194805203
"chr21",35115001,35120000,"*",0.924817647565023,0.987264970792815,-0.273385547509974
"chr21",35120001,35125000,"*",0.510503981311373,0.819477340790471,-3.39797189112258
"chr21",35125001,35130000,"*",0.00326488361238951,0.0865433115694303,-12.9822161422709
"chr21",35130001,35135000,"*",0.00285617988822267,0.080814622060415,10.1398601398601
"chr21",35135001,35140000,"*",0.434134169189206,0.775582305993674,3.11249444197421
"chr21",35140001,35145000,"*",0.842227411791412,0.956224600353471,0.366876310272535
"chr21",35150001,35155000,"*",0.312559769144271,0.6888301597473,3.84906699717689
"chr21",35155001,35160000,"*",0.589192991630382,0.857163370899742,-2.29102167182663
"chr21",35160001,35165000,"*",0.199390174724125,0.589211050675755,3.61737028403695
"chr21",35165001,35170000,"*",0.196576499214577,0.584171400768706,3.70195794053663
"chr21",35170001,35175000,"*",0.31373489516268,0.689286000460818,6.69181564703952
"chr21",35175001,35180000,"*",0.0971802666065788,0.439342298549356,4.74333604935397
"chr21",35180001,35185000,"*",0.147022046204771,0.515493758014734,-5.27363184079602
"chr21",35185001,35190000,"*",0.845672119436474,0.957041595300014,0.478468899521534
"chr21",35190001,35195000,"*",0.179228194631954,0.561821416332116,-4.07292027229722
"chr21",35195001,35200000,"*",0.694176646151276,0.899803895447492,-1.47670718772946
"chr21",35200001,35205000,"*",0.000919082568230945,0.0482030300793766,-13.8504864311316
"chr21",35205001,35210000,"*",0.0117227805352712,0.171799414432185,-10.2412280701754
"chr21",35210001,35215000,"*",0.0657587410666489,0.37010712218895,6.85111989459816
"chr21",35215001,35220000,"*",0.0601334831646821,0.355242341720769,5.20800254048905
"chr21",35220001,35225000,"*",0.824585509742772,0.950898369614441,1.12918892666344
"chr21",35225001,35230000,"*",0.0629887939758833,0.363398170328593,-7.23875181422351
"chr21",35230001,35235000,"*",0.00684241984398069,0.128272564008491,-13.339552238806
"chr21",35235001,35240000,"*",0.0520972470516201,0.339304147647442,12.6043039086517
"chr21",35240001,35245000,"*",0.101597476216445,0.446692276044061,-4.91049830672472
"chr21",35245001,35250000,"*",0.843322050324339,0.956224600353471,-0.74727314922256
"chr21",35250001,35255000,"*",0.590869657948813,0.857163370899742,-1.51709401709401
"chr21",35255001,35260000,"*",0.193699950224107,0.579451340457647,-4.44683136412459
"chr21",35265001,35270000,"*",0.0213214762232791,0.220426438014194,7.35002702215817
"chr21",35270001,35275000,"*",0.0543097064460886,0.344756826005419,8.42105263157895
"chr21",35275001,35280000,"*",0.0966611404439623,0.439050649760049,4.48764979212521
"chr21",35280001,35285000,"*",0.499497181053992,0.813391173918986,-3.21428571428571
"chr21",35285001,35290000,"*",0.214972947695698,0.6070289977166,2.82142857142857
"chr21",35290001,35295000,"*",0.405344341441331,0.756456257056691,-3.25757575757576
"chr21",35300001,35305000,"*",0.853093426401097,0.96089875469963,0.4820712815513
"chr21",35305001,35310000,"*",0.0740155924596681,0.396290643557857,-5.47008547008546
"chr21",35310001,35315000,"*",0.425770724102137,0.769685832168644,2.07451647351976
"chr21",35315001,35320000,"*",0.569637229366616,0.846400639777081,-1.7858185001459
"chr21",35325001,35330000,"*",0.111114065437051,0.461389178985509,7.07070707070706
"chr21",35330001,35335000,"*",0.0137678631367738,0.184710072235725,-9.327495042961
"chr21",35335001,35340000,"*",0.654105934576845,0.884510531320248,1.42953507679534
"chr21",35340001,35345000,"*",0.659349875366216,0.886616224909047,-2.0367610531545
"chr21",35345001,35350000,"*",0.283711670397871,0.66301716115195,-3.30726881034069
"chr21",35350001,35355000,"*",0.187195059217445,0.572122650065984,4.29971988795518
"chr21",35355001,35360000,"*",0.20670870023933,0.597219688880435,5.84376863446631
"chr21",35360001,35365000,"*",0.370435392998663,0.728331098419309,-2.66792031497913
"chr21",35365001,35370000,"*",0.658039171104785,0.885622146030948,1.27823691460055
"chr21",35370001,35375000,"*",0.51752151083891,0.822000953727414,1.54455445544555
"chr21",35375001,35380000,"*",0.374777062902432,0.731449958968377,-3.40909090909091
"chr21",35380001,35385000,"*",0.0179788894881227,0.207820018278348,-7.74800486232229
"chr21",35385001,35390000,"*",0.432596905461128,0.774422267734079,-2.97619047619048
"chr21",35390001,35395000,"*",0.0878529796158824,0.421299968788042,-5.76685219542362
"chr21",35395001,35400000,"*",0.00511610222475713,0.11135046018589,11.5530705169038
"chr21",35400001,35405000,"*",0.0019836392685334,0.0705790104240084,17.0466058763931
"chr21",35405001,35410000,"*",0.69928461504327,0.901577629139273,-1.65659438322076
"chr21",35410001,35415000,"*",0.428531658194907,0.770769856154656,-2.35895978399886
"chr21",35415001,35420000,"*",0.313306645585573,0.689286000460818,-3.01262842465754
"chr21",35420001,35425000,"*",0.680861986087381,0.896340779437133,-1.03695324283559
"chr21",35425001,35430000,"*",0.468561968624822,0.79622688891286,3.1713834959271
"chr21",35430001,35435000,"*",0.545152191769823,0.83506653414964,-2.52857899916724
"chr21",35435001,35440000,"*",0.00157071310110783,0.0627392789817502,-17.8609625668449
"chr21",35440001,35445000,"*",0.531105445636823,0.828783858563123,1.77966101694915
"chr21",35445001,35450000,"*",0.146731150050515,0.51524079048721,-6.0808305524657
"chr21",35450001,35455000,"*",0.760767512626375,0.927057655358539,1.04377104377105
"chr21",35455001,35460000,"*",0.00794458773014409,0.140327768198274,8.37339743589745
"chr21",35460001,35465000,"*",0.077342349987895,0.402990843781034,-7.86301369863014
"chr21",35465001,35470000,"*",0.00204228517524841,0.0711237353537318,8.31763967357188
"chr21",35470001,35475000,"*",0.208387689158179,0.59889299567978,-5.11727078891258
"chr21",35475001,35480000,"*",0.128519984473598,0.489965016729606,-9.61988706789698
"chr21",35480001,35485000,"*",0.642189156400186,0.879865478365485,-2.44343891402715
"chr21",35485001,35490000,"*",0.183803329796866,0.568722450911957,3.90008764241894
"chr21",35490001,35495000,"*",0.415658795701461,0.760958680672207,4.47488584474887
"chr21",35495001,35500000,"*",0.833562828555322,0.954855252524672,1.23595505617978
"chr21",35500001,35505000,"*",0.367090226245245,0.725361118770299,-5.56427699284842
"chr21",35505001,35510000,"*",0.195518058540763,0.583400658549051,-5.86618317931922
"chr21",35510001,35515000,"*",0.609853652529398,0.867517437734048,1.65805340223945
"chr21",35515001,35520000,"*",0.579146921489329,0.851401685083643,2.23020306819189
"chr21",35520001,35525000,"*",0.728745753973739,0.913531143087622,-1.25012968150223
"chr21",35525001,35530000,"*",0.0629402079764116,0.363398170328593,11.4682822523165
"chr21",35530001,35535000,"*",0.588967240795876,0.857163370899742,-2.40641711229946
"chr21",35535001,35540000,"*",0.704399085403092,0.904054914916196,1.20409719952054
"chr21",35540001,35545000,"*",0.673983982589116,0.893792494407439,1.47470124586829
"chr21",35545001,35550000,"*",0.0738012252793976,0.395745700773581,7.56761227359193
"chr21",35550001,35555000,"*",0.108556753387926,0.456057035516478,-5.82795067527891
"chr21",35555001,35560000,"*",0.225392035920164,0.615154173101253,3.39010989010989
"chr21",35560001,35565000,"*",0.0551643796223432,0.347184949637487,-9.1275659824047
"chr21",35565001,35570000,"*",0.382168088806967,0.738494135325173,-4.0621819191265
"chr21",35570001,35575000,"*",0.873453314504756,0.969125126415473,-0.605004101722728
"chr21",35575001,35580000,"*",0.671938519319653,0.892322017781286,-1.29418582190458
"chr21",35580001,35585000,"*",0.792090749529516,0.937756478476339,1.10115714818962
"chr21",35585001,35590000,"*",0.0816578687508072,0.411397136187445,5.59957552175451
"chr21",35590001,35595000,"*",0.770266654793011,0.931047899448911,1.34794658604183
"chr21",35595001,35600000,"*",0.00280722109001918,0.0802226189546133,-10.0084743286286
"chr21",35600001,35605000,"*",0.179291936948006,0.561821416332116,-5.65907522429261
"chr21",35605001,35610000,"*",9.00537033528698e-05,0.012174567972513,20.0625300625301
"chr21",35610001,35615000,"*",0.555263493457915,0.839282382070339,2.15242346938775
"chr21",35615001,35620000,"*",0.674414842133427,0.893890217223192,-2.41379310344828
"chr21",35620001,35625000,"*",0.75613405905952,0.92495935894928,-1.92967409948542
"chr21",35625001,35630000,"*",0.112156618508355,0.461588719649785,5.84522322309159
"chr21",35630001,35635000,"*",0.605225152879578,0.865486742217948,-1.85671417854464
"chr21",35635001,35640000,"*",0.124617334010014,0.484490827748406,-7.92942176870748
"chr21",35640001,35645000,"*",0.0191699321300227,0.213320595097447,7.30996365838885
"chr21",35645001,35650000,"*",0.145323909819556,0.513638555068616,6.52482269503546
"chr21",35650001,35655000,"*",0.766435113844601,0.930718664161931,1.22219291303965
"chr21",35655001,35660000,"*",0.0858820167445665,0.417242970085903,-6.31549917264204
"chr21",35660001,35665000,"*",0.837811192647159,0.956224600353471,-0.798525798525795
"chr21",35665001,35670000,"*",0.128286913792437,0.489478470569977,-4.16380915058293
"chr21",35670001,35675000,"*",0.374751211223246,0.731449958968377,-2.92645360030804
"chr21",35675001,35680000,"*",0.393561980878182,0.748172181063715,-4.35897435897435
"chr21",35680001,35685000,"*",0.657266600423539,0.885622146030948,-1.48702594810379
"chr21",35690001,35695000,"*",0.391823669483545,0.746541038021516,-2.75288092189501
"chr21",35695001,35700000,"*",0.707106400769615,0.905128025943939,-2.45614035087719
"chr21",35700001,35705000,"*",0.327043272890502,0.695136369030856,-2.15083967015107
"chr21",35705001,35710000,"*",0.847560761199815,0.958074306421826,0.776813457623482
"chr21",35710001,35715000,"*",0.112436607390356,0.461588719649785,-5.55555555555556
"chr21",35715001,35720000,"*",0.925865044983892,0.987264970792815,0.273836196166299
"chr21",35720001,35725000,"*",0.0301819422594571,0.260124524536951,-11.3461807010194
"chr21",35725001,35730000,"*",0.610144576147051,0.8677556889164,-2.34430923407302
"chr21",35730001,35735000,"*",0.69708512266841,0.90016686487122,-1.12954045538316
"chr21",35735001,35740000,"*",0.529468400012716,0.827948685523578,2.17406851176429
"chr21",35740001,35745000,"*",0.565970155583489,0.844820651121783,-2.08996815286624
"chr21",35745001,35750000,"*",0.00932752909973924,0.153206844792446,10.7775175644028
"chr21",35750001,35755000,"*",0.779833629652977,0.934003345115413,1.1965811965812
"chr21",35755001,35760000,"*",0.13460783614329,0.496868889625864,4.68020541549954
"chr21",35760001,35765000,"*",0.724975665089717,0.911686079705874,-1.58102766798419
"chr21",35765001,35770000,"*",0.84471254681242,0.956933323473326,-0.91264667535853
"chr21",35770001,35775000,"*",0.404432083176585,0.75575692310776,-3.21514907332796
"chr21",35775001,35780000,"*",0.961413225146104,0.995102322258115,-0.219036240541615
"chr21",35780001,35785000,"*",0.155591170447469,0.5278986140182,6.97478991596638
"chr21",35785001,35790000,"*",0.615843385211911,0.870226934279344,-1.46791767554479
"chr21",35790001,35795000,"*",0.380721117745138,0.737739440874137,-2.2108843537415
"chr21",35795001,35800000,"*",0.348775413446183,0.713173692997866,-3.6420604806255
"chr21",35800001,35805000,"*",0.00997087790408177,0.158228604211501,11.7647058823529
"chr21",35805001,35810000,"*",0.326689527111645,0.695136369030856,3.43252108716026
"chr21",35810001,35815000,"*",0.00031225476981778,0.0261327503787975,10.3374875545027
"chr21",35815001,35820000,"*",0.00896273487600755,0.151356664886313,6.46635311949714
"chr21",35820001,35825000,"*",0.256951852083438,0.641326175798401,-4.40263174076123
"chr21",35825001,35830000,"*",0.00276261148077338,0.0797848683834053,-12.8189479802383
"chr21",35830001,35835000,"*",0.122759896551591,0.481854870328131,6.60919540229885
"chr21",35835001,35840000,"*",0.52332328478053,0.82303415928571,-3.28947368421053
"chr21",35840001,35845000,"*",0.712476252687536,0.906990011240654,1.60343830068601
"chr21",35845001,35850000,"*",0.277958919466858,0.657441779044399,3.07010602943504
"chr21",35850001,35855000,"*",0.167150232384592,0.544678873412295,-5.24502794748473
"chr21",35855001,35860000,"*",0.565581742948923,0.844820651121783,-2.67320468206264
"chr21",35860001,35865000,"*",0.0626761730244214,0.363147594277148,7.77020447906524
"chr21",35865001,35870000,"*",0.3108867209876,0.687823585209734,3.33766233766234
"chr21",35870001,35875000,"*",0.0739407953307729,0.39619191400559,7.03779556879538
"chr21",35875001,35880000,"*",0.158097322131668,0.531019672520606,-5.17151767151767
"chr21",35880001,35885000,"*",0.371093866191312,0.728331098419309,-4.4928522804629
"chr21",35885001,35890000,"*",0.33434561775176,0.702045905852711,-2.60761024320793
"chr21",35890001,35895000,"*",0.559083478929263,0.841036444937441,-1.92652329749105
"chr21",35895001,35900000,"*",0.513658626603968,0.820841859383821,-1.53709962980847
"chr21",35900001,35905000,"*",0.167496775316554,0.545392464323935,5.87301587301587
"chr21",35905001,35910000,"*",0.758974800256839,0.926591881232864,1.50375939849624
"chr21",35910001,35915000,"*",0.5873089100077,0.856705996272856,2.54166666666666
"chr21",35915001,35920000,"*",0.616572529900687,0.870673163239244,2.97101449275362
"chr21",35920001,35925000,"*",0.632239913889484,0.875965036390042,1.92342975964773
"chr21",35925001,35930000,"*",0.773639103523033,0.932147405845657,1.19445372535917
"chr21",35930001,35935000,"*",0.018833087898377,0.212923767589813,13.3773740710157
"chr21",35935001,35940000,"*",0.219575643302255,0.612634379760092,5.94410554688609
"chr21",35940001,35945000,"*",0.744057034440045,0.919568446293509,1.49165267213276
"chr21",35945001,35950000,"*",0.0334275702140111,0.27433095491901,9.86367281475541
"chr21",35950001,35955000,"*",0.105693150331913,0.452786622080043,5.60767590618336
"chr21",35955001,35960000,"*",0.778738656332467,0.933424169482905,0.988700564971745
"chr21",35960001,35965000,"*",0.180854832827718,0.564318453075391,-5.64860426929392
"chr21",35965001,35970000,"*",0.909834008537802,0.982508921662173,0.39473684210527
"chr21",35970001,35975000,"*",0.769805591564113,0.93101273346254,-1.10275689223057
"chr21",35975001,35980000,"*",0.78168860673887,0.934941875239743,-1.0512129380054
"chr21",35980001,35985000,"*",0.868542082726449,0.96703370946578,-0.572139303482588
"chr21",35985001,35990000,"*",0.155896110663698,0.528168509863036,-7.06289586095155
"chr21",35990001,35995000,"*",0.77673198435575,0.933087124063725,0.980986497657765
"chr21",35995001,36000000,"*",0.64871841100394,0.882560929495791,1.89846047396645
"chr21",36000001,36005000,"*",0.904789491786874,0.979921449277727,-0.301801031255344
"chr21",36005001,36010000,"*",0.182776911617376,0.567544915490349,-5.97133757961783
"chr21",36010001,36015000,"*",0.0328597688393404,0.273701629076496,-5.53537956888472
"chr21",36015001,36020000,"*",0.0434461236527228,0.314593351424154,-6.0006383657836
"chr21",36020001,36025000,"*",0.000173779188325584,0.0182338461780426,-12.3490544543176
"chr21",36025001,36030000,"*",0.904197468577586,0.979921449277727,-0.456837629364115
"chr21",36030001,36035000,"*",0.111772998720261,0.461404660244149,4.49318441121719
"chr21",36035001,36040000,"*",0.783487027229394,0.935064153557724,0.538252308163811
"chr21",36040001,36045000,"*",0.19034500708589,0.575043145601122,2.99467168783302
"chr21",36045001,36050000,"*",0.530237240686747,0.828164363925313,1.41787051899411
"chr21",36050001,36055000,"*",0.155000373912892,0.527612036185705,-3.75758550014065
"chr21",36055001,36060000,"*",0.222766240373877,0.614261615881765,-6.16626311541566
"chr21",36060001,36065000,"*",0.000302005819073565,0.0261327503787975,-18.7246963562753
"chr21",36065001,36070000,"*",0.371978627660155,0.729024185238608,4.96828752642706
"chr21",36070001,36075000,"*",0.740204626396337,0.918235137385962,1.61420500403551
"chr21",36075001,36080000,"*",0.0775826028132097,0.402990843781034,6.81525142751889
"chr21",36080001,36085000,"*",0.827457626941657,0.951894471837645,-0.735294117647056
"chr21",36085001,36090000,"*",0.162580751235871,0.537097124618504,-3.01140413399857
"chr21",36090001,36095000,"*",0.349385397008579,0.713222856198645,2.22005842259008
"chr21",36095001,36100000,"*",0.9591899894205,0.994932045535555,0.252622329617225
"chr21",36100001,36105000,"*",1.65810034581018e-05,0.00485685226293565,20.2289548315695
"chr21",36105001,36110000,"*",0.0917116681749844,0.430024118503174,6.1742463482855
"chr21",36110001,36115000,"*",0.479690953273883,0.804251705584403,-2.79647249941982
"chr21",36115001,36120000,"*",0.903257972875312,0.979655728910809,-0.426706827309242
"chr21",36120001,36125000,"*",0.30170847462326,0.680683753723209,4.01294498381877
"chr21",36125001,36130000,"*",0.288261726456282,0.667479336133285,4.99061273254822
"chr21",36130001,36135000,"*",2.38502921105519e-07,0.000152425048670164,-23.5635233474833
"chr21",36135001,36140000,"*",0.00129085181748666,0.0570735111756681,13.4239130434783
"chr21",36140001,36145000,"*",0.539856291872773,0.832367592928674,-2.06836662193101
"chr21",36145001,36150000,"*",0.300698518566753,0.679714014638031,-3.85376192158249
"chr21",36150001,36155000,"*",0.890065250070495,0.974332691088251,0.833812535940193
"chr21",36155001,36160000,"*",0.0728075426327581,0.39432744584614,-8.14184786336511
"chr21",36160001,36165000,"*",0.0398310330548937,0.300764943475728,-8.60272988505747
"chr21",36165001,36170000,"*",0.131667820013154,0.494721953336436,-4.81442577030813
"chr21",36170001,36175000,"*",0.894338985526492,0.976135790128099,-0.423626240619701
"chr21",36175001,36180000,"*",0.401959380949568,0.753941955196228,-3.00445891428976
"chr21",36180001,36185000,"*",0.86506533302356,0.965857527505896,0.628752690608358
"chr21",36185001,36190000,"*",0.72711854465292,0.913282717332504,1.46139341008337
"chr21",36190001,36195000,"*",0.154906369234582,0.527612036185705,3.07539682539683
"chr21",36195001,36200000,"*",0.12358265492488,0.482937002393282,-3.11164644813445
"chr21",36200001,36205000,"*",0.0724862953426355,0.393801125393143,-6.63410663410663
"chr21",36205001,36210000,"*",0.00371004896686449,0.0938188641620768,-7.57032846141756
"chr21",36210001,36215000,"*",0.00286242402461499,0.080814622060415,4.18059455363907
"chr21",36215001,36220000,"*",0.116152308246,0.46793737935208,-3.55432416386305
"chr21",36220001,36225000,"*",0.610732566875001,0.867920145500054,1.13770685579196
"chr21",36225001,36230000,"*",0.656385364271454,0.88549439157274,-0.606242496998799
"chr21",36230001,36235000,"*",0.0974396115727036,0.439948920588379,-3.59700887427362
"chr21",36235001,36240000,"*",0.64418648108416,0.880638935886507,-0.658078480659119
"chr21",36240001,36245000,"*",0.211154998438885,0.601760646785992,4.11083540115799
"chr21",36245001,36250000,"*",0.599217133694415,0.861980038852412,-1.00081699346405
"chr21",36250001,36255000,"*",0.362037590786265,0.720794183865037,1.47766323024056
"chr21",36255001,36260000,"*",0.0313990087740175,0.265120672935893,5.07462686567164
"chr21",36260001,36265000,"*",0.266667989968893,0.645994476044563,-3.77109070807096
"chr21",36265001,36270000,"*",0.0123699184518434,0.175653013389806,6.26806414120116
"chr21",36270001,36275000,"*",0.522118234815157,0.822795604292884,1.1808367071525
"chr21",36275001,36280000,"*",0.482693191179651,0.805973908501706,-1.6665108014589
"chr21",36280001,36285000,"*",0.887225265051659,0.973705829325191,0.280378058155828
"chr21",36285001,36290000,"*",0.00320896510049368,0.0859379527306857,7.10751237067027
"chr21",36290001,36295000,"*",0.128275820551415,0.489478470569977,-2.91867954911433
"chr21",36295001,36300000,"*",0.00602185673561539,0.122148227500234,-7.34265734265734
"chr21",36300001,36305000,"*",0.499604991320367,0.813391173918986,1.38105426959736
"chr21",36305001,36310000,"*",0.0156179810942278,0.195445355317751,3.25846061695119
"chr21",36310001,36315000,"*",0.395587864529722,0.74970858399789,-1.59321955399115
"chr21",36315001,36320000,"*",0.103522953607895,0.44951597520908,6.44470789699005
"chr21",36320001,36325000,"*",0.00616912447810294,0.122786372160944,-12.9599328718272
"chr21",36325001,36330000,"*",0.0688616784594417,0.381780441301163,-5.19688715953308
"chr21",36330001,36335000,"*",0.00510619296229969,0.11135046018589,8.00845407552647
"chr21",36335001,36340000,"*",0.277058122943103,0.657441779044399,2.77840467413927
"chr21",36340001,36345000,"*",0.175194992213481,0.557573109411106,-2.75870836511568
"chr21",36345001,36350000,"*",0.9306962402466,0.988713934314717,0.175109443402122
"chr21",36350001,36355000,"*",0.014401942060437,0.188188945510914,-6.0386672151378
"chr21",36355001,36360000,"*",0.306068049600548,0.684369716505042,2.59146341463414
"chr21",36360001,36365000,"*",0.222858385753983,0.614261615881765,2.45051575132423
"chr21",36365001,36370000,"*",0.6113492581693,0.868076486710367,0.915091509150912
"chr21",36370001,36375000,"*",0.508828327518955,0.818737272249543,-1.13600995953936
"chr21",36375001,36380000,"*",0.388752165091709,0.743856211375806,1.94545319795449
"chr21",36380001,36385000,"*",0.963849758033931,0.996431973774512,-0.102406554019463
"chr21",36385001,36390000,"*",0.000180512027594215,0.0183912978838744,13.3399829011114
"chr21",36390001,36395000,"*",0.38406320345499,0.740324738220066,-1.50768708060818
"chr21",36395001,36400000,"*",0.00101792124617266,0.0494046049254597,-5.47619047619048
"chr21",36400001,36405000,"*",0.0267640777312863,0.2428103635193,-3.63636363636364
"chr21",36405001,36410000,"*",0.385232571605066,0.741303730984107,1.91322496995763
"chr21",36410001,36415000,"*",0.268881682779488,0.648674752896294,2.54627378521184
"chr21",36415001,36420000,"*",0.63989962576458,0.878769811664989,0.825948073365246
"chr21",36420001,36425000,"*",0.0326028907585627,0.271884130525143,7.69148123388406
"chr21",36430001,36435000,"*",0.339133231094922,0.706611326199555,-3.81013835949457
"chr21",36435001,36440000,"*",0.22018933173607,0.612878948197541,-4.04100709606987
"chr21",36440001,36445000,"*",0.263524018633836,0.64397446128717,3.90423846306199
"chr21",36445001,36450000,"*",0.000368529933648134,0.028469949819191,-10.9454719387755
"chr21",36450001,36455000,"*",0.586637209926888,0.85650251002825,2.03812316715543
"chr21",36455001,36460000,"*",0.776218594439164,0.933087124063725,1.17249846531614
"chr21",36460001,36465000,"*",0.909661033535461,0.982508921662173,0.31712473572939
"chr21",36465001,36470000,"*",0.15400653864074,0.527612036185705,4.43476715250621
"chr21",36470001,36475000,"*",0.454452290986068,0.786121950204739,2.14123652864435
"chr21",36475001,36480000,"*",0.154262224285289,0.527612036185705,-4.06267899517225
"chr21",36480001,36485000,"*",0.349460286651716,0.713222856198645,-2.48112189859763
"chr21",36485001,36490000,"*",0.0797293657116951,0.407042440779387,6.46962591340387
"chr21",36490001,36495000,"*",0.706441277460782,0.905099723081702,-0.888852512686211
"chr21",36495001,36500000,"*",0.224418347590092,0.615154173101253,3.17294561812194
"chr21",36500001,36505000,"*",0.140697438673827,0.505636456824062,-7.10074339912843
"chr21",36505001,36510000,"*",0.659159298237053,0.886529532543808,-1.23440285204991
"chr21",36510001,36515000,"*",0.398701459071829,0.750429243318437,-4.08220271348763
"chr21",36515001,36520000,"*",0.829390904373469,0.953101351324977,0.621081272920854
"chr21",36520001,36525000,"*",0.258537465464106,0.641326175798401,4.10902503293807
"chr21",36525001,36530000,"*",0.707754418001231,0.905128025943939,0.99538522028848
"chr21",36530001,36535000,"*",0.346468214539582,0.711976482962076,2.38785106112593
"chr21",36535001,36540000,"*",0.363518706570164,0.722438833187857,-2.61925665788704
"chr21",36540001,36545000,"*",0.0149263668674488,0.192183807835468,-9.55138922060346
"chr21",36545001,36550000,"*",0.326798183302165,0.695136369030856,-4.41972032254773
"chr21",36550001,36555000,"*",0.755495061137889,0.924949958685659,1.35994806880884
"chr21",36555001,36560000,"*",0.0276697811936022,0.246538101129307,7.6236559139785
"chr21",36560001,36565000,"*",0.322183738923753,0.692866442013075,-3.81694644284571
"chr21",36565001,36570000,"*",0.171216543204994,0.552894946592149,5.03937007874016
"chr21",36570001,36575000,"*",0.198755098926169,0.58831509282146,3.4488103541812
"chr21",36575001,36580000,"*",0.233970650194664,0.624973260749819,4.34261170301778
"chr21",36580001,36585000,"*",0.43050295745547,0.773233467274388,-3.89724711907811
"chr21",36585001,36590000,"*",0.74888545608147,0.922007838222895,1.14583333333333
"chr21",36590001,36595000,"*",0.0345267001718956,0.277598535007036,6.43459915611814
"chr21",36595001,36600000,"*",0.746896270755333,0.920887394861658,1.06609808102346
"chr21",36600001,36605000,"*",0.0105799065153579,0.162249562573371,10.5307327236949
"chr21",36605001,36610000,"*",0.0161324384046888,0.198271052421262,-11.0079051383399
"chr21",36610001,36615000,"*",0.619806899173236,0.871732022588764,1.77304964539007
"chr21",36615001,36620000,"*",0.569725153261045,0.846400639777081,2.30894308943089
"chr21",36620001,36625000,"*",0.626137657296675,0.873444481193396,1.90063649222065
"chr21",36625001,36630000,"*",0.69142237017462,0.899399912895633,1.25840125840126
"chr21",36630001,36635000,"*",0.127829951846878,0.488852011087968,-8.30216176827787
"chr21",36635001,36640000,"*",0.662553285070294,0.887324855197383,1.85502283105022
"chr21",36640001,36645000,"*",0.0521596355233267,0.339304147647442,-7.68270944741534
"chr21",36645001,36650000,"*",0.0024187066088365,0.0759085154469669,9.97401964764146
"chr21",36650001,36655000,"*",0.974716302956297,0.9988408871652,0.103153551429414
"chr21",36655001,36660000,"*",0.372381760554141,0.729204394622733,-2.87356321839081
"chr21",36660001,36665000,"*",0.546221514256343,0.83506653414964,-2.45045844424726
"chr21",36665001,36670000,"*",0.341729345808865,0.708437412252002,-3.97936624907885
"chr21",36670001,36675000,"*",0.969389054791,0.997143855920606,0.162187210379972
"chr21",36675001,36680000,"*",0.505037194134536,0.815323471398855,2.2357090984542
"chr21",36680001,36685000,"*",0.691852008693044,0.899399912895633,-2.05299594175221
"chr21",36685001,36690000,"*",0.876283214448535,0.969507325103692,0.680751173708916
"chr21",36690001,36695000,"*",0.0532931263663994,0.34247405050289,-4.35521764814639
"chr21",36695001,36700000,"*",0.0945029017747288,0.433652349527639,3.32175761871013
"chr21",36700001,36705000,"*",0.358211873513857,0.719033800763322,1.67678617866875
"chr21",36705001,36710000,"*",0.130084171352567,0.491446165462606,2.7536231884058
"chr21",36710001,36715000,"*",0.341554149885717,0.708437412252002,4.79111810852629
"chr21",36715001,36720000,"*",0.00841103037405279,0.145998872912571,-8.81458966565349
"chr21",36720001,36725000,"*",0.633763574652149,0.876563345929752,1.37215317645575
"chr21",36725001,36730000,"*",0.559690796809707,0.841036444937441,1.88371481189161
"chr21",36730001,36735000,"*",0.45165245034076,0.784880116508899,-1.94416643597879
"chr21",36735001,36740000,"*",0.867567022810593,0.96671361077167,-0.510904795912759
"chr21",36740001,36745000,"*",0.0143516898279171,0.18818615203976,6.90406708285619
"chr21",36745001,36750000,"*",0.00303161136714208,0.0838389403701531,11.9595718145916
"chr21",36750001,36755000,"*",0.107505320019502,0.455364580676392,3.63563616964524
"chr21",36755001,36760000,"*",0.246707165943332,0.63149069486856,2.73360765906412
"chr21",36760001,36765000,"*",0.454302342498438,0.786121950204739,1.88413499867127
"chr21",36765001,36770000,"*",0.116588107552575,0.468621792011832,4.85204760363858
"chr21",36770001,36775000,"*",0.0207786225525397,0.219379780580338,6.664674237896
"chr21",36775001,36780000,"*",0.933125811460637,0.989266186235458,-0.232121522444106
"chr21",36780001,36785000,"*",0.2886987158385,0.667479336133285,2.74493243243243
"chr21",36785001,36790000,"*",0.357876671264246,0.718812972894424,-2.19448684564963
"chr21",36790001,36795000,"*",0.0151164419028192,0.193215611957852,-5.98254504504504
"chr21",36795001,36800000,"*",0.0333720608304955,0.27433095491901,4.94505494505494
"chr21",36800001,36805000,"*",0.475301699282685,0.800520111633271,-1.40109200451864
"chr21",36805001,36810000,"*",0.31086819095248,0.687823585209734,-2.20608469652959
"chr21",36810001,36815000,"*",0.59135875374333,0.85754046116454,-1.7094017094017
"chr21",36815001,36820000,"*",0.0549688766110176,0.346546953862723,-3.87551379917792
"chr21",36820001,36825000,"*",0.35094510702106,0.713982463330191,-2.86493648195776
"chr21",36825001,36830000,"*",0.298245501681192,0.677217660471181,-2.76515151515151
"chr21",36830001,36835000,"*",0.904648011529651,0.979921449277727,-0.354737854737852
"chr21",36835001,36840000,"*",0.301871089113597,0.680746175877327,-2.94983183856502
"chr21",36840001,36845000,"*",0.626238232040303,0.873444481193396,0.633737185461314
"chr21",36850001,36855000,"*",0.0409526996707993,0.305623650409468,8.41397849462365
"chr21",36855001,36860000,"*",0.0397809027549752,0.300764943475728,-4.92424242424243
"chr21",36860001,36865000,"*",0.227724364527588,0.618269885707875,-4.52052868391451
"chr21",36865001,36870000,"*",0.3095248075002,0.68711659762985,3.00813008130082
"chr21",36870001,36875000,"*",0.0270313609432607,0.243189951465806,-3.54710743801654
"chr21",36875001,36880000,"*",0.120188267249022,0.476819141512769,6.09465102406045
"chr21",36880001,36885000,"*",0.430862689667558,0.773484348407286,-1.5799784390323
"chr21",36885001,36890000,"*",0.90082549400836,0.978643675301927,0.263157894736843
"chr21",36890001,36895000,"*",0.31456928234835,0.689294204956338,2.00929152148664
"chr21",36895001,36900000,"*",0.0662204440583683,0.372126076523045,3.73467751174247
"chr21",36900001,36905000,"*",0.00759393214838124,0.137242952815191,6.18420056047868
"chr21",36905001,36910000,"*",0.189150008052328,0.5732370559895,-2.95566502463054
"chr21",36910001,36915000,"*",0.00507177266576437,0.11135046018589,-6.53553679420393
"chr21",36915001,36920000,"*",0.187257562771684,0.572122650065984,-3.09845891961391
"chr21",36920001,36925000,"*",0.146645836603034,0.51524079048721,3.34763539282991
"chr21",36925001,36930000,"*",0.0898281486429433,0.427257174811644,-5.3731615967845
"chr21",36930001,36935000,"*",0.947325893971531,0.99244032831186,0.134171218904444
"chr21",36935001,36940000,"*",0.28163011299968,0.660834343921145,-3.9203187250996
"chr21",36940001,36945000,"*",0.106207929892304,0.453334394136548,5.07355344883949
"chr21",36945001,36950000,"*",0.289924562037664,0.668471522179331,-2.74027879677182
"chr21",36950001,36955000,"*",0.953953867705363,0.99426621518398,0.107790298873101
"chr21",36955001,36960000,"*",0.241009258176821,0.62944339640872,2.44469815898387
"chr21",36960001,36965000,"*",0.021846494710405,0.221820378511937,-6.69229728946504
"chr21",36965001,36970000,"*",7.73323214101325e-05,0.0110948208063925,16.7554858934169
"chr21",36970001,36975000,"*",0.658188769788995,0.885622146030948,1.30630630630632
"chr21",36975001,36980000,"*",0.974825252943546,0.9988408871652,0.147223068331814
"chr21",36980001,36985000,"*",0.678581926777152,0.895790274543438,1.78268251273345
"chr21",36985001,36990000,"*",0.394479439717514,0.74870152840554,-3.27731092436975
"chr21",36990001,36995000,"*",0.000167226313377862,0.0178301428803503,-13.9371108772413
"chr21",36995001,37000000,"*",0.394799981092372,0.748905522687366,2.42244963223537
"chr21",37000001,37005000,"*",0.219533708297719,0.612634379760092,-4.65392026085668
"chr21",37005001,37010000,"*",9.37912664842282e-08,8.33991686802828e-05,-16.9466710409699
"chr21",37010001,37015000,"*",0.247557053173093,0.631777036251061,-3.34560748000939
"chr21",37015001,37020000,"*",0.0506037827795176,0.337545558423733,5.53478280939852
"chr21",37020001,37025000,"*",0.0410011284648672,0.305660586540844,-5.09415584415585
"chr21",37025001,37030000,"*",0.0169079410460348,0.201217048878871,-6.79897723121879
"chr21",37030001,37035000,"*",0.776488741792238,0.933087124063725,0.864326872708232
"chr21",37035001,37040000,"*",0.337300570495085,0.705043467821136,2.30047898536059
"chr21",37040001,37045000,"*",0.240955723862017,0.62944339640872,-3.33333333333333
"chr21",37045001,37050000,"*",0.000392798463916065,0.0291509343504372,-17.838246409675
"chr21",37050001,37055000,"*",0.411137303966859,0.759205475935649,-2.32174535495316
"chr21",37055001,37060000,"*",0.00409277528601311,0.100251603695722,11.8968231916273
"chr21",37060001,37065000,"*",0.53797733977327,0.831387271621474,2.12582445459157
"chr21",37065001,37070000,"*",0.318027668196513,0.690086245272885,4.00641025641025
"chr21",37070001,37075000,"*",1.64575019870843e-11,3.85654129897342e-08,29.6171829339568
"chr21",37075001,37080000,"*",0.928127557805931,0.987997687973303,0.431499460625684
"chr21",37080001,37085000,"*",0.88794229340743,0.973827507434358,-0.521619766643788
"chr21",37085001,37090000,"*",0.184698715871948,0.569238041464179,-5.57468317339389
"chr21",37090001,37095000,"*",0.802832621798141,0.942852210364339,0.746760377772893
"chr21",37095001,37100000,"*",0.153722775581121,0.527520553316133,3.89125799573561
"chr21",37100001,37105000,"*",0.936197131142669,0.989266186235458,-0.249999999999995
"chr21",37105001,37110000,"*",0.240550449731579,0.62944339640872,2.8516057585825
"chr21",37110001,37115000,"*",0.286546414189256,0.665070944762984,-4.12222222222222
"chr21",37115001,37120000,"*",0.740051818722841,0.9182076042396,-1.29512708434515
"chr21",37120001,37125000,"*",0.341691501126895,0.708437412252002,-2.10643015521064
"chr21",37125001,37130000,"*",0.245577426723598,0.630306429305182,-4.50188291680932
"chr21",37130001,37135000,"*",0.623283811433312,0.873019564530022,-1.4484930274404
"chr21",37135001,37140000,"*",0.589248705800775,0.857163370899742,1.25257650229903
"chr21",37140001,37145000,"*",0.0947533650110638,0.433951893177706,5.26729559748428
"chr21",37145001,37150000,"*",0.0277280493917088,0.24674454078951,-7.26567682024594
"chr21",37150001,37155000,"*",0.0691951252907826,0.383024984877324,-4.8503220917014
"chr21",37155001,37160000,"*",0.902831093704551,0.979655728910809,0.490196078431371
"chr21",37160001,37165000,"*",0.0150722992916735,0.193215611957852,-7.00413594677216
"chr21",37165001,37170000,"*",0.301404613738379,0.680683753723209,4.87730295848942
"chr21",37170001,37175000,"*",0.598058754088686,0.861018439738576,-2.22984562607204
"chr21",37175001,37180000,"*",0.566891560080053,0.84529267255752,-1.53906351897743
"chr21",37180001,37185000,"*",0.189727046740799,0.574062391093993,3.53982300884955
"chr21",37185001,37190000,"*",0.941427245899085,0.990523191252473,-0.242164256555732
"chr21",37195001,37200000,"*",0.0194645420913961,0.21396174942324,-5.17830626723549
"chr21",37200001,37205000,"*",0.100352526486319,0.445188517544522,-4.51501484711817
"chr21",37205001,37210000,"*",0.627309666845089,0.873444481193396,2.36694677871149
"chr21",37210001,37215000,"*",0.370760421117175,0.728331098419309,-2.25480920845159
"chr21",37215001,37220000,"*",0.0766468375882339,0.402586837189295,4.14864864864866
"chr21",37220001,37225000,"*",0.00196030473102037,0.0704235370980135,14.0849110728629
"chr21",37225001,37230000,"*",0.0579873641922693,0.350209918507837,-8.30419999042192
"chr21",37230001,37235000,"*",0.841699287547822,0.956224600353471,-0.347117217802906
"chr21",37235001,37240000,"*",0.509001168315764,0.818827966421012,-1.65199642811583
"chr21",37240001,37245000,"*",0.94161794811955,0.990523191252473,0.228024016730755
"chr21",37250001,37255000,"*",0.81765305608274,0.949594159121394,0.844298245614028
"chr21",37255001,37260000,"*",6.49784896389076e-05,0.0105726001758958,-17.5030062955365
"chr21",37260001,37265000,"*",0.529914318873311,0.828027931024533,2.35673665791776
"chr21",37265001,37270000,"*",0.0925566669618148,0.430024118503174,8.03796735733302
"chr21",37270001,37275000,"*",0.357146827026329,0.718458975381398,3.09336332958381
"chr21",37275001,37280000,"*",0.396021003072688,0.749805454242121,2.33716710744818
"chr21",37280001,37285000,"*",0.00937268756124295,0.153589728567687,-7.46664804079067
"chr21",37285001,37290000,"*",0.00595035756657369,0.121601783991317,-5.08135136196447
"chr21",37290001,37295000,"*",0.926072949725256,0.987264970792815,-0.286308631757881
"chr21",37295001,37300000,"*",0.145546056659339,0.513827034435391,-3.35712520084044
"chr21",37300001,37305000,"*",0.861906507074995,0.964380510064812,-0.482414768899075
"chr21",37305001,37310000,"*",0.0803281296052816,0.408551406912577,10.0584154801022
"chr21",37310001,37315000,"*",0.86209855320903,0.964410852889891,-0.482142857142864
"chr21",37315001,37320000,"*",0.296450205072229,0.674885019966895,-3.41880341880342
"chr21",37320001,37325000,"*",0.371319206667569,0.728340966203406,-3.02197802197802
"chr21",37325001,37330000,"*",0.927536819208123,0.987872352353972,-0.197628458498023
"chr21",37330001,37335000,"*",0.649983863297619,0.883329288219538,1.02715515448912
"chr21",37335001,37340000,"*",0.447981658690739,0.781366064276937,3.0416951469583
"chr21",37340001,37345000,"*",0.423054090201473,0.767898335687157,1.33998435054774
"chr21",37345001,37350000,"*",0.612067860957957,0.868116690840315,-2.53731343283582
"chr21",37350001,37355000,"*",0.912608003816584,0.983502787643196,-0.225253673529535
"chr21",37355001,37360000,"*",0.0854694938732403,0.416604126258132,8.22214619682974
"chr21",37360001,37365000,"*",0.498832802911833,0.813391173918986,-2.03832304526749
"chr21",37365001,37370000,"*",0.145967870450277,0.514515751277392,2.71254509563678
"chr21",37370001,37375000,"*",0.0416845575123056,0.307972813839798,11.7978533094812
"chr21",37375001,37380000,"*",0.000340180513505145,0.0271757842038769,15.2960837485022
"chr21",37380001,37385000,"*",0.947722732264207,0.992475913573273,0.415818809165702
"chr21",37385001,37390000,"*",0.278544780739504,0.657638258414441,3.89167362851573
"chr21",37390001,37395000,"*",0.249371607671171,0.63448512556219,-3.83512544802868
"chr21",37395001,37400000,"*",0.175598635233004,0.557573109411106,5.44943355660299
"chr21",37400001,37405000,"*",0.436893925460474,0.77609274352314,-2.48978075065032
"chr21",37405001,37410000,"*",0.689493553933134,0.899201468470827,-1.59510433386838
"chr21",37410001,37415000,"*",0.222843228147348,0.614261615881765,5.21852576647097
"chr21",37415001,37420000,"*",0.935482361135588,0.989266186235458,0.391872278664729
"chr21",37420001,37425000,"*",0.813985051792455,0.948965017551644,-1.1373260738052
"chr21",37425001,37430000,"*",0.614930892398239,0.869811704941573,-1.45543042565376
"chr21",37430001,37435000,"*",0.525666395645629,0.824909630098693,-1.98412698412699
"chr21",37435001,37440000,"*",0.831163929014506,0.953580778880355,-1.31233595800525
"chr21",37440001,37445000,"*",0.876937840534353,0.969507325103692,-0.57683433317951
"chr21",37445001,37450000,"*",0.480415428707545,0.804769953623441,-2.40575539568345
"chr21",37450001,37455000,"*",0.150991625067242,0.523105305402863,-5.17626059794735
"chr21",37455001,37460000,"*",0.121872351554014,0.479556621156264,7.7779224160375
"chr21",37460001,37465000,"*",0.433955841229335,0.775582305993674,3.97494484714781
"chr21",37465001,37470000,"*",0.875917703288993,0.969507325103692,-0.492307692307692
"chr21",37470001,37475000,"*",0.855429863157471,0.961401981174135,-0.572463768115938
"chr21",37475001,37480000,"*",0.384914787594926,0.741207218203104,-3.08018368067821
"chr21",37480001,37485000,"*",0.405962457375913,0.757006916539169,2.41487689889995
"chr21",37485001,37490000,"*",0.854664199911876,0.961172504460164,0.69046378322043
"chr21",37490001,37495000,"*",0.225590260687189,0.615154173101253,4.3014096185738
"chr21",37495001,37500000,"*",0.0969165276139219,0.439050649760049,3.37078651685393
"chr21",37500001,37505000,"*",0.938442170441712,0.989362292817104,0.178318883354855
"chr21",37505001,37510000,"*",0.937181423232932,0.989266186235458,-0.167705439162968
"chr21",37510001,37515000,"*",0.146311303354804,0.514799030322459,5.42828051419116
"chr21",37515001,37520000,"*",0.620096904285554,0.871732022588764,0.992907801418441
"chr21",37520001,37525000,"*",0.0640114414735939,0.365556810365041,7.84224364592463
"chr21",37525001,37530000,"*",0.886936881106826,0.973705829325191,0.376734963648384
"chr21",37530001,37535000,"*",0.715909813292417,0.90845595441258,1.7666576988611
"chr21",37535001,37540000,"*",0.643618578971667,0.88062253993204,-1.69464991585456
"chr21",37540001,37545000,"*",0.538994293440308,0.832078355386548,-3.07881773399016
"chr21",37545001,37550000,"*",0.42391733821024,0.768869682047985,-3.53870458135861
"chr21",37550001,37555000,"*",0.961026543686121,0.995102322258115,0.136088911422128
"chr21",37555001,37560000,"*",0.666540327063985,0.889142030220079,1.28579777907656
"chr21",37560001,37565000,"*",2.2065298453224e-05,0.00568959841413978,19.250768800671
"chr21",37565001,37570000,"*",0.149223927168854,0.52054995413764,-4.78107344632769
"chr21",37570001,37575000,"*",0.00417929772507278,0.1008786360831,-7.52437943262411
"chr21",37575001,37580000,"*",0.189851648769685,0.574062391093993,6.03683897801546
"chr21",37580001,37585000,"*",0.0215885348864629,0.220784128336528,-9.57877201332699
"chr21",37585001,37590000,"*",0.378586456703887,0.735438222573364,1.82844624199529
"chr21",37590001,37595000,"*",0.562059995737328,0.841714693023346,-1.92154879722604
"chr21",37595001,37600000,"*",0.060401943557321,0.355632883758766,-4.46808510638298
"chr21",37600001,37605000,"*",0.097009976919109,0.439137242589399,-5.4154995331466
"chr21",37610001,37615000,"*",0.819186296360205,0.950118262961392,-0.997782705099781
"chr21",37615001,37620000,"*",0.881858806789961,0.97134546072657,-0.416666666666665
"chr21",37620001,37625000,"*",0.398757048154782,0.750429243318437,2.76797062561785
"chr21",37625001,37630000,"*",0.00657916403525394,0.126632948230697,12.6182483979249
"chr21",37630001,37635000,"*",0.602178750986236,0.864294940676447,-2.97485286249332
"chr21",37635001,37640000,"*",0.108017507126809,0.455524350406149,4.83710106382978
"chr21",37640001,37645000,"*",0.0726339634778974,0.393994416087669,-9.97712978845055
"chr21",37645001,37650000,"*",0.666420596775934,0.889142030220079,1.09050369919935
"chr21",37650001,37655000,"*",0.158696588521749,0.532269569326285,-3.94213381555154
"chr21",37655001,37660000,"*",0.575653590044574,0.849562619590125,-2.43304638928742
"chr21",37660001,37665000,"*",0.918042702180911,0.98515867843877,-0.26421916284245
"chr21",37665001,37670000,"*",0.947305505616858,0.99244032831186,0.251986819150996
"chr21",37670001,37675000,"*",0.60319606092387,0.864343315999756,-1.75489067894131
"chr21",37675001,37680000,"*",6.91805985904989e-05,0.0105726001758958,-22.5354213273676
"chr21",37680001,37685000,"*",0.288702205828272,0.667479336133285,4.48546334131793
"chr21",37685001,37690000,"*",0.0585644336774817,0.351802621522646,10.4535532379335
"chr21",37690001,37695000,"*",0.274182348146314,0.654957343044636,3.10594127388021
"chr21",37695001,37700000,"*",0.832100955198145,0.95426912154045,0.902955992776355
"chr21",37700001,37705000,"*",0.391960593362364,0.746541038021516,-3.18880129371336
"chr21",37705001,37710000,"*",0.338497229859144,0.705705969120465,4.35754189944134
"chr21",37710001,37715000,"*",0.0389425570779621,0.298220235575244,-8.06878306878307
"chr21",37715001,37720000,"*",0.391351674383646,0.746541038021516,3.13526425798746
"chr21",37720001,37725000,"*",0.19781769717828,0.586475590965804,-4.40860215053763
"chr21",37725001,37730000,"*",0.107896571612191,0.455524350406149,6.83082400059334
"chr21",37730001,37735000,"*",0.185499965050538,0.571034596235909,5.13111888111889
"chr21",37735001,37740000,"*",0.309028490305043,0.686404514010884,3.2542170473205
"chr21",37740001,37745000,"*",0.789582480914864,0.936729748353468,-1.50375939849624
"chr21",37745001,37750000,"*",0.315755010383034,0.689294204956338,3.6709174198341
"chr21",37750001,37755000,"*",0.373598931542915,0.730367210441239,-3.69370342369586
"chr21",37755001,37760000,"*",0.075529817780034,0.400433347657345,8.1845238095238
"chr21",37760001,37765000,"*",0.780270180702546,0.934304099870362,1.0769359704995
"chr21",37765001,37770000,"*",0.59080544173784,0.857163370899742,-1.62594376077523
"chr21",37770001,37775000,"*",0.76921437458564,0.93101273346254,1.18925473370021
"chr21",37775001,37780000,"*",0.574136123414847,0.84882795953867,-3.17747352105399
"chr21",37780001,37785000,"*",0.351595531350479,0.714093204856952,3.43803719331145
"chr21",37785001,37790000,"*",0.327552919682329,0.695173421821049,-4.21180931744313
"chr21",37790001,37795000,"*",0.684250636812428,0.89731413878381,-1.50969058143489
"chr21",37795001,37800000,"*",0.0211146402514831,0.219579764745453,8.26490676080116
"chr21",37800001,37805000,"*",0.457117030747173,0.787945830915872,-3.95604395604395
"chr21",37805001,37810000,"*",0.679108618009777,0.895790274543438,-1.84904651577259
"chr21",37810001,37815000,"*",0.820428829077215,0.950898369614441,0.84776119402985
"chr21",37815001,37820000,"*",0.435231823787509,0.775954137231102,3.60156067629307
"chr21",37820001,37825000,"*",0.477503008272405,0.802154187172808,3.76904570970329
"chr21",37825001,37830000,"*",0.00283100322155239,0.0805747070749526,-13
"chr21",37830001,37835000,"*",0.838435844508673,0.956224600353471,-0.790101371496721
"chr21",37835001,37840000,"*",0.786014074562347,0.935679648678641,0.846044335977225
"chr21",37840001,37845000,"*",0.284295453537913,0.663544833456682,4.53602467059153
"chr21",37845001,37850000,"*",0.381653747514746,0.738129780412963,3.61318681318682
"chr21",37855001,37860000,"*",0.0382449832122704,0.295128684942109,-9.024064171123
"chr21",37860001,37865000,"*",0.597710772471097,0.861018439738576,-2.67388634587474
"chr21",37865001,37870000,"*",0.18670889269348,0.572122650065984,7.18414533443435
"chr21",37870001,37875000,"*",0.375284777668738,0.732075994271248,-3.70564015423829
"chr21",37875001,37880000,"*",0.480988569575868,0.805183692457693,-2.95698924731183
"chr21",37880001,37885000,"*",0.298905916838235,0.677878608516032,-3.69331463300608
"chr21",37885001,37890000,"*",0.000695609709256165,0.0414418326785664,-14.9582560296846
"chr21",37890001,37895000,"*",0.0045944340356427,0.106246287074238,10.9916630100921
"chr21",37895001,37900000,"*",0.221393657640326,0.613220004342589,-5.24597631339204
"chr21",37900001,37905000,"*",0.882725507509128,0.971606275452133,0.992063492063489
"chr21",37905001,37910000,"*",0.210182593413594,0.601132478314714,-5.57537912578056
"chr21",37910001,37915000,"*",0.0292303061132324,0.254949196000029,-10.6896551724138
"chr21",37915001,37920000,"*",0.114164086907962,0.46364733157884,7.51968837327462
"chr21",37920001,37925000,"*",0.831982037913188,0.95426912154045,1.0001418640942
"chr21",37925001,37930000,"*",0.276316329479476,0.657441779044399,-5.34144692359703
"chr21",37930001,37935000,"*",0.495309048386198,0.812996625883019,-4.27918570835064
"chr21",37940001,37945000,"*",0.068275247471489,0.3796852901411,8.79824561403508
"chr21",37945001,37950000,"*",0.00990802552238371,0.158099613515281,-9.48798328108673
"chr21",37950001,37955000,"*",0.435458635877537,0.775988392957943,1.93673513986014
"chr21",37955001,37960000,"*",0.229323873818797,0.619104006507735,3.9807587061094
"chr21",37960001,37965000,"*",0.655472731459251,0.885467583043531,-1.72888616891065
"chr21",37965001,37970000,"*",0.0466293063563571,0.325525346261361,8.9311796546095
"chr21",37970001,37975000,"*",0.281592408388358,0.660834343921145,-4.24349049964813
"chr21",37975001,37980000,"*",0.373850353897339,0.730577574014467,-3.5214799130774
"chr21",37980001,37985000,"*",0.00492150002380923,0.11135046018589,10.608434521478
"chr21",37985001,37990000,"*",0.231258013855313,0.621699364207591,6.44431882419445
"chr21",37990001,37995000,"*",0.613468871336865,0.868442643072526,2.31884057971015
"chr21",37995001,38000000,"*",0.954408052476376,0.99426621518398,-0.248015873015872
"chr21",38000001,38005000,"*",0.063122037582691,0.363398170328593,-8.35132275132275
"chr21",38005001,38010000,"*",0.0531045294713732,0.34247405050289,-7.87037037037037
"chr21",38010001,38015000,"*",0.909720521918595,0.982508921662173,-0.341832963784183
"chr21",38015001,38020000,"*",0.189857049686136,0.574062391093993,8.8235294117647
"chr21",38020001,38025000,"*",0.424095128085004,0.768968832153704,-3.14679643146797
"chr21",38025001,38030000,"*",0.172496668713517,0.554989281947836,6.69950738916256
"chr21",38030001,38035000,"*",0.112702043804031,0.461588719649785,7.85104364326376
"chr21",38035001,38040000,"*",0.621371896985452,0.872427488677398,-1.81284530386741
"chr21",38040001,38045000,"*",0.079467473546245,0.407042440779387,11.2410918381068
"chr21",38045001,38050000,"*",0.410809217260344,0.759205475935649,-3.52662721893491
"chr21",38050001,38055000,"*",0.266007464259173,0.64547950986897,-4.52311612668366
"chr21",38055001,38060000,"*",0.156715144056486,0.528999313892791,6.99404761904763
"chr21",38060001,38065000,"*",0.000329477965950652,0.0266233344900354,-12.0610247553253
"chr21",38065001,38070000,"*",0.0497228545221008,0.336313858765357,9.40327708486182
"chr21",38070001,38075000,"*",0.14075101412383,0.505636456824062,6.96414236018196
"chr21",38075001,38080000,"*",0.0043185348531813,0.101570269831743,7.76233596436008
"chr21",38080001,38085000,"*",0.485514347763718,0.808232504091626,-2.67744833782569
"chr21",38085001,38090000,"*",0.20824383693165,0.598803316373566,-5.84212747994935
"chr21",38090001,38095000,"*",0.654389030607945,0.884513533007855,1.71607863225971
"chr21",38095001,38100000,"*",0.427415039142783,0.770443006454811,3.90828556539865
"chr21",38100001,38105000,"*",0.0168645808587021,0.201217048878871,-11.7561683599419
"chr21",38110001,38115000,"*",0.944170525271069,0.991562413005022,-0.326086956521743
"chr21",38115001,38120000,"*",0.279843325495333,0.658840783065034,-2.83907908863176
"chr21",38120001,38125000,"*",0.626375279720789,0.873444481193396,-1.17386060136124
"chr21",38125001,38130000,"*",0.0925754379375844,0.430024118503174,-10.119811724433
"chr21",38130001,38135000,"*",0.602420767169758,0.864343315999756,-2.23901098901098
"chr21",38135001,38140000,"*",0.178564566601246,0.561408275137192,-5.17051705170517
"chr21",38140001,38145000,"*",0.487062904004134,0.808788410032639,3.82262996941896
"chr21",38145001,38150000,"*",0.371181177523054,0.728331098419309,-3.8093338651775
"chr21",38150001,38155000,"*",0.133319855472233,0.495631191945954,5.49149022952279
"chr21",38155001,38160000,"*",0.605997306491844,0.866152418658405,2.40502450980392
"chr21",38160001,38165000,"*",0.850360761269974,0.959259638760884,-0.842146494320406
"chr21",38165001,38170000,"*",0.0199819943884677,0.215450031519828,-8.96452540747843
"chr21",38170001,38175000,"*",0.877518573404827,0.969507325103692,-0.576195390436873
"chr21",38175001,38180000,"*",0.237108192681084,0.628296492479466,5.36893482629917
"chr21",38180001,38185000,"*",0.809381862953427,0.946746065901463,1.36608597568618
"chr21",38185001,38190000,"*",0.747055320573823,0.920887394861658,2.27272727272727
"chr21",38195001,38200000,"*",0.211861864656182,0.602343809317888,9.14808461978274
"chr21",38200001,38205000,"*",0.497954711820086,0.813391173918986,3.52854692477333
"chr21",38205001,38210000,"*",0.315921737192637,0.689294204956338,-5.02461033634126
"chr21",38210001,38215000,"*",0.159445364433721,0.532883808486581,-6.05156210312421
"chr21",38215001,38220000,"*",0.0346732269985274,0.277622762869758,-10.4347041847042
"chr21",38220001,38225000,"*",0.209372056035582,0.599729162627034,8.5422068568136
"chr21",38225001,38230000,"*",0.242784322014205,0.62944339640872,-5.32931121166414
"chr21",38230001,38235000,"*",0.807591297271274,0.945689398619149,1.66666666666666
"chr21",38235001,38240000,"*",0.276548522793751,0.657441779044399,-4.58139764752398
"chr21",38240001,38245000,"*",0.686394735408279,0.89809658351583,-1.6326530612245
"chr21",38245001,38250000,"*",0.328305628002804,0.695462320247531,6.46182814104758
"chr21",38250001,38255000,"*",0.100884099899148,0.445207295851229,-8.22083766009
"chr21",38255001,38260000,"*",0.0523194446728061,0.339304147647442,9.10554284162755
"chr21",38260001,38265000,"*",0.287704301421793,0.666851710845765,3.4393878372936
"chr21",38265001,38270000,"*",0.586125734481948,0.856289258812987,2.75198938992043
"chr21",38270001,38275000,"*",0.644880341913262,0.880638935886507,1.7456151314419
"chr21",38275001,38280000,"*",0.00085542760212932,0.0464921113071564,19.1458947556509
"chr21",38280001,38285000,"*",0.278561795595655,0.657638258414441,-3.67980884109916
"chr21",38285001,38290000,"*",0.537036901632376,0.831383196705431,2.3565670934092
"chr21",38290001,38295000,"*",0.415432938843787,0.760958680672207,3.79041248606465
"chr21",38295001,38300000,"*",0.471054882354999,0.798918172003774,-3.04951690821256
"chr21",38300001,38305000,"*",0.330264361225787,0.697015448639231,4.18918918918919
"chr21",38305001,38310000,"*",0.929101892506312,0.988314077241041,-0.385728061716484
"chr21",38310001,38315000,"*",0.36639755786971,0.725321245154393,-3.5
"chr21",38315001,38320000,"*",0.0489060226506457,0.333803068279593,-7.8904109589041
"chr21",38320001,38325000,"*",0.291617630616075,0.670177163527626,-3.07692307692308
"chr21",38325001,38330000,"*",0.462017989319998,0.792423892311715,3.00813008130082
"chr21",38330001,38335000,"*",0.909702802283217,0.982508921662173,0.667828106852497
"chr21",38335001,38340000,"*",0.432554640699771,0.774422267734079,2.90322580645161
"chr21",38340001,38345000,"*",0.14768917030722,0.517316824743277,-5.09835407466881
"chr21",38345001,38350000,"*",0.486052910827864,0.808554652891595,-2.0641646489104
"chr21",38350001,38355000,"*",0.940287198968583,0.989912530272558,0.361811391223155
"chr21",38355001,38360000,"*",0.00140458072296332,0.0598063064115123,17.9652971026355
"chr21",38360001,38365000,"*",0.683196491099156,0.89731413878381,1.93380104335312
"chr21",38365001,38370000,"*",0.40248591600092,0.754450450102251,-4.23645320197045
"chr21",38370001,38375000,"*",0.0422058481129231,0.309349359390525,-11.7274439308338
"chr21",38375001,38380000,"*",0.00109217915525163,0.0510896687560543,-17.8509745867259
"chr21",38380001,38385000,"*",0.44741858828072,0.781366064276937,2.92125984251969
"chr21",38385001,38390000,"*",0.694680791915617,0.899803895447492,-2.19298245614035
"chr21",38390001,38395000,"*",0.954961132735872,0.99426621518398,0.18936877076412
"chr21",38395001,38400000,"*",0.243299543544143,0.62944339640872,-3.73055905842791
"chr21",38400001,38405000,"*",0.429664266971914,0.772121624952084,3.08031366921224
"chr21",38405001,38410000,"*",0.95775096955076,0.994618979526121,-0.262843488649944
"chr21",38410001,38415000,"*",0.657770505822106,0.885622146030948,2.08791208791209
"chr21",38415001,38420000,"*",0.00208452977920113,0.0711237353537318,-12.6428734247289
"chr21",38420001,38425000,"*",0.0393111388426539,0.29876465520417,-9.78494623655914
"chr21",38425001,38430000,"*",0.642142316271877,0.879865478365485,-1.24494573313471
"chr21",38430001,38435000,"*",0.744590914784079,0.9196194889199,0.993031358885021
"chr21",38435001,38440000,"*",0.0522480179594832,0.339304147647442,7.42175856929955
"chr21",38440001,38445000,"*",0.866648121471359,0.966501495189092,-0.608762754008396
"chr21",38445001,38450000,"*",0.677610884238156,0.895790274543438,-2.17391304347826
"chr21",38450001,38455000,"*",0.105769241080635,0.452836641167394,-7.19061114744568
"chr21",38455001,38460000,"*",0.650841252160111,0.883822137998266,-1.76718258910039
"chr21",38460001,38465000,"*",0.853904413829616,0.96089875469963,0.777338603425559
"chr21",38465001,38470000,"*",0.69402088631973,0.899803895447492,1.58508158508158
"chr21",38470001,38475000,"*",0.849087459737045,0.958581153356581,0.923076923076921
"chr21",38475001,38480000,"*",0.730051824152364,0.913736133185062,1.55471397249352
"chr21",38480001,38485000,"*",0.942922948935172,0.991161759653743,-0.316818335018543
"chr21",38485001,38490000,"*",0.588062945904843,0.85680514820526,2.49355272238567
"chr21",38490001,38495000,"*",0.53129716911554,0.828899045468763,3.11671087533156
"chr21",38495001,38500000,"*",0.220435264865668,0.612878948197541,-3.65189845179137
"chr21",38500001,38505000,"*",0.10401496008083,0.450539229432062,-6.53546842262797
"chr21",38505001,38510000,"*",0.0210631942437742,0.219579764745453,-11.9979629943982
"chr21",38510001,38515000,"*",0.0537886379598292,0.344384448868487,5.50008607333448
"chr21",38515001,38520000,"*",0.238124542137133,0.628614719932245,-7.30134158926728
"chr21",38520001,38525000,"*",0.724292220554103,0.91161692147497,-1.3850920357208
"chr21",38525001,38530000,"*",0.112803615982693,0.461588719649785,-4.82587651989139
"chr21",38530001,38535000,"*",0.735936313960261,0.916514768472463,1.00933690671738
"chr21",38535001,38540000,"*",0.544154595303117,0.834965672916922,-2.72229381443299
"chr21",38540001,38545000,"*",0.60727946290497,0.866308632740596,-2.02297185430463
"chr21",38545001,38550000,"*",0.0129927259767121,0.179095811012326,-7.30563554092967
"chr21",38550001,38555000,"*",0.629379117100336,0.874414069805408,2.51037554408341
"chr21",38555001,38560000,"*",0.432082188264558,0.774289519117982,-3.49146110056926
"chr21",38560001,38565000,"*",0.440153878865826,0.77609274352314,-2.90491118077325
"chr21",38565001,38570000,"*",0.45082173893585,0.783892363274554,1.70046222882013
"chr21",38570001,38575000,"*",0.635019722280116,0.876563345929752,1.50413325874822
"chr21",38575001,38580000,"*",0.685367445607971,0.89798790608698,-1.03482587064676
"chr21",38580001,38585000,"*",0.0156513916015372,0.195445355317751,-5.43181213572275
"chr21",38585001,38590000,"*",0.540479384637505,0.832508780456104,1.92051375257482
"chr21",38590001,38595000,"*",0.10305476472859,0.449398527139222,6.33399427186605
"chr21",38595001,38600000,"*",0.00186277467471258,0.0682047185584867,16.3039839303649
"chr21",38600001,38605000,"*",0.00105700754858726,0.0500803623501426,8.27637206699444
"chr21",38605001,38610000,"*",0.782506987155042,0.935064153557724,0.973854133587382
"chr21",38610001,38615000,"*",0.905951381189527,0.980135408136217,0.297646587088607
"chr21",38615001,38620000,"*",0.924948160495647,0.987264970792815,0.382775119617218
"chr21",38620001,38625000,"*",0.0199048840425899,0.215450031519828,-6.92753623188406
"chr21",38625001,38630000,"*",0.628874336928491,0.874401100932692,-2.73529411764706
"chr21",38630001,38635000,"*",0.233696038518935,0.624973260749819,3.07895948434622
"chr21",38635001,38640000,"*",0.316978356078279,0.689689513613096,-5.5659592176446
"chr21",38640001,38645000,"*",0.258138305688663,0.641326175798401,4.02173913043478
"chr21",38645001,38650000,"*",0.859990382960853,0.963430728842758,0.411158807426415
"chr21",38650001,38655000,"*",0.254645191256856,0.6388849730677,3.00289987789988
"chr21",38655001,38660000,"*",0.785446574223731,0.935514287886809,-0.983681780377987
"chr21",38660001,38665000,"*",0.0556590333338249,0.347807114966034,-7.25888324873097
"chr21",38665001,38670000,"*",0.356678628624711,0.717850203043721,-2.84030010718114
"chr21",38670001,38675000,"*",0.481432936172,0.805211513571467,2.09235209235209
"chr21",38675001,38680000,"*",0.0260537990512117,0.241066637527765,-7.25796218753966
"chr21",38680001,38685000,"*",0.190140059862886,0.574670946189205,-4.53007518796993
"chr21",38685001,38690000,"*",0.773344149081271,0.932147405845657,-1.03448275862069
"chr21",38690001,38695000,"*",0.937494602673444,0.989266186235458,0.468596477968408
"chr21",38695001,38700000,"*",0.175914587420903,0.557573109411106,-5.14084507042254
"chr21",38700001,38705000,"*",0.257059739487122,0.641326175798401,-4.15364452061701
"chr21",38705001,38710000,"*",0.225006475736474,0.615154173101253,-4.55818691112809
"chr21",38710001,38715000,"*",0.556861679853209,0.840281825002087,2.17712957091524
"chr21",38715001,38720000,"*",0.0460517434865637,0.324289773438591,-7.61904761904761
"chr21",38720001,38725000,"*",0.361553457896332,0.720794183865037,2.65089923626509
"chr21",38725001,38730000,"*",0.234998433952352,0.625806603526289,2.48425116846169
"chr21",38730001,38735000,"*",0.371144458546391,0.728331098419309,3.79960962914769
"chr21",38735001,38740000,"*",0.649342083032227,0.882954515225639,-2.00612196844832
"chr21",38740001,38745000,"*",0.471567620485885,0.799056873057692,2.50773993808049
"chr21",38745001,38750000,"*",0.0619120184354024,0.360672581175808,5.42920847268673
"chr21",38750001,38755000,"*",0.131347372947501,0.49460868860619,5.8565694972539
"chr21",38755001,38760000,"*",0.879751401067687,0.96998938982212,-0.683615198770049
"chr21",38760001,38765000,"*",0.0854497019943069,0.416604126258132,6.75581395348837
"chr21",38765001,38770000,"*",0.0275357173435554,0.245654940260399,10.7139902374452
"chr21",38770001,38775000,"*",0.82181756471209,0.950898369614441,-0.856714499892919
"chr21",38775001,38780000,"*",0.28511821815726,0.664260518421345,-5.21390374331552
"chr21",38780001,38785000,"*",0.828650916555931,0.95297753031543,0.716297786720321
"chr21",38785001,38790000,"*",0.00240847583636135,0.0759085154469669,13.7412891986063
"chr21",38790001,38795000,"*",0.11518146959233,0.465627217500908,-6.49031906190346
"chr21",38795001,38800000,"*",0.0732596048438724,0.39493532324247,-4.97724951248955
"chr21",38800001,38805000,"*",0.0200222274547693,0.215553229719798,-8.95811206006023
"chr21",38805001,38810000,"*",0.668315971738011,0.890328080598487,-1.57232704402516
"chr21",38810001,38815000,"*",0.363169100057585,0.722228790213528,-2.84846670373381
"chr21",38815001,38820000,"*",0.529245157180696,0.827906161109832,-1.34746676248652
"chr21",38820001,38825000,"*",0.260386155350375,0.64397446128717,-3.44756839505393
"chr21",38825001,38830000,"*",0.306593186353918,0.684779811686666,-4.54677936461673
"chr21",38830001,38835000,"*",0.783865173647102,0.935064153557724,2.24358974358974
"chr21",38835001,38840000,"*",0.000161572067420198,0.0178301428803503,17.2043745727956
"chr21",38840001,38845000,"*",0.683641255241155,0.89731413878381,-1.35273621643779
"chr21",38845001,38850000,"*",0.0381751866317416,0.294913804418839,10.1111934766494
"chr21",38855001,38860000,"*",0.645509592691774,0.880638935886507,1.3874614594039
"chr21",38860001,38865000,"*",0.0503268246842366,0.337545558423733,-9.12604303908652
"chr21",38865001,38870000,"*",0.201732372066527,0.59152066410478,-6.6145092460882
"chr21",38870001,38875000,"*",0.0828871998848091,0.41326029446114,-6.4935064935065
"chr21",38875001,38880000,"*",0.0157620202182386,0.195445355317751,-13.5746606334842
"chr21",38880001,38885000,"*",0.103488077725074,0.44951597520908,-5.07176261893243
"chr21",38885001,38890000,"*",0.75574858644245,0.924949958685659,-2.13919413919414
"chr21",38890001,38895000,"*",0.746164053379198,0.92043047819894,-1.3047138047138
"chr21",38895001,38900000,"*",0.651868334129378,0.884198614356485,2.71505376344086
"chr21",38900001,38905000,"*",0.115752816330499,0.466863051522323,4.67853042479908
"chr21",38905001,38910000,"*",0.611823600550993,0.868076486710367,1.37732012854987
"chr21",38910001,38915000,"*",0.056066675909049,0.348066647233362,9.00479616306954
"chr21",38915001,38920000,"*",0.160472332866502,0.534907776221673,4.85289327977418
"chr21",38920001,38925000,"*",0.350594936784745,0.713573365835772,3.18424890617405
"chr21",38925001,38930000,"*",0.232092005922175,0.622350813928195,8.46113167636172
"chr21",38930001,38935000,"*",0.314647211624296,0.689294204956338,5.74328584037321
"chr21",38935001,38940000,"*",0.0011685255809878,0.0533424339892485,11.1889224892567
"chr21",38940001,38945000,"*",0.331142584325041,0.697821453178969,-1.88461538461538
"chr21",38945001,38950000,"*",0.00241103313734584,0.0759085154469669,9.04259718775847
"chr21",38950001,38955000,"*",0.566615339677906,0.845174164637319,-2.67440469067848
"chr21",38955001,38960000,"*",0.435756699863269,0.77609274352314,-3.14207650273224
"chr21",38960001,38965000,"*",0.0124181433363775,0.175653013389806,-5.70383416881182
"chr21",38965001,38970000,"*",0.652441548643366,0.884198614356485,1.44720480461412
"chr21",38970001,38975000,"*",0.949837225077725,0.993562802599026,0.142857142857133
"chr21",38975001,38980000,"*",0.424298443447077,0.768968832153704,-3.07302231237322
"chr21",38980001,38985000,"*",0.595514728955671,0.860483730275512,-1.64313816246239
"chr21",38985001,38990000,"*",0.0296984174474354,0.258071538511089,8.40968739200687
"chr21",38990001,38995000,"*",0.0685532886464693,0.380671105201169,-8.26233460263539
"chr21",38995001,39000000,"*",0.210928344158251,0.601760646785992,-5.98465605722875
"chr21",39000001,39005000,"*",0.556400474216292,0.840097795047365,2.81531531531531
"chr21",39005001,39010000,"*",0.0260612581111097,0.241066637527765,-10.3111739745403
"chr21",39010001,39015000,"*",0.84190063477519,0.956224600353471,-0.751606883682354
"chr21",39015001,39020000,"*",0.43888226552755,0.77609274352314,3.87231815803245
"chr21",39020001,39025000,"*",0.875883474925214,0.969507325103692,0.498276053831603
"chr21",39025001,39030000,"*",0.335082283619252,0.702962833137375,3.80504201680673
"chr21",39030001,39035000,"*",0.0589180413365382,0.352232506096815,5.56029248378678
"chr21",39035001,39040000,"*",0.710272427958059,0.906524308347791,1.36960600375234
"chr21",39040001,39045000,"*",0.000730846300201079,0.0424615660364759,20.4937121564974
"chr21",39045001,39050000,"*",0.547177269721473,0.835321651713779,1.93236714975846
"chr21",39050001,39055000,"*",0.0110955237278053,0.166669939757417,9.36619718309859
"chr21",39055001,39060000,"*",0.607106187272,0.866308632740596,-1.56591744613522
"chr21",39060001,39065000,"*",0.30979386083982,0.68711659762985,-2.24318658280923
"chr21",39065001,39070000,"*",0.492816645268638,0.811548610034792,2.98947368421053
"chr21",39070001,39075000,"*",0.264718456334649,0.64397446128717,-4.87870619946091
"chr21",39075001,39080000,"*",0.337780393314519,0.705674937593186,3.80065359477124
"chr21",39080001,39085000,"*",0.512161070349611,0.820157704910652,-2.16482164821649
"chr21",39085001,39090000,"*",0.355322336805024,0.716661338091876,-2.2560375501552
"chr21",39090001,39095000,"*",0.504195266268649,0.815200718001058,-2.21435718785903
"chr21",39095001,39100000,"*",0.438921371033761,0.77609274352314,-3.24945930263226
"chr21",39100001,39105000,"*",0.021964174953475,0.22182822990517,12.9607431824993
"chr21",39105001,39110000,"*",0.0486736160473997,0.333803068279593,7.36993156229303
"chr21",39110001,39115000,"*",0.372827256763478,0.729467190383315,3.05907172995781
"chr21",39115001,39120000,"*",0.227186261056242,0.617653839739339,-3.10077519379846
"chr21",39120001,39125000,"*",0.00612895925426937,0.122523549583789,11.9023047815617
"chr21",39125001,39130000,"*",0.00252031301791741,0.0773703079299538,-14.7590727029979
"chr21",39130001,39135000,"*",0.231695200869044,0.622324440012067,-4.47314049586777
"chr21",39135001,39140000,"*",0.0606180629096756,0.356308513591154,-5.9800756133234
"chr21",39140001,39145000,"*",0.0135652539687004,0.183391798846084,-9.73976272483735
"chr21",39145001,39150000,"*",0.547699474653637,0.835937322365407,-1.67807759430796
"chr21",39150001,39155000,"*",0.305919294020044,0.684355757869063,-3.43634859763892
"chr21",39155001,39160000,"*",0.73911158824833,0.91785099194237,-1.10927152317881
"chr21",39160001,39165000,"*",0.0009805042056495,0.0492353183265427,-13.1814191076702
"chr21",39165001,39170000,"*",0.837859193723137,0.956224600353471,-1.42857142857143
"chr21",39170001,39175000,"*",0.346848030184013,0.712132491878975,-3.03006329113924
"chr21",39175001,39180000,"*",0.00130734619019031,0.0574415232314867,15.6565656565656
"chr21",39180001,39185000,"*",0.0221019343661515,0.222075978634068,-8.12074001947419
"chr21",39185001,39190000,"*",0.0449579731075815,0.320212687140092,-8.24175824175825
"chr21",39190001,39195000,"*",0.141098502305043,0.506082893471658,6.61231884057971
"chr21",39195001,39200000,"*",0.555259536533288,0.839282382070339,1.94606503202644
"chr21",39200001,39205000,"*",0.381664545064171,0.738129780412963,-1.86600058771672
"chr21",39205001,39210000,"*",0.421334193029379,0.765735032104891,2.16128156394244
"chr21",39210001,39215000,"*",0.83949081385921,0.956224600353471,1.13751263902933
"chr21",39215001,39220000,"*",0.648801548169879,0.882560929495791,1.42191142191143
"chr21",39220001,39225000,"*",0.426044283169237,0.769946352359829,2.05128205128206
"chr21",39225001,39230000,"*",0.770847110093263,0.931269150018154,-1.11888111888112
"chr21",39235001,39240000,"*",0.432556547714514,0.774422267734079,2.11355159552424
"chr21",39240001,39245000,"*",0.224451918239731,0.615154173101253,-3.09653916211293
"chr21",39245001,39250000,"*",0.535604272978871,0.83104310522117,-1.50141270779947
"chr21",39250001,39255000,"*",0.0208750382243698,0.219379780580338,-7.0168404170008
"chr21",39255001,39260000,"*",0.158262800442762,0.531242048786767,-3.58833409680867
"chr21",39260001,39265000,"*",0.843359148519116,0.956224600353471,0.535868625756264
"chr21",39265001,39270000,"*",0.0994827777080964,0.443758837111623,-4.14765236791401
"chr21",39270001,39275000,"*",0.0875877694797202,0.421219095840583,2.50330738965345
"chr21",39275001,39280000,"*",0.035855979376395,0.284500603855595,5.23255813953488
"chr21",39280001,39285000,"*",0.00924145430672826,0.152505689615727,5.7158836689038
"chr21",39285001,39290000,"*",0.943661834790405,0.99140800641826,-0.16363933889707
"chr21",39290001,39295000,"*",0.536431676506018,0.831383196705431,-0.949675324675325
"chr21",39295001,39300000,"*",0.16215145087291,0.536908062434045,3.95227939216209
"chr21",39300001,39305000,"*",0.759388648452018,0.926591881232864,0.71909927679159
"chr21",39305001,39310000,"*",0.0977791442744907,0.440875686669567,3.24722293980884
"chr21",39310001,39315000,"*",0.0197820216541378,0.21512123791125,13.7461421643071
"chr21",39315001,39320000,"*",0.160850130967108,0.53565912870619,-5.5537823172678
"chr21",39320001,39325000,"*",0.0518240093711498,0.339292280957413,-6.72454885938032
"chr21",39325001,39330000,"*",0.274845197325002,0.655859381260952,-2.35042735042735
"chr21",39330001,39335000,"*",0.173231855225218,0.555828362498074,-2.87420679357969
"chr21",39335001,39340000,"*",0.187685762167989,0.572176673166248,3.05039058202223
"chr21",39340001,39345000,"*",0.0189218030655465,0.212923767589813,6.18285232778597
"chr21",39345001,39350000,"*",0.203689105056441,0.592933502503843,4.64285714285714
"chr21",39350001,39355000,"*",0.843005360362228,0.956224600353471,-0.618266978922721
"chr21",39355001,39360000,"*",0.301598557134216,0.680683753723209,-2.05263157894737
"chr21",39360001,39365000,"*",2.60624058591685e-08,3.6643742637991e-05,24.8028200044063
"chr21",39365001,39370000,"*",0.0336925189121916,0.275096873348092,4.47064855165342
"chr21",39370001,39375000,"*",0.0221128285979869,0.222075978634068,-9.52541410988543
"chr21",39375001,39380000,"*",0.0424629035327183,0.309983605228462,-7.05128205128205
"chr21",39380001,39385000,"*",0.0040010421814776,0.0989152395051188,-12.2602739726027
"chr21",39385001,39390000,"*",0.823004409426535,0.950898369614441,-0.904183535762493
"chr21",39390001,39395000,"*",0.360905469812614,0.720794183865037,-1.86766431924883
"chr21",39395001,39400000,"*",0.00152139419607212,0.0620752470578242,-7.63340048556227
"chr21",39400001,39405000,"*",0.515866643029533,0.821139902545839,1.11420982735724
"chr21",39405001,39410000,"*",0.40886686754861,0.759205475935649,2.22059838428125
"chr21",39410001,39415000,"*",0.170502219226262,0.551348022612983,-3.28317373461012
"chr21",39415001,39420000,"*",0.302308842947597,0.680945583441721,-2.29687221793579
"chr21",39420001,39425000,"*",0.24215413533198,0.62944339640872,-3.9039039039039
"chr21",39425001,39430000,"*",0.186687012341084,0.572122650065984,-3.17135549872123
"chr21",39430001,39435000,"*",0.926315753534767,0.987264970792815,-0.352038671710808
"chr21",39435001,39440000,"*",0.242259212112571,0.62944339640872,4.56054516861786
"chr21",39440001,39445000,"*",0.26277449148971,0.64397446128717,5.19361168376344
"chr21",39445001,39450000,"*",2.70055829708397e-17,1.89849248285003e-13,40.9099842767296
"chr21",39450001,39455000,"*",0.223297216130024,0.614510901339307,3.06039331290485
"chr21",39455001,39460000,"*",0.486701150068381,0.808788410032639,-2.25311601150527
"chr21",39460001,39465000,"*",0.0473008320996182,0.328906874045812,6.20006507356928
"chr21",39465001,39470000,"*",0.163780061065182,0.53978931947694,-4.63356973995273
"chr21",39475001,39480000,"*",0.196607330614332,0.584171400768706,4.6386771180071
"chr21",39480001,39485000,"*",0.299052454661795,0.677881367935385,-3.29850182550673
"chr21",39485001,39490000,"*",0.0268678872082319,0.2428103635193,6.16471734892787
"chr21",39490001,39495000,"*",0.272573714868963,0.653818264046569,3.8453692370461
"chr21",39495001,39500000,"*",0.160224258498328,0.534587820238843,6.93912303107705
"chr21",39500001,39505000,"*",0.736632291218113,0.916806097296419,0.857142857142867
"chr21",39505001,39510000,"*",0.769804289640675,0.93101273346254,-0.687994496044042
"chr21",39510001,39515000,"*",0.0279871964658449,0.247484265603635,-8.11792352061524
"chr21",39515001,39520000,"*",0.465402608517595,0.793940545664498,-2.70186335403727
"chr21",39520001,39525000,"*",0.188677311659501,0.573022314009978,7.77591973244147
"chr21",39525001,39530000,"*",0.515078224327629,0.821139902545839,3.2422417786012
"chr21",39530001,39535000,"*",0.337216877777403,0.705043467821136,-3.2001115993583
"chr21",39535001,39540000,"*",0.896179268481476,0.977068898483991,-0.572767508461336
"chr21",39540001,39545000,"*",0.125231957708528,0.485844148431438,-6.20099786172488
"chr21",39545001,39550000,"*",0.516390114078087,0.821183779495535,-3.61472833408172
"chr21",39550001,39555000,"*",0.246500672301789,0.63149069486856,8.13271050425202
"chr21",39555001,39560000,"*",0.972987072219994,0.998263152029562,-0.101214574898789
"chr21",39560001,39565000,"*",0.315957385493482,0.689294204956338,-4.26912119219812
"chr21",39565001,39570000,"*",0.492996875112539,0.811655276824626,-2.53207900807382
"chr21",39570001,39575000,"*",0.263600990722415,0.64397446128717,-4.77414007459594
"chr21",39580001,39585000,"*",0.107611577675881,0.455454178844937,-4.61090400745574
"chr21",39585001,39590000,"*",0.057560212904483,0.34988118038369,-9.49907235621521
"chr21",39590001,39595000,"*",0.0637723587174787,0.365088524799989,-7.56074385774399
"chr21",39595001,39600000,"*",0.173012809532272,0.555828362498074,4.45865776789025
"chr21",39600001,39605000,"*",0.178021112090141,0.5605584044119,-5.82805967421353
"chr21",39605001,39610000,"*",0.0568201775922828,0.349185225229262,6.83953033268101
"chr21",39610001,39615000,"*",0.439930947768183,0.77609274352314,3.27731092436975
"chr21",39615001,39620000,"*",0.918026440929114,0.98515867843877,0.533926585094546
"chr21",39620001,39625000,"*",0.112285787096176,0.461588719649785,-8.22303282959874
"chr21",39625001,39630000,"*",0.0381251452069915,0.294851233008966,6.41612487780656
"chr21",39630001,39635000,"*",0.445632673686831,0.780919385488544,2.72738685581571
"chr21",39635001,39640000,"*",0.824545410195463,0.950898369614441,-0.849802371541497
"chr21",39640001,39645000,"*",0.914460662748088,0.983502787643196,0.430252449328694
"chr21",39645001,39650000,"*",0.0884992327768686,0.422943308240236,-6.52654867256637
"chr21",39650001,39655000,"*",0.385880729787168,0.741660502568503,-2.52678714217176
"chr21",39655001,39660000,"*",0.310579369411973,0.687823585209734,4.77374593233868
"chr21",39660001,39665000,"*",0.00897805537092356,0.151356664886313,9.60583366180527
"chr21",39665001,39670000,"*",0.141720903160052,0.507538435667429,-4.65869106263195
"chr21",39670001,39675000,"*",0.633107027116875,0.876261995132442,-1.72492500326072
"chr21",39675001,39680000,"*",0.565698029085182,0.844820651121783,-1.99070420064895
"chr21",39680001,39685000,"*",0.755619738046965,0.924949958685659,-1.30325814536341
"chr21",39685001,39690000,"*",0.0604624058763878,0.355690973482014,6.0394265232975
"chr21",39690001,39695000,"*",0.013260471576599,0.182072490592755,6.62802699483922
"chr21",39695001,39700000,"*",0.325687578483549,0.694866062743354,-3.81045432340009
"chr21",39700001,39705000,"*",0.121901519488797,0.479556621156264,-8.84557721139431
"chr21",39705001,39710000,"*",0.854109538914119,0.96089875469963,-0.884955752212391
"chr21",39710001,39715000,"*",0.156858641746991,0.528999313892791,-4.87451737451737
"chr21",39715001,39720000,"*",0.080821736221962,0.410176724028925,-9.0944985522506
"chr21",39720001,39725000,"*",0.41586989294158,0.760994001526401,3.42062093687344
"chr21",39725001,39730000,"*",0.0637736427388885,0.365088524799989,-6.2136185190199
"chr21",39730001,39735000,"*",0.000917610444199701,0.0482030300793766,-9.58977233298636
"chr21",39735001,39740000,"*",0.135507036421139,0.498490039791004,4.19848158541626
"chr21",39740001,39745000,"*",0.253685075598535,0.637921086121761,-4.26300578034682
"chr21",39745001,39750000,"*",0.456181344541038,0.787541583846545,-2.31589903721051
"chr21",39750001,39755000,"*",0.694743238696454,0.899803895447492,2.07413354743744
"chr21",39755001,39760000,"*",0.514664622203511,0.821139902545839,-2.57623171530456
"chr21",39760001,39765000,"*",0.0910035283632469,0.430024118503174,-7.25108950720751
"chr21",39765001,39770000,"*",0.254234523063248,0.638718741139954,-4.35165609584214
"chr21",39770001,39775000,"*",0.885851228037809,0.973204271465197,0.509945138603562
"chr21",39775001,39780000,"*",0.242486325368735,0.62944339640872,5.85311240483655
"chr21",39780001,39785000,"*",0.20239876745404,0.591873267554868,6.48496240601504
"chr21",39785001,39790000,"*",0.554205425861786,0.839282382070339,2.88600288600288
"chr21",39790001,39795000,"*",0.000943903745197926,0.0484353527645359,-12.4910118130457
"chr21",39795001,39800000,"*",0.428500668489582,0.770769856154656,-2.59227467811158
"chr21",39800001,39805000,"*",0.647376026910353,0.881667092599859,-1.57791479820628
"chr21",39805001,39810000,"*",0.393967249791405,0.74853777460367,-3.85487528344671
"chr21",39810001,39815000,"*",0.522108719791025,0.822795604292884,-3.59638905066978
"chr21",39815001,39820000,"*",0.106898699572066,0.45455667787782,-12.2893772893773
"chr21",39820001,39825000,"*",0.518292545824513,0.822454668297301,-2.61538461538462
"chr21",39825001,39830000,"*",0.310424492168422,0.687823585209734,5.99362803663879
"chr21",39830001,39835000,"*",0.690720484563654,0.899201468470827,-2.00987906659853
"chr21",39835001,39840000,"*",0.57431407165152,0.848912515498358,3.7037037037037
"chr21",39840001,39845000,"*",0.134887240575787,0.497250813449284,-6.28571428571428
"chr21",39845001,39850000,"*",0.059489802610534,0.353519283475954,7.23083611070859
"chr21",39850001,39855000,"*",0.59759954131237,0.861018439738576,-2.19923788786064
"chr21",39855001,39860000,"*",0.058036209823845,0.350209918507837,-9.26238738738738
"chr21",39860001,39865000,"*",0.526680952496824,0.82572861196536,3.29280648429585
"chr21",39865001,39870000,"*",0.457539381419598,0.787972036104795,3.25411257241933
"chr21",39870001,39875000,"*",0.807327407935974,0.945603411827707,-0.624477861319961
"chr21",39875001,39880000,"*",0.931615471699412,0.988716299222051,-0.298426478567548
"chr21",39880001,39885000,"*",0.626102860988053,0.873444481193396,-1.65045836383283
"chr21",39885001,39890000,"*",0.91674366790139,0.984676544743587,0.414131169709264
"chr21",39890001,39895000,"*",0.120021789981495,0.476427545776346,5.11195377392561
"chr21",39895001,39900000,"*",0.645781552789207,0.880839021363625,1.58730158730159
"chr21",39900001,39905000,"*",0.598770913791231,0.861679739132021,-2.27711022103545
"chr21",39905001,39910000,"*",0.0388459068359586,0.297804498426161,6.99826489300174
"chr21",39910001,39915000,"*",0.25806460944934,0.641326175798401,4.40011318619129
"chr21",39915001,39920000,"*",0.288681409540194,0.667479336133285,4.39921883030116
"chr21",39920001,39925000,"*",0.767954800727955,0.930974693760566,-0.962781080382524
"chr21",39925001,39930000,"*",0.660054989075867,0.887055357140765,-1.89247311827957
"chr21",39930001,39935000,"*",0.105562129911858,0.452501081268512,9.61704961704962
"chr21",39935001,39940000,"*",0.0760569122558636,0.402043720632155,7.68853378188954
"chr21",39940001,39945000,"*",0.064697613014359,0.367835709229903,-10.3157894736842
"chr21",39945001,39950000,"*",0.719965457105059,0.910479791949733,2.14556857567256
"chr21",39950001,39955000,"*",0.769938293651048,0.93101273346254,1.12660798916723
"chr21",39955001,39960000,"*",0.534867562809744,0.83104310522117,2.54355253722529
"chr21",39960001,39965000,"*",0.396874720101954,0.750221917598643,4.39542483660131
"chr21",39965001,39970000,"*",0.871660563637689,0.967947913537752,1.00882723833543
"chr21",39970001,39975000,"*",0.351480237417148,0.714093204856952,-4.41468253968254
"chr21",39975001,39980000,"*",0.0490021004928221,0.333803068279593,-6.44962020682712
"chr21",39980001,39985000,"*",0.410814419486509,0.759205475935649,-3.3965344048217
"chr21",39985001,39990000,"*",0.84128139196412,0.956224600353471,0.669452828728423
"chr21",39990001,39995000,"*",0.933996844244643,0.989266186235458,0.404858299595146
"chr21",39995001,40000000,"*",0.0888640701071904,0.424110259914154,-10.4713804713805
"chr21",40000001,40005000,"*",0.201904239361197,0.59152066410478,4.99571109967405
"chr21",40005001,40010000,"*",0.225932369255974,0.615154173101253,6.48401283727564
"chr21",40010001,40015000,"*",0.679432806527143,0.89596935469627,-1.29968108089572
"chr21",40015001,40020000,"*",0.307946771766828,0.685517987815327,4.11147090570111
"chr21",40020001,40025000,"*",0.134603338020555,0.496868889625864,-8.81272949816402
"chr21",40025001,40030000,"*",0.252115219312037,0.635941870026415,5.43900543900544
"chr21",40030001,40035000,"*",0.0201024492499289,0.215788371147592,-9.37019969278033
"chr21",40035001,40040000,"*",0.0376623683452639,0.292963884808353,17.4342105263158
"chr21",40040001,40045000,"*",0.468488969413406,0.79622688891286,2.22619757503478
"chr21",40045001,40050000,"*",0.00048327649311987,0.0336014694298505,-17.737003058104
"chr21",40050001,40055000,"*",0.411738449593018,0.759399848237984,3.30183887026313
"chr21",40055001,40060000,"*",0.707863536189686,0.905128025943939,-1.69540646283147
"chr21",40060001,40065000,"*",0.801912599885593,0.942401467267756,-1.09466543324083
"chr21",40065001,40070000,"*",0.00059198163236117,0.0371574185312413,15.156462585034
"chr21",40070001,40075000,"*",0.440801404311978,0.777039586838817,-2.87433155080213
"chr21",40075001,40080000,"*",0.78851766349232,0.936522921836629,-1.17038649972782
"chr21",40080001,40085000,"*",0.585372710458102,0.856019492197991,-2.24537037037037
"chr21",40085001,40090000,"*",0.902975150774048,0.979655728910809,-0.571428571428567
"chr21",40090001,40095000,"*",0.343737494061444,0.710101258669394,-4.0296052631579
"chr21",40095001,40100000,"*",0.767819946971446,0.930974693760566,1.48710647049517
"chr21",40100001,40105000,"*",0.688638738441805,0.899201468470827,-1.6276960290264
"chr21",40105001,40110000,"*",0.376910033364917,0.733982696552733,4.0377358490566
"chr21",40110001,40115000,"*",0.595962345539408,0.86064406103986,-4.48484848484849
"chr21",40115001,40120000,"*",0.414115103847074,0.760367839198177,2.39364188873306
"chr21",40120001,40125000,"*",0.274343060385333,0.654957343044636,-6.68641557342361
"chr21",40125001,40130000,"*",0.00667308431157623,0.126872687546291,-15.6986774008051
"chr21",40130001,40135000,"*",0.488148377113705,0.808788410032639,2.46605275479944
"chr21",40135001,40140000,"*",0.929408871214868,0.988314077241041,0.336347002475523
"chr21",40140001,40145000,"*",0.222828486292797,0.614261615881765,-5.19225904376422
"chr21",40145001,40150000,"*",0.350246303377802,0.713222856198645,-3.79786566227244
"chr21",40150001,40155000,"*",0.0563241448517609,0.348066647233362,11.3056878677501
"chr21",40155001,40160000,"*",0.301678271805763,0.680683753723209,-4.43009595551969
"chr21",40160001,40165000,"*",0.635278549378774,0.87662449728838,-2.40363384013627
"chr21",40165001,40170000,"*",0.0482124254807998,0.332287599147081,-5.55399193170091
"chr21",40170001,40175000,"*",0.951837046984804,0.99426621518398,0.224269608437389
"chr21",40175001,40180000,"*",0.0169159709654925,0.201217048878871,10.1831269185985
"chr21",40180001,40185000,"*",0.365997557339427,0.725253203345835,4.57589285714286
"chr21",40185001,40190000,"*",0.937887148755253,0.989266186235458,-0.307489152990004
"chr21",40190001,40195000,"*",0.953733043739004,0.99426621518398,-0.368570949907854
"chr21",40195001,40200000,"*",0.125784868190997,0.486285372492061,-5.89708275948416
"chr21",40200001,40205000,"*",0.23679855900049,0.62809833955947,-6.26417233560091
"chr21",40205001,40210000,"*",0.0954425811723128,0.435689185481402,-7.49369469499422
"chr21",40210001,40215000,"*",0.109059453950261,0.456633687474888,-8.4174872985009
"chr21",40215001,40220000,"*",0.782998201507779,0.935064153557724,-1.23847167325428
"chr21",40220001,40225000,"*",0.336752556586795,0.704586327009168,4.38998320354252
"chr21",40225001,40230000,"*",0.658137193313768,0.885622146030948,2.29184925503944
"chr21",40230001,40235000,"*",0.36635205752636,0.725321245154393,-3.33333333333333
"chr21",40235001,40240000,"*",0.277506416085498,0.657441779044399,-4.80543834974215
"chr21",40240001,40245000,"*",0.565999898588204,0.844820651121783,2.44189467490439
"chr21",40245001,40250000,"*",0.229609053644274,0.619315841032728,-7.03296703296703
"chr21",40250001,40255000,"*",0.159110469753174,0.532883808486581,-6.20505444832545
"chr21",40255001,40260000,"*",0.1909330260042,0.575784533395456,6.15183246073299
"chr21",40260001,40265000,"*",0.822845638739817,0.950898369614441,1.18762886597937
"chr21",40265001,40270000,"*",0.262387360808857,0.64397446128717,-4.54013377926421
"chr21",40270001,40275000,"*",0.0104270011274863,0.16181416760757,13.6476426799007
"chr21",40275001,40280000,"*",0.180213258214583,0.563066313443785,-6.84893675780172
"chr21",40280001,40285000,"*",0.36931011541329,0.727346661600498,3.28874901652242
"chr21",40290001,40295000,"*",0.0906662846332702,0.429504030304508,5.625
"chr21",40295001,40300000,"*",0.958682532755192,0.994618979526121,-0.191291872269206
"chr21",40300001,40305000,"*",0.630814582240269,0.875370413175896,-2.5051975051975
"chr21",40305001,40310000,"*",0.533592439541062,0.83104310522117,3.34478808705613
"chr21",40310001,40315000,"*",0.0556161484692292,0.347807114966034,-6.85080748526019
"chr21",40315001,40320000,"*",0.938557202104875,0.989362292817104,0.255464093102475
"chr21",40320001,40325000,"*",0.937452530701295,0.989266186235458,-0.317001977339071
"chr21",40325001,40330000,"*",0.416435835543679,0.760994001526401,3.77358490566038
"chr21",40330001,40335000,"*",0.725069256278171,0.911686079705874,-1.07185030429648
"chr21",40335001,40340000,"*",0.187901721801195,0.572334967184749,5.53183520599252
"chr21",40340001,40345000,"*",0.144225186265985,0.512331005280383,-5.35001097213079
"chr21",40345001,40350000,"*",0.0989877677929838,0.442370165851279,6.86720593191776
"chr21",40350001,40355000,"*",0.00729019491891687,0.133463724687463,-13.3736167734421
"chr21",40355001,40360000,"*",0.702750172667262,0.90272739099487,-1.68094924192485
"chr21",40360001,40365000,"*",0.313757496653573,0.689286000460818,5.06744440393729
"chr21",40365001,40370000,"*",0.490259124716358,0.81011025090889,-3.49025974025974
"chr21",40370001,40375000,"*",0.507190652281583,0.817411803195674,-3.19648093841641
"chr21",40375001,40380000,"*",0.47373824656912,0.799995165356934,-2.47747747747747
"chr21",40380001,40385000,"*",0.302437720167005,0.680967870947561,-3.38310882665722
"chr21",40385001,40390000,"*",0.000652109234498067,0.0395200682631156,16.3766519823789
"chr21",40390001,40395000,"*",0.328859206068501,0.69613978279481,-4.93166963755198
"chr21",40395001,40400000,"*",0.645444803792163,0.880638935886507,-1.87165775401069
"chr21",40400001,40405000,"*",0.0437413672974805,0.315710279364772,-8.94005847953217
"chr21",40405001,40410000,"*",0.502210395419368,0.815164316511133,3.07096774193548
"chr21",40410001,40415000,"*",0.0787432023371042,0.405400157271365,-9.85294117647059
"chr21",40415001,40420000,"*",0.176355701431421,0.557573109411106,-7.35294117647058
"chr21",40420001,40425000,"*",0.913746922671695,0.983502787643196,0.411184210526316
"chr21",40425001,40430000,"*",0.832944534521983,0.954769293606643,-0.855893220722415
"chr21",40430001,40435000,"*",0.631503965787478,0.875732679466869,1.46337407499791
"chr21",40435001,40440000,"*",0.134590449923201,0.496868889625864,-7.3767258382643
"chr21",40440001,40445000,"*",0.558274690615787,0.840281825002087,3.66419294990723
"chr21",40445001,40450000,"*",0.323470642377613,0.693537880242095,4.67032967032968
"chr21",40450001,40455000,"*",0.198239962348798,0.587284844210724,5.06687882253494
"chr21",40455001,40460000,"*",0.623536935083042,0.873026220600235,1.72413793103449
"chr21",40460001,40465000,"*",0.00664840764294459,0.126872687546291,-14.3111111111111
"chr21",40465001,40470000,"*",0.438981324777704,0.77609274352314,3.52390789233853
"chr21",40470001,40475000,"*",0.0640047321565916,0.365556810365041,7.64412671345183
"chr21",40475001,40480000,"*",0.146440808337821,0.514996939777328,7.74681802545579
"chr21",40480001,40485000,"*",0.683726275034521,0.89731413878381,-1.46044286191165
"chr21",40485001,40490000,"*",0.41948023389381,0.76409403610151,2.91167456115909
"chr21",40490001,40495000,"*",0.726043614824388,0.912469032864744,1.98735320686541
"chr21",40495001,40500000,"*",0.810903309489654,0.947618246367678,-1.03788271925273
"chr21",40500001,40505000,"*",0.544691794119518,0.834965672916922,-2.54759723700825
"chr21",40505001,40510000,"*",0.518553468514282,0.822454668297301,2.12288632178135
"chr21",40510001,40515000,"*",0.437833184913754,0.77609274352314,-2.79523293607801
"chr21",40515001,40520000,"*",0.159275306620051,0.532883808486581,-7.47252747252747
"chr21",40520001,40525000,"*",0.44577944437632,0.780919385488544,-2.74514504914889
"chr21",40525001,40530000,"*",0.935960799627842,0.989266186235458,-0.405797101449279
"chr21",40530001,40535000,"*",0.782662312230846,0.935064153557724,1.35282226714353
"chr21",40535001,40540000,"*",0.493519666396983,0.812135593345222,1.97481046710687
"chr21",40540001,40545000,"*",0.0183468654858692,0.209550137158279,-8.10925619132578
"chr21",40545001,40550000,"*",0.823896466345123,0.950898369614441,-0.966183574879231
"chr21",40550001,40555000,"*",0.238125767637079,0.628614719932245,4.74137931034483
"chr21",40555001,40560000,"*",0.558261645278577,0.840281825002087,-2.47871333964049
"chr21",40560001,40565000,"*",0.920461618769331,0.986409326211645,-0.412912912912911
"chr21",40565001,40570000,"*",0.129204678218659,0.490423938318804,-6.37254901960784
"chr21",40570001,40575000,"*",0.101893605324436,0.446788424716023,7.3728813559322
"chr21",40575001,40580000,"*",0.228843213231551,0.619048604431663,3.04789550072568
"chr21",40580001,40585000,"*",0.165935052811778,0.542821508267473,5.61637315564016
"chr21",40585001,40590000,"*",0.0508261726829211,0.3377202211351,-8.4732771235454
"chr21",40590001,40595000,"*",0.0157164456302395,0.195445355317751,-11.7012914093206
"chr21",40595001,40600000,"*",0.94016762068258,0.989912530272558,0.277710697899058
"chr21",40600001,40605000,"*",0.0215946108605927,0.220784128336528,-12.3326639892905
"chr21",40605001,40610000,"*",0.590802273649432,0.857163370899742,-2.72806634657355
"chr21",40610001,40615000,"*",0.412136313330578,0.759454333607855,-2.84043441938179
"chr21",40615001,40620000,"*",0.52084895921189,0.822454668297301,-2.06492853551676
"chr21",40620001,40625000,"*",0.702314445636951,0.902580695006901,-1.63964127185434
"chr21",40625001,40630000,"*",0.169107259824742,0.549364157378899,-6.41649590163934
"chr21",40630001,40635000,"*",0.0472858234423406,0.328906874045812,6.47178444331469
"chr21",40635001,40640000,"*",0.343318685858981,0.710101258669394,3.14879339269584
"chr21",40640001,40645000,"*",0.311661224290655,0.688654759673133,-4.97104561129547
"chr21",40645001,40650000,"*",0.153739712523493,0.527520553316133,7.40425531914893
"chr21",40650001,40655000,"*",0.31992915745336,0.690896714630608,-4.05596200744448
"chr21",40660001,40665000,"*",0.0147144744301883,0.189803220631603,13.4927161654135
"chr21",40665001,40670000,"*",0.15175591567244,0.524126066560091,-7.20822933212314
"chr21",40670001,40675000,"*",0.0335080428004687,0.27433095491901,-9.75633062589585
"chr21",40675001,40680000,"*",0.546617322158537,0.83506653414964,-1.875
"chr21",40680001,40685000,"*",0.88087168676791,0.970615667394735,0.596801145858206
"chr21",40685001,40690000,"*",0.284838135322597,0.664161978962893,-6.7457627118644
"chr21",40690001,40695000,"*",0.792667883329234,0.938123774377865,-0.858070500927643
"chr21",40695001,40700000,"*",0.131965928517853,0.495312588083558,6.52663165791447
"chr21",40700001,40705000,"*",0.769139644420939,0.93101273346254,1.34900990099011
"chr21",40705001,40710000,"*",0.455876043194977,0.787473949937741,3.82559305045105
"chr21",40710001,40715000,"*",0.327140488184889,0.695136369030856,-3.75484496124031
"chr21",40715001,40720000,"*",0.691984737006577,0.899399912895633,-1.5630488233228
"chr21",40720001,40725000,"*",0.0793373727813377,0.407042440779387,-7.85964912280702
"chr21",40725001,40730000,"*",0.114419271201338,0.464234239648838,5.36552649228707
"chr21",40730001,40735000,"*",0.164487608596851,0.541108043254966,6.01449275362319
"chr21",40735001,40740000,"*",0.410588717928214,0.759205475935649,4.53280968744886
"chr21",40740001,40745000,"*",0.448257373716769,0.781366064276937,-4.85692771084337
"chr21",40745001,40750000,"*",0.367293067113788,0.725361118770299,-4.66814861860909
"chr21",40750001,40755000,"*",0.715081979111199,0.908337370193564,1.62855595818235
"chr21",40755001,40760000,"*",0.162123871432067,0.536908062434045,-6.24505928853755
"chr21",40760001,40765000,"*",0.444330232496991,0.780520123551686,3.25730577334283
"chr21",40765001,40770000,"*",0.912503118300604,0.983502787643196,-0.496894409937898
"chr21",40770001,40775000,"*",0.237752878506263,0.628583202669813,-3.63054513352461
"chr21",40775001,40780000,"*",0.554830486414389,0.839282382070339,-2.28585517047056
"chr21",40780001,40785000,"*",0.430631963145324,0.773267611982536,2.43422459893048
"chr21",40785001,40790000,"*",0.0902509951238407,0.428287262810081,6.04182298633087
"chr21",40790001,40795000,"*",0.238152086366272,0.628614719932245,-3.25478245608436
"chr21",40795001,40800000,"*",0.349147495838587,0.713222856198645,7.81631656082071
"chr21",40800001,40805000,"*",0.495049387279658,0.812988035362933,-4.85714285714285
"chr21",40805001,40810000,"*",0.885241428863499,0.973118689116996,-0.547856912665157
"chr21",40810001,40815000,"*",0.241660202398892,0.62944339640872,-5.70466030320045
"chr21",40815001,40820000,"*",0.012371635697046,0.175653013389806,-8.80696246364098
"chr21",40820001,40825000,"*",0.140977536172829,0.505907135934143,6.13669213297543
"chr21",40825001,40830000,"*",0.0102042805324143,0.159870870412907,10.8747044917258
"chr21",40830001,40835000,"*",0.454307637728707,0.786121950204739,-2.69264934488119
"chr21",40835001,40840000,"*",0.418018807455897,0.762697175295863,4.07020164301718
"chr21",40840001,40845000,"*",0.000276302989190725,0.0249026924873179,-15.5918367346939
"chr21",40845001,40850000,"*",0.0201451191085145,0.215788371147592,13.4801288936627
"chr21",40850001,40855000,"*",0.817170573084119,0.949594159121394,1.19047619047619
"chr21",40855001,40860000,"*",0.253807294151147,0.637921086121761,6.16237623762376
"chr21",40860001,40865000,"*",0.217912414590031,0.611302583626464,-5.50936544342508
"chr21",40865001,40870000,"*",0.182973672862695,0.567905042041831,9.36813186813187
"chr21",40870001,40875000,"*",0.841147741142014,0.956224600353471,1.1478163493841
"chr21",40875001,40880000,"*",0.39692783543782,0.750221917598643,3.02918586789555
"chr21",40880001,40885000,"*",0.248030175694637,0.632255465618123,-3.22714451634313
"chr21",40885001,40890000,"*",0.403351133349211,0.754539240937987,3.69910282953761
"chr21",40890001,40895000,"*",0.284604401294946,0.664045450084125,4.75020475020476
"chr21",40895001,40900000,"*",0.343686457425444,0.710101258669394,4.89164086687306
"chr21",40900001,40905000,"*",0.595606519419721,0.860483730275512,-2.59259259259259
"chr21",40905001,40910000,"*",0.443404367558861,0.779679819705604,-3.11642351581685
"chr21",40910001,40915000,"*",0.0928457350526859,0.430260723414886,-6.80216802168022
"chr21",40915001,40920000,"*",0.5389316649285,0.832078355386548,-3.42105263157895
"chr21",40920001,40925000,"*",0.367300450166858,0.725361118770299,4.37340153452686
"chr21",40925001,40930000,"*",0.687219444097093,0.898351617905576,-2.30670103092784
"chr21",40930001,40935000,"*",0.243719050501356,0.62944339640872,5.48608309802339
"chr21",40935001,40940000,"*",0.682483032493188,0.89731413878381,-1.61523975083298
"chr21",40940001,40945000,"*",0.456006469559025,0.787473949937741,-4.71153846153846
"chr21",40945001,40950000,"*",0.197883371517907,0.586475590965804,6.30536737884315
"chr21",40950001,40955000,"*",0.521969888826189,0.822795604292884,4.04158980379005
"chr21",40955001,40960000,"*",0.338708307581924,0.70593519190659,3.73563218390804
"chr21",40965001,40970000,"*",0.908551122075663,0.981726773469399,0.697192387412848
"chr21",40970001,40975000,"*",0.200238670619749,0.590716682524899,-8.88186260419661
"chr21",40975001,40980000,"*",0.0795646735543351,0.407042440779387,-10.7757657053432
"chr21",40980001,40985000,"*",0.7665473083435,0.930718664161931,-3.13588850174216
"chr21",40985001,40990000,"*",0.0325147924664156,0.271794281853629,6.83928571428571
"chr21",40990001,40995000,"*",0.0219934959095168,0.22182822990517,7.78053032388293
"chr21",40995001,41000000,"*",0.868903477038437,0.967129740908837,0.680272108843538
"chr21",41000001,41005000,"*",0.378957961771238,0.735809997828906,3.31599897277863
"chr21",41005001,41010000,"*",0.0190510739422464,0.212923767589813,-9.60072231139647
"chr21",41010001,41015000,"*",0.279170010570202,0.657916585420221,3.80434782608695
"chr21",41015001,41020000,"*",0.398262040320267,0.750429243318437,-5.07462686567164
"chr21",41020001,41025000,"*",0.288799274868427,0.667479336133285,4.93340278294515
"chr21",41025001,41030000,"*",0.465409528973456,0.793940545664498,-3.9213457604001
"chr21",41030001,41035000,"*",0.197770377499555,0.586475590965804,6.63461538461538
"chr21",41035001,41040000,"*",0.0930875177482733,0.431097002483769,-6.98014629049112
"chr21",41040001,41045000,"*",0.559275823988239,0.841036444937441,-2.11213517665131
"chr21",41045001,41050000,"*",0.00304109954400982,0.0838389403701531,-12.3868778280543
"chr21",41050001,41055000,"*",0.640413429489853,0.879022999055997,1.11274654106565
"chr21",41055001,41060000,"*",0.0153602740467932,0.194213536958555,-9.7703081232493
"chr21",41060001,41065000,"*",0.782759447384244,0.935064153557724,-0.82661850514032
"chr21",41065001,41070000,"*",0.13650822481971,0.499801851562113,6.6238046355827
"chr21",41070001,41075000,"*",0.0380518153942763,0.294851233008966,-8.75880758807588
"chr21",41075001,41080000,"*",0.0834867868067809,0.414778877209661,-4.47292328561739
"chr21",41080001,41085000,"*",0.542497349405702,0.834130572967314,-3.23362123446387
"chr21",41085001,41090000,"*",0.708659933008644,0.9054953376099,1.05046814341173
"chr21",41090001,41095000,"*",0.11193421802136,0.461404660244149,6.44978033631268
"chr21",41095001,41100000,"*",0.111969185935871,0.461404660244149,-8.64285714285714
"chr21",41100001,41105000,"*",0.325045567551448,0.694839461331873,-4.29854576561163
"chr21",41105001,41110000,"*",0.931050674987685,0.988713934314717,-0.366430260047279
"chr21",41110001,41115000,"*",0.614045823393835,0.868734582100756,-2.23763000315159
"chr21",41115001,41120000,"*",0.140832282669681,0.505643997532102,-6.78084457348671
"chr21",41120001,41125000,"*",0.407066990926416,0.757136826965613,3.4559686888454
"chr21",41125001,41130000,"*",0.960495832822016,0.995102322258115,0.130208333333337
"chr21",41130001,41135000,"*",0.59527882747246,0.86036393033129,2.61360651431574
"chr21",41135001,41140000,"*",0.108845045030319,0.456551710359871,-5.98858329008822
"chr21",41140001,41145000,"*",0.343391892102744,0.710101258669394,2.96991907161398
"chr21",41145001,41150000,"*",0.0384738003400738,0.29560285599997,-8.26024270094917
"chr21",41155001,41160000,"*",0.620143846385632,0.871732022588764,1.54134255257851
"chr21",41160001,41165000,"*",0.505881502421966,0.816050243695828,2.15255966551303
"chr21",41165001,41170000,"*",0.034974091870409,0.278761752663238,10.5956607495069
"chr21",41170001,41175000,"*",0.0849042741147415,0.416604126258132,-6.44940698792607
"chr21",41175001,41180000,"*",0.0871557132568752,0.420236395196044,5.81588567630441
"chr21",41180001,41185000,"*",0.51712295939546,0.821553537751431,-2.23146105548956
"chr21",41185001,41190000,"*",0.344717716530124,0.710247815711245,3.3759661710166
"chr21",41190001,41195000,"*",0.245252571793981,0.630306429305182,-3.89427312775331
"chr21",41195001,41200000,"*",0.947527187015563,0.99244032831186,0.25138260432378
"chr21",41200001,41205000,"*",0.624971219024492,0.873444481193396,-1.09348284226013
"chr21",41205001,41210000,"*",0.107011564991151,0.45455667787782,-5.0737639553429
"chr21",41210001,41215000,"*",0.878006286117141,0.969507325103692,-0.442282176028308
"chr21",41215001,41220000,"*",0.0255978579414841,0.239217027624761,-6.81779981511052
"chr21",41220001,41225000,"*",0.826046656623342,0.95139287437992,-0.44876106928613
"chr21",41225001,41230000,"*",0.27733541574535,0.657441779044399,-2.73599192327107
"chr21",41230001,41235000,"*",0.487847783836986,0.808788410032639,-1.81967718721086
"chr21",41235001,41240000,"*",0.816246287477168,0.94956950144767,0.530818927885457
"chr21",41240001,41245000,"*",0.149455326743012,0.520907757562407,4.02052050609563
"chr21",41245001,41250000,"*",0.787323351454973,0.936202863571426,-0.891715281792549
"chr21",41250001,41255000,"*",0.283836261737112,0.66301716115195,-3.02081986292513
"chr21",41255001,41260000,"*",0.054273538897301,0.344756826005419,5.49830604178431
"chr21",41260001,41265000,"*",0.382732787128621,0.738948202582677,4.05471421592575
"chr21",41265001,41270000,"*",0.686539265976397,0.89809658351583,-1.09607351712615
"chr21",41270001,41275000,"*",0.168020920063805,0.546845864837291,2.92996187035922
"chr21",41275001,41280000,"*",0.753232221038019,0.924283908866691,-0.874042145593878
"chr21",41280001,41285000,"*",0.266467501257791,0.645951332390653,4.82426738172763
"chr21",41285001,41290000,"*",0.727051644785702,0.913282717332504,-1.92771084337349
"chr21",41295001,41300000,"*",0.499548744045904,0.813391173918986,-6.22340425531915
"chr21",41300001,41305000,"*",0.819176722364705,0.950118262961392,-0.738356683074592
"chr21",41305001,41310000,"*",0.0278070706771843,0.246822862197735,8.57142857142857
"chr21",41310001,41315000,"*",0.535100675372506,0.83104310522117,-3.79665379665379
"chr21",41315001,41320000,"*",0.498739422818663,0.813391173918986,3.04790772080492
"chr21",41320001,41325000,"*",0.69606433122384,0.90016686487122,-0.909466721785868
"chr21",41325001,41330000,"*",0.0947425127415331,0.433951893177706,-4.79673797229735
"chr21",41330001,41335000,"*",0.970803278273619,0.997143855920606,-0.153452685421995
"chr21",41335001,41340000,"*",0.239018909316864,0.628800559721356,-2.90655339805825
"chr21",41340001,41345000,"*",0.794537979542932,0.938914438760601,0.710424710424706
"chr21",41345001,41350000,"*",0.348410389724248,0.713063741720566,-3.61665434836166
"chr21",41350001,41355000,"*",0.556787944511433,0.840281825002087,2.05342902711324
"chr21",41355001,41360000,"*",0.323117683611644,0.693324643484115,-3.86559619387452
"chr21",41360001,41365000,"*",0.38630709713804,0.741660502568503,3.7379493244454
"chr21",41365001,41370000,"*",0.00208558300145457,0.0711237353537318,11.9514665929917
"chr21",41370001,41375000,"*",0.530871446404504,0.828761030092149,2.46288209606987
"chr21",41375001,41380000,"*",0.303959989982718,0.681563366388436,2.4
"chr21",41380001,41385000,"*",0.0837447100074526,0.415046787311127,-4.09013605442178
"chr21",41385001,41390000,"*",0.361264123856531,0.720794183865037,-1.54701718907988
"chr21",41390001,41395000,"*",0.635939707476977,0.876891075499962,0.9737066421874
"chr21",41395001,41400000,"*",0.439789063383052,0.77609274352314,2.68402056217872
"chr21",41400001,41405000,"*",0.783701087560008,0.935064153557724,-0.694113283526732
"chr21",41405001,41410000,"*",0.947547579463614,0.99244032831186,-0.212516326124013
"chr21",41410001,41415000,"*",0.0103864548187765,0.16181416760757,-6.71641791044776
"chr21",41415001,41420000,"*",0.677914145008157,0.895790274543438,-1.58604282315623
"chr21",41420001,41425000,"*",0.702420907878059,0.902580695006901,1.94617340229684
"chr21",41425001,41430000,"*",0.569230293492688,0.846346995240487,2.61219273848005
"chr21",41430001,41435000,"*",0.0416550588711145,0.307972813839798,-5.33485649007568
"chr21",41435001,41440000,"*",0.10849708239955,0.456057035516478,-3.46558783388574
"chr21",41440001,41445000,"*",0.000497091439645014,0.0336014694298505,-7.86297640653357
"chr21",41445001,41450000,"*",0.314811987280798,0.689294204956338,2.22007722007722
"chr21",41450001,41455000,"*",0.152402271978427,0.524599393019694,4.3368237347295
"chr21",41455001,41460000,"*",0.572067111824058,0.848087683703738,1.73656983684839
"chr21",41460001,41465000,"*",0.843264707855463,0.956224600353471,1.21800361594824
"chr21",41465001,41470000,"*",2.55667633552483e-06,0.00105726086110233,-15.4709855472438
"chr21",41470001,41475000,"*",0.092733508342932,0.430024118503174,-6.31835269993165
"chr21",41475001,41480000,"*",0.835262768357028,0.955701718644841,-0.795668549905837
"chr21",41480001,41485000,"*",0.117485979703814,0.470881663237067,4.5223715825703
"chr21",41485001,41490000,"*",0.0138965523806353,0.185369145404233,-8.77396516591554
"chr21",41490001,41495000,"*",0.0981241224394663,0.441338823256205,4.60269214068606
"chr21",41495001,41500000,"*",0.316016390124364,0.689294204956338,-3.23081844354065
"chr21",41500001,41505000,"*",0.00424764567108152,0.101328016554936,11.5802037974404
"chr21",41505001,41510000,"*",0.00240069028159847,0.0759085154469669,15.1727357609711
"chr21",41510001,41515000,"*",0.602690573465451,0.864343315999756,2.11388074291301
"chr21",41515001,41520000,"*",0.161530715733838,0.536908062434045,-5.43972199946539
"chr21",41525001,41530000,"*",0.0742576523602646,0.396683633304853,-6.47853322511498
"chr21",41530001,41535000,"*",0.420805187003809,0.765397274162167,2.65253875693358
"chr21",41535001,41540000,"*",0.0946103359324462,0.433862140642594,-5.0823192555476
"chr21",41540001,41545000,"*",0.176827907847556,0.558194967296057,5.11111111111111
"chr21",41545001,41550000,"*",0.283301739448432,0.662915385248432,-5.33901080904029
"chr21",41550001,41555000,"*",0.520508747532407,0.822454668297301,1.68872378298893
"chr21",41555001,41560000,"*",0.861303146897963,0.964193070459456,-0.734265734265727
"chr21",41560001,41565000,"*",0.0417055645484336,0.307972813839798,7.58379569810748
"chr21",41565001,41570000,"*",0.0477616551434744,0.329964799093914,9.83400402414486
"chr21",41570001,41575000,"*",0.836980826881846,0.956224600353471,0.879520440251569
"chr21",41575001,41580000,"*",0.799767946965012,0.94145490073075,1.64690382081687
"chr21",41580001,41585000,"*",0.875231249871003,0.969507325103692,-0.565610859728505
"chr21",41585001,41590000,"*",0.661141733460432,0.887324855197383,-1.46648823463812
"chr21",41590001,41595000,"*",0.569440449695803,0.846346995240487,1.93671692503716
"chr21",41595001,41600000,"*",0.751145892863857,0.922859134011335,1.24031007751938
"chr21",41600001,41605000,"*",0.225457545804807,0.615154173101253,4.29118773946361
"chr21",41605001,41610000,"*",0.692915458048298,0.89959023877653,-0.976631061631816
"chr21",41610001,41615000,"*",0.014374959266764,0.18818615203976,-8.44482205681736
"chr21",41615001,41620000,"*",0.402552437885284,0.754450450102251,2.53731343283582
"chr21",41620001,41625000,"*",0.439530619972806,0.77609274352314,-2.19401211488857
"chr21",41625001,41630000,"*",0.0171557912719849,0.202517731981711,-8.45653117315203
"chr21",41630001,41635000,"*",0.733313564813121,0.91562341766511,-0.837562747871423
"chr21",41635001,41640000,"*",0.371047709094797,0.728331098419309,3.55466384009692
"chr21",41640001,41645000,"*",0.542619678322776,0.834130572967314,2.67462267462267
"chr21",41645001,41650000,"*",0.00270985081524572,0.0797848683834053,-6.56425627575871
"chr21",41650001,41655000,"*",0.618458157552693,0.871444344065783,-1.53515363096202
"chr21",41655001,41660000,"*",0.267066971881098,0.646515431241088,4.95519956557154
"chr21",41660001,41665000,"*",0.780846129405007,0.934539230342253,0.993086109365182
"chr21",41665001,41670000,"*",0.00613489181415274,0.122523549583789,10.6305018097323
"chr21",41670001,41675000,"*",0.110433967343002,0.460469033464594,-5.86635586635587
"chr21",41675001,41680000,"*",0.853229350901389,0.96089875469963,0.719187318330283
"chr21",41680001,41685000,"*",0.937903148116547,0.989266186235458,0.238018827556696
"chr21",41685001,41690000,"*",0.568610887172306,0.846175812197568,1.22769193915439
"chr21",41690001,41695000,"*",0.18237573270979,0.567210395087099,6.03630426431041
"chr21",41695001,41700000,"*",0.709213508521415,0.905731731588458,0.94352908041121
"chr21",41700001,41705000,"*",0.522315709412304,0.822815334071301,2.73557492735574
"chr21",41705001,41710000,"*",0.438778047729211,0.77609274352314,3.35843474752908
"chr21",41710001,41715000,"*",0.415482894802142,0.760958680672207,3.57126206349946
"chr21",41715001,41720000,"*",0.918836630908055,0.985300801088321,0.408048402982975
"chr21",41720001,41725000,"*",0.677934943022401,0.895790274543438,-1.4405762304922
"chr21",41725001,41730000,"*",0.000476939759605948,0.0335288651002981,-16.6123860738721
"chr21",41730001,41735000,"*",0.105279228360958,0.451839423307409,7.18462823725982
"chr21",41735001,41740000,"*",0.121675952328219,0.479534035797801,-5.15313563441906
"chr21",41740001,41745000,"*",0.934186553396188,0.989266186235458,0.19912385503783
"chr21",41745001,41750000,"*",0.0151809293082212,0.193687718760064,-5.04229684696231
"chr21",41750001,41755000,"*",0.39236289242863,0.746700361064773,-2.46585862633143
"chr21",41755001,41760000,"*",0.0758587392433414,0.401571488614977,4.47981983573258
"chr21",41760001,41765000,"*",0.0419682437065072,0.308517732096867,7.87150390808927
"chr21",41765001,41770000,"*",0.788494887446119,0.936522921836629,-0.704634470868237
"chr21",41770001,41775000,"*",0.616338178358083,0.870576128964702,-1.57429696903382
"chr21",41775001,41780000,"*",0.6558571364149,0.88549439157274,2.13008207220456
"chr21",41780001,41785000,"*",0.549093409214843,0.836997254868688,2.83096845295495
"chr21",41785001,41790000,"*",0.490542013343894,0.81011025090889,-1.44705481784134
"chr21",41790001,41795000,"*",0.699460083830099,0.901577629139273,0.916514390132483
"chr21",41795001,41800000,"*",0.00226130513306541,0.0729270693712763,-7.1055381400209
"chr21",41800001,41805000,"*",0.923514564698709,0.987264970792815,0.287356321839072
"chr21",41805001,41810000,"*",0.544806193694156,0.834965672916922,1.289061563182
"chr21",41810001,41815000,"*",0.425281629023955,0.769390603467329,-1.58997450830806
"chr21",41815001,41820000,"*",2.26584056410834e-05,0.00568959841413978,11.1507836727852
"chr21",41820001,41825000,"*",0.147527292327491,0.517007410300229,3.15300241680609
"chr21",41825001,41830000,"*",0.259908625391175,0.643365364964775,-2.64223722275796
"chr21",41835001,41840000,"*",0.0920907094766706,0.430024118503174,2.43750832482352
"chr21",41840001,41845000,"*",0.324785425531635,0.694839461331873,-3.50830682219866
"chr21",41845001,41850000,"*",0.0999633088042587,0.444773456261987,3.62766493201275
"chr21",41850001,41855000,"*",0.104566631520148,0.450708885337395,3.17109786345241
"chr21",41855001,41860000,"*",0.0642725618540326,0.366452643823073,-3.17460317460317
"chr21",41860001,41865000,"*",0.0921007852895332,0.430024118503174,-3.3214374050387
"chr21",41865001,41870000,"*",0.31827033240743,0.690086245272885,2.64069264069264
"chr21",41870001,41875000,"*",0.439154886665161,0.77609274352314,1.83559258798657
"chr21",41875001,41880000,"*",0.483063820015225,0.805973908501706,-3.05084745762711
"chr21",41880001,41885000,"*",0.0182046819006242,0.209115872159131,5.70403119644322
"chr21",41885001,41890000,"*",0.602111377688774,0.864294940676447,-2.14285714285714
"chr21",41890001,41895000,"*",0.278220383023768,0.657441779044399,-2.9989604989605
"chr21",41895001,41900000,"*",0.110825102535754,0.460872703471089,7.24074920054819
"chr21",41900001,41905000,"*",0.378598993953486,0.735438222573364,-2.99258691905792
"chr21",41905001,41910000,"*",0.062103390984311,0.36141294587724,3.51182386518076
"chr21",41910001,41915000,"*",0.56207459283231,0.841714693023346,1.13463295766068
"chr21",41915001,41920000,"*",0.0503793019174679,0.337545558423733,3.91534391534392
"chr21",41920001,41925000,"*",0.379457292204772,0.736291682086543,-4.07456668144489
"chr21",41925001,41930000,"*",0.0287797672971793,0.251957365005194,11.3205365402405
"chr21",41930001,41935000,"*",0.315758109544499,0.689294204956338,-4.35690924546516
"chr21",41935001,41940000,"*",0.0504041431239515,0.337545558423733,3.63530778164924
"chr21",41940001,41945000,"*",0.337377841500754,0.705043467821136,-2.18890554722639
"chr21",41945001,41950000,"*",0.235800140685396,0.626246690222264,-5.06210385697639
"chr21",41950001,41955000,"*",0.677238808912639,0.895790274543438,-2.30872483221477
"chr21",41955001,41960000,"*",0.684973803933802,0.897719209853584,1.36534133533384
"chr21",41960001,41965000,"*",0.447628737063141,0.781366064276937,-2.1417309503402
"chr21",41965001,41970000,"*",0.967004042438196,0.996950491416447,0.145348837209303
"chr21",41970001,41975000,"*",0.0983244519953703,0.441620426691948,-3.70286916028241
"chr21",41975001,41980000,"*",0.892000209896241,0.974780269791788,-0.362786693721939
"chr21",41980001,41985000,"*",0.00431998729440841,0.101570269831743,-7.61904761904761
"chr21",41985001,41990000,"*",0.113191582520015,0.46210036301725,-4.33752697794388
"chr21",41990001,41995000,"*",0.79674546449826,0.939943046723069,-0.458534271483912
"chr21",41995001,42000000,"*",0.00560983034887842,0.11772270851527,-7.44847192608387
"chr21",42000001,42005000,"*",0.0708583166117772,0.389111409927886,5.53398058252428
"chr21",42005001,42010000,"*",0.00277557818739248,0.0797848683834053,-13.5182044100824
"chr21",42010001,42015000,"*",0.363118215039108,0.722228790213528,4.62498666382162
"chr21",42015001,42020000,"*",0.53097292738763,0.828761030092149,-1.45109507613084
"chr21",42020001,42025000,"*",0.559718797582565,0.841036444937441,1.26863876863877
"chr21",42025001,42030000,"*",0.347262735993923,0.712567727389748,-3.80851063829787
"chr21",42030001,42035000,"*",0.626172993357564,0.873444481193396,-1.77390465693029
"chr21",42035001,42040000,"*",0.0567486735165121,0.349185225229262,-6.57354992206087
"chr21",42040001,42045000,"*",0.361205138736358,0.720794183865037,-1.92114695340502
"chr21",42045001,42050000,"*",0.00633523050692541,0.123712973510238,5.91681130671956
"chr21",42050001,42055000,"*",0.519635272686212,0.822454668297301,2.68204035593433
"chr21",42055001,42060000,"*",5.38642830836363e-05,0.00996489237047271,-11.0320876540794
"chr21",42060001,42065000,"*",0.000932519500824356,0.0482030300793766,14.6799243980606
"chr21",42065001,42070000,"*",0.629354073361553,0.874414069805408,-1.19578627692891
"chr21",42070001,42075000,"*",0.134391189428426,0.496868889625864,-4.86111111111111
"chr21",42075001,42080000,"*",0.187108690451919,0.572122650065984,-3.98528510116494
"chr21",42080001,42085000,"*",0.0761997656453456,0.402467582634696,6.5920449957538
"chr21",42085001,42090000,"*",0.00048982511248264,0.0336014694298505,-10.1550759392486
"chr21",42090001,42095000,"*",0.417875667507182,0.76263394147858,1.95557984308521
"chr21",42095001,42100000,"*",0.0555200940576618,0.347807114966034,-7.31120731120731
"chr21",42100001,42105000,"*",0.367203557203553,0.725361118770299,-2.54581232320749
"chr21",42105001,42110000,"*",0.841756525320174,0.956224600353471,0.9412318371669
"chr21",42110001,42115000,"*",0.180351215545529,0.563247021450497,4.70038733196628
"chr21",42115001,42120000,"*",0.329977508702131,0.696828442828471,5.04077499863171
"chr21",42120001,42125000,"*",0.226445137795914,0.61630248498075,-4.99909567733767
"chr21",42125001,42130000,"*",0.766322671796833,0.930718664161931,-1.16757584457843
"chr21",42130001,42135000,"*",0.51522725351628,0.821139902545839,2.03273696231443
"chr21",42135001,42140000,"*",0.730209046405929,0.913736133185062,-0.952961672473873
"chr21",42145001,42150000,"*",0.35370933661155,0.715150024843025,3.63647256170621
"chr21",42150001,42155000,"*",0.239377566184225,0.628800559721356,-3.01356102461076
"chr21",42155001,42160000,"*",0.00411915552870798,0.100547442245893,-8.66358855970244
"chr21",42160001,42165000,"*",0.724915031036667,0.911686079705874,1.85771017029009
"chr21",42165001,42170000,"*",0.578962743830326,0.8513089498279,1.51888341543513
"chr21",42170001,42175000,"*",0.0635316686538127,0.36429659921395,-4.2185586434291
"chr21",42175001,42180000,"*",0.140284409651514,0.505636456824062,3.58643457382953
"chr21",42180001,42185000,"*",0.513622757308905,0.820841859383821,-2.35344920652056
"chr21",42185001,42190000,"*",0.0449823024371635,0.320212687140092,-9.83393031585802
"chr21",42190001,42195000,"*",0.00602922260918652,0.122148227500234,11.0206096507466
"chr21",42195001,42200000,"*",0.106198964901288,0.453334394136548,7.6068376068376
"chr21",42200001,42205000,"*",0.40123673861346,0.75298832686936,2.99558029137339
"chr21",42205001,42210000,"*",0.105058744402559,0.451383336961496,-6.92307692307692
"chr21",42210001,42215000,"*",0.97049083049376,0.997143855920606,-0.107584722969345
"chr21",42215001,42220000,"*",0.868338730115144,0.96703370946578,-0.926164136866481
"chr21",42220001,42225000,"*",0.102961276028064,0.449398527139222,-8.03553195834183
"chr21",42225001,42230000,"*",0.570470988936403,0.846435426809395,1.72811059907835
"chr21",42230001,42235000,"*",0.636610513126187,0.877179911265601,2.41918103448275
"chr21",42235001,42240000,"*",0.640556312968418,0.879022999055997,1.70152628603731
"chr21",42240001,42245000,"*",0.00427412812448222,0.101328016554936,-7.42478327383987
"chr21",42245001,42250000,"*",0.409195834153147,0.759205475935649,-3.29532842296438
"chr21",42250001,42255000,"*",0.87289492403438,0.968811385532316,-0.684017350684019
"chr21",42255001,42260000,"*",0.020453656672957,0.217204239291371,-6.3536794979414
"chr21",42260001,42265000,"*",0.00539677591821304,0.114438220850415,12.9236847577459
"chr21",42265001,42270000,"*",0.00973596536987996,0.156981276491413,15.2388369678089
"chr21",42270001,42275000,"*",0.590400990756012,0.857163370899742,-1.2950029101189
"chr21",42275001,42280000,"*",0.341722579724763,0.708437412252002,1.81991534302837
"chr21",42280001,42285000,"*",0.0549008715671609,0.346546953862723,-4.13248593106924
"chr21",42285001,42290000,"*",0.510532553609938,0.819477340790471,1.76911479179547
"chr21",42290001,42295000,"*",0.256735393214027,0.641326175798401,-3.65296803652968
"chr21",42295001,42300000,"*",0.651111643341824,0.883822137998266,1.06550580431177
"chr21",42300001,42305000,"*",0.273336662460787,0.654467144512166,3.5604588478656
"chr21",42305001,42310000,"*",0.00896139786751492,0.151356664886313,-10.0902676903922
"chr21",42310001,42315000,"*",0.0378704782346974,0.293851503300136,-7.2857142857143
"chr21",42315001,42320000,"*",0.136388353757979,0.499801851562113,-7.67031710427937
"chr21",42320001,42325000,"*",0.842930597944722,0.956224600353471,0.692989140788713
"chr21",42325001,42330000,"*",0.574589724047724,0.849077750086544,2.65706922598418
"chr21",42330001,42335000,"*",0.81129232481309,0.947721010873383,0.783619817997983
"chr21",42335001,42340000,"*",0.0539484985592182,0.344756826005419,7.62844611528822
"chr21",42340001,42345000,"*",0.643048630357911,0.880185333219649,0.942342254821005
"chr21",42345001,42350000,"*",0.136243283919932,0.499801851562113,-3.16742081447964
"chr21",42350001,42355000,"*",0.513423880929146,0.820841859383821,2.45215311004785
"chr21",42355001,42360000,"*",0.313484946781959,0.689286000460818,-2.76951381821028
"chr21",42360001,42365000,"*",0.0104539828974736,0.16187555015251,10.0227985180963
"chr21",42365001,42370000,"*",0.0091560571834424,0.151983690023737,-7.04119304381619
"chr21",42370001,42375000,"*",0.0117302587379016,0.171799414432185,7.09847922848664
"chr21",42375001,42380000,"*",0.211227323989971,0.601760646785992,-4.45159191029235
"chr21",42380001,42385000,"*",0.74320882038119,0.919564198347704,1.25884543761638
"chr21",42385001,42390000,"*",0.0190488666173408,0.212923767589813,-7.62819884302384
"chr21",42390001,42395000,"*",0.26361522051857,0.64397446128717,-3.83071124221567
"chr21",42395001,42400000,"*",0.000509710490946393,0.0338877183721099,7.98465671098161
"chr21",42400001,42405000,"*",5.04470080055434e-07,0.000252109255903803,24.2436305732484
"chr21",42405001,42410000,"*",0.702305333070088,0.902580695006901,-1.18355020651063
"chr21",42410001,42415000,"*",0.177927902209283,0.5605584044119,-4.04942279942281
"chr21",42415001,42420000,"*",0.288128939433702,0.667395863004588,2.90263371323687
"chr21",42420001,42425000,"*",0.239802002912426,0.628800559721356,6.15763546798029
"chr21",42425001,42430000,"*",0.862345180834404,0.964410852889891,-0.771130369956208
"chr21",42430001,42435000,"*",0.498228517176057,0.813391173918986,3.93658980582524
"chr21",42435001,42440000,"*",0.590765270435661,0.857163370899742,2.30963045912654
"chr21",42440001,42445000,"*",0.273387189276032,0.654467144512166,-3.25963837731258
"chr21",42445001,42450000,"*",0.474412971360716,0.800391182671296,-2.36484223219668
"chr21",42450001,42455000,"*",0.12330281669758,0.482671701210979,-5.51767097239525
"chr21",42455001,42460000,"*",0.895863551174543,0.977027732664759,0.44642857142857
"chr21",42460001,42465000,"*",0.95156032769675,0.994125294056792,-0.328042328042322
"chr21",42465001,42470000,"*",0.339273364228467,0.706622130699508,-4.81366459627329
"chr21",42470001,42475000,"*",0.962593063708715,0.9958836258826,0.130465949820791
"chr21",42475001,42480000,"*",0.427145734167467,0.770443006454811,-1.9916142557652
"chr21",42480001,42485000,"*",0.46316137194643,0.793066149276987,1.85398949327428
"chr21",42490001,42495000,"*",0.534531436300746,0.83104310522117,2.79176201372997
"chr21",42495001,42500000,"*",0.00621916509012481,0.122786372160944,-13.0464306934895
"chr21",42500001,42505000,"*",0.590119231494128,0.857163370899742,2.44134432466709
"chr21",42505001,42510000,"*",0.727964992148781,0.913392976594786,-1.83290707587382
"chr21",42510001,42515000,"*",0.824408384512986,0.950898369614441,-1.06845513413506
"chr21",42515001,42520000,"*",0.192962833690872,0.578477066459201,-5.86452590514879
"chr21",42520001,42525000,"*",0.817368750958754,0.949594159121394,0.930493973646407
"chr21",42525001,42530000,"*",0.652835808850631,0.884198614356485,-1.82051282051282
"chr21",42530001,42535000,"*",4.50785915291665e-08,5.28170830750067e-05,27.1392537597563
"chr21",42535001,42540000,"*",0.0603774490038986,0.355632883758766,-6.20855515083589
"chr21",42540001,42545000,"*",0.0052845357414172,0.11360943811059,-6.75438596491228
"chr21",42545001,42550000,"*",0.520182406067755,0.822454668297301,-1.63129374576654
"chr21",42550001,42555000,"*",0.958557456120519,0.994618979526121,0.207526286662985
"chr21",42555001,42560000,"*",0.232658401587789,0.623081357395108,-2.97709382313311
"chr21",42560001,42565000,"*",7.71527382953449e-05,0.0110948208063925,-9.69428355577939
"chr21",42565001,42570000,"*",0.652279428576726,0.884198614356485,0.961241903978616
"chr21",42570001,42575000,"*",0.722291066323094,0.910834948033418,-0.978148415211455
"chr21",42575001,42580000,"*",0.133124804735687,0.495481629161935,-4.13157256247617
"chr21",42580001,42585000,"*",0.0483249568015532,0.332736969946052,6.76691729323308
"chr21",42585001,42590000,"*",0.593518792799222,0.859115189854801,-1.27802690582959
"chr21",42590001,42595000,"*",0.8081488426296,0.946092650072621,-1.02719239775078
"chr21",42595001,42600000,"*",0.664825744653358,0.888490143914965,-1.46309429997373
"chr21",42600001,42605000,"*",0.000131355840510201,0.0156513823523172,-11.4297893070272
"chr21",42605001,42610000,"*",0.377990420860715,0.7348652263968,-2.38993982010742
"chr21",42610001,42615000,"*",0.623078363729978,0.872905718816609,1.78821879382889
"chr21",42615001,42620000,"*",0.375841726609893,0.732917430809306,-3.98827726809378
"chr21",42620001,42625000,"*",0.447253021840593,0.781366064276937,-2.46320843335769
"chr21",42625001,42630000,"*",0.184273277332945,0.56902691231965,4.62239386899195
"chr21",42635001,42640000,"*",0.279577395869908,0.658435207023602,-3.83295194508009
"chr21",42640001,42645000,"*",0.143305913357435,0.510381607411586,-4.87553126897389
"chr21",42645001,42650000,"*",0.0450452530176743,0.320212687140092,-4.62137287319213
"chr21",42650001,42655000,"*",7.5012345491289e-05,0.0110948208063925,20.407198286652
"chr21",42655001,42660000,"*",0.72765456490434,0.913333121158997,-1.04725558424066
"chr21",42660001,42665000,"*",0.291776572272842,0.670323301659503,2.19606014687026
"chr21",42665001,42670000,"*",0.353054458415972,0.714793127756987,2.13920095725586
"chr21",42670001,42675000,"*",0.0780798589096857,0.40419009227561,-6.69976080868301
"chr21",42675001,42680000,"*",0.546653796608342,0.83506653414964,-1.8693252625957
"chr21",42680001,42685000,"*",0.171749910275395,0.553966445804531,4.98953020823967
"chr21",42685001,42690000,"*",0.837218400015208,0.956224600353471,0.408163265306127
"chr21",42690001,42695000,"*",0.19091479377577,0.575784533395456,-3.18452380952381
"chr21",42695001,42700000,"*",0.0226911585270974,0.225142792492961,7.54647973178909
"chr21",42700001,42705000,"*",0.915141715032504,0.983502787643196,-0.261280273339359
"chr21",42705001,42710000,"*",0.643964213004007,0.880638935886507,-1.04074106984184
"chr21",42710001,42715000,"*",0.489392869402979,0.809721084154789,1.24777183600713
"chr21",42715001,42720000,"*",0.945893730018768,0.991813553566107,-0.180018001800186
"chr21",42720001,42725000,"*",0.789783165575304,0.936729748353468,-0.870224988773782
"chr21",42725001,42730000,"*",0.64293872525759,0.880185333219649,1.18722266302271
"chr21",42730001,42735000,"*",0.716371102430479,0.908713253353711,0.901086549269392
"chr21",42735001,42740000,"*",0.00362774496309905,0.0927383530566776,11.0460577673692
"chr21",42740001,42745000,"*",0.384386535368964,0.740725376555799,-2.08687211841786
"chr21",42745001,42750000,"*",0.0865116154982038,0.418566178219114,6.04085485879564
"chr21",42750001,42755000,"*",0.914056628872573,0.983502787643196,-0.222239965932081
"chr21",42755001,42760000,"*",0.145461348319732,0.513827034435391,2.89664252797893
"chr21",42760001,42765000,"*",0.743409484732296,0.919564198347704,0.994821730173168
"chr21",42765001,42770000,"*",0.0440845106971258,0.317534948976224,-4.56471135940411
"chr21",42770001,42775000,"*",0.894021144747778,0.976114448349356,-0.254925525328675
"chr21",42775001,42780000,"*",0.277567423599056,0.657441779044399,-3.60177528260375
"chr21",42780001,42785000,"*",0.0213701073483864,0.220604779235178,-10.7912070149917
"chr21",42785001,42790000,"*",0.210473554960419,0.601475240395019,2.654192097655
"chr21",42790001,42795000,"*",0.00161198410902573,0.0635581672652415,-6.72363935962262
"chr21",42795001,42800000,"*",0.0355253836393371,0.282515211520973,-6.88423645320198
"chr21",42800001,42805000,"*",0.0917744136149139,0.430024118503174,-5.14159152032907
"chr21",42805001,42810000,"*",0.767933700591779,0.930974693760566,1.23295910184443
"chr21",42810001,42815000,"*",0.0814609904971749,0.411397136187445,7.0494417862839
"chr21",42815001,42820000,"*",0.132371530694963,0.495435944199632,-6.78246484698097
"chr21",42820001,42825000,"*",0.447888955721977,0.781366064276937,-3.24074074074074
"chr21",42825001,42830000,"*",0.277802621102308,0.657441779044399,-3.93136124983993
"chr21",42830001,42835000,"*",0.0940001591094066,0.433047366678856,7.41741278172275
"chr21",42835001,42840000,"*",0.304574371931294,0.682549516951544,2.87817577879522
"chr21",42840001,42845000,"*",0.107335391215513,0.455364580676392,2.62786951268627
"chr21",42845001,42850000,"*",0.33314517908064,0.700642304784618,-1.69406092483015
"chr21",42850001,42855000,"*",0.196390397379626,0.5840564492407,-2.87303058387395
"chr21",42855001,42860000,"*",0.5671210938131,0.845390434585685,1.27800553401383
"chr21",42860001,42865000,"*",0.701666455910241,0.902580695006901,1.04084321475626
"chr21",42865001,42870000,"*",0.257033706197283,0.641326175798401,-3.32949308755761
"chr21",42870001,42875000,"*",0.0189812490344863,0.212923767589813,5.03238293754187
"chr21",42875001,42880000,"*",0.00126057229392665,0.0564447339255056,-11.8872798689604
"chr21",42880001,42885000,"*",0.0134288756032004,0.183310670855338,-9.27630453378957
"chr21",42885001,42890000,"*",0.00580328411779331,0.119991433376726,6.05734767025089
"chr21",42890001,42895000,"*",8.29078875619519e-05,0.0114282833247161,16.2562040955873
"chr21",42895001,42900000,"*",0.111537071279442,0.461404660244149,3.35264113426126
"chr21",42900001,42905000,"*",0.640972901378424,0.879315861749394,-0.976131751686693
"chr21",42905001,42910000,"*",0.913127285525516,0.983502787643196,0.185560053981104
"chr21",42910001,42915000,"*",0.9004143608642,0.97848415276038,-0.174069627851137
"chr21",42915001,42920000,"*",0.234135729459712,0.624973260749819,-2.04719387755102
"chr21",42920001,42925000,"*",0.964635062631112,0.996431973774512,-0.146823474137037
"chr21",42925001,42930000,"*",0.693258594481776,0.89959023877653,0.703948870120985
"chr21",42930001,42935000,"*",0.015440999779165,0.194883713550323,-5.72638146167558
"chr21",42935001,42940000,"*",0.13226574105365,0.495379946514203,-3.80607455251495
"chr21",42940001,42945000,"*",0.653037602977158,0.884198614356485,-1.33813168432257
"chr21",42945001,42950000,"*",0.315195523820031,0.689294204956338,2.87574079471485
"chr21",42950001,42955000,"*",0.75627495307081,0.92495935894928,1.03567318757192
"chr21",42955001,42960000,"*",0.308986968778682,0.686404514010884,-1.86856920986216
"chr21",42960001,42965000,"*",0.512745253100566,0.820719291734284,-1.39712642642101
"chr21",42965001,42970000,"*",0.444648411609867,0.780667357961723,1.4602710603242
"chr21",42970001,42975000,"*",0.146803314842942,0.51524079048721,-6.35656108597284
"chr21",42975001,42980000,"*",0.000229685756563115,0.0209700112810221,-14.8511009797264
"chr21",42980001,42985000,"*",0.370626103443387,0.728331098419309,3.11222988656054
"chr21",42985001,42990000,"*",0.380024643210766,0.736985721868051,1.96969696969697
"chr21",42990001,42995000,"*",0.62558613221621,0.873444481193396,-1.72482552342972
"chr21",42995001,43000000,"*",0.830547326126621,0.953264931048188,0.708442270388798
"chr21",43000001,43005000,"*",0.031265530679914,0.26449660731624,-5.17589690003483
"chr21",43005001,43010000,"*",0.676696421060915,0.895767541940096,0.793868769699579
"chr21",43010001,43015000,"*",0.790670263218298,0.936846990345568,-0.448506389100445
"chr21",43015001,43020000,"*",0.211346715053412,0.60176889705366,-3.43915343915344
"chr21",43020001,43025000,"*",0.293443431312683,0.671300788196604,-1.84412437743977
"chr21",43025001,43030000,"*",0.836140791255947,0.956224600353471,0.39364130799705
"chr21",43030001,43035000,"*",0.927231357413369,0.987791550631306,-0.131578947368416
"chr21",43035001,43040000,"*",0.315442362981022,0.689294204956338,4.4048605357636
"chr21",43040001,43045000,"*",0.0898176172395843,0.427257174811644,2.10526315789473
"chr21",43045001,43050000,"*",0.00122374772857053,0.0555028808506504,40.0793650793651
"chr21",43065001,43070000,"*",0.344016734906105,0.710236295437712,9.70695970695971
"chr21",43070001,43075000,"*",0.0787273579959171,0.405400157271365,-33.3333333333333
"chr21",43080001,43085000,"*",0.258155971472105,0.641326175798401,20.8333333333333
"chr21",43085001,43090000,"*",0.77988615018883,0.934003345115413,-1.69172932330828
"chr21",43095001,43100000,"*",0.679108446847912,0.895790274543438,-1.19013062409289
"chr21",43100001,43105000,"*",0.0139939993896257,0.185969405877257,51.7857142857143
"chr21",43110001,43115000,"*",0.0520369148764675,0.339304147647442,-23.5294117647059
"chr21",43115001,43120000,"*",0.0770240819373544,0.402586837189295,-16.1904761904762
"chr21",43135001,43140000,"*",0.000616566372840698,0.0383580672661071,-48.6631016042781
"chr21",43160001,43165000,"*",0.0927158809584913,0.430024118503174,-14.2857142857143
"chr21",43165001,43170000,"*",0.0160483852077564,0.197583446603376,-22.2222222222222
"chr21",43170001,43175000,"*",0.603816510130038,0.864367411159154,-10
"chr21",43185001,43190000,"*",0.0714324568969686,0.391358881770126,10.207075064711
"chr21",43190001,43195000,"*",0.371210572636754,0.728331098419309,3.31850042172003
"chr21",43195001,43200000,"*",0.00917631620861324,0.151983690023737,-9.65954287532481
"chr21",43200001,43205000,"*",0.578067408513989,0.851135329764939,-1.81197478991597
"chr21",43205001,43210000,"*",0.13242164141552,0.495435944199632,3.20652477515223
"chr21",43210001,43215000,"*",0.3978990119096,0.750429243318437,4.86710963455149
"chr21",43260001,43265000,"*",0.692906908239835,0.89959023877653,-2.02991452991453
"chr21",43265001,43270000,"*",0.322244732702756,0.692866442013075,5.31045751633987
"chr21",43270001,43275000,"*",0.164891267031834,0.541337839170397,-4.1364347702376
"chr21",43275001,43280000,"*",0.42772278873638,0.770602564022744,3.0705728380147
"chr21",43280001,43285000,"*",0.123133434897607,0.482512846895304,7.00772715161205
"chr21",43285001,43290000,"*",0.308942464998529,0.686404514010884,3.01175437740818
"chr21",43290001,43295000,"*",0.361925137967026,0.720794183865037,-2.73182189542484
"chr21",43300001,43305000,"*",0.94374144793044,0.99140800641826,-0.174734356552531
"chr21",43305001,43310000,"*",0.000202710734549894,0.0195100563924777,13.0404479241689
"chr21",43310001,43315000,"*",0.010210813771749,0.159870870412907,-9.51507389844588
"chr21",43315001,43320000,"*",0.23745154163463,0.628550111514431,3.35739593398889
"chr21",43320001,43325000,"*",0.949891265471985,0.993562802599026,0.14776402364225
"chr21",43325001,43330000,"*",0.938448105653761,0.989362292817104,-0.278915407428326
"chr21",43330001,43335000,"*",0.160684198232289,0.535360148612794,5.30495749829372
"chr21",43335001,43340000,"*",0.00307927005482216,0.0842306166747073,-12.8023598820059
"chr21",43340001,43345000,"*",0.00527050069999576,0.11360943811059,8.34430546412113
"chr21",43345001,43350000,"*",0.502751114400918,0.815164316511133,-2.41638795986623
"chr21",43350001,43355000,"*",0.021900262781424,0.221820378511937,-6.21514280885583
"chr21",43355001,43360000,"*",0.0594837212651531,0.353519283475954,5.06711212707345
"chr21",43360001,43365000,"*",0.186494079935981,0.572122650065984,-5.24594385784187
"chr21",43365001,43370000,"*",0.589379190890437,0.857163370899742,-1.4365604638038
"chr21",43370001,43375000,"*",0.0649186932593252,0.367835709229903,-5.25656679502833
"chr21",43375001,43380000,"*",0.457130160695014,0.787945830915872,-3.34620334620334
"chr21",43380001,43385000,"*",0.245423423316797,0.630306429305182,-18.1818181818182
"chr21",43405001,43410000,"*",0.773391235426411,0.932147405845657,3.61990950226244
"chr21",43410001,43415000,"*",0.0434523676006903,0.314593351424154,14.2857142857143
"chr21",43430001,43435000,"*",0.311902810071018,0.688654759673133,-12.5
"chr21",43435001,43440000,"*",0.283880747520251,0.66301716115195,6.68498168498168
"chr21",43440001,43445000,"*",0.0279216559301947,0.247215669004117,28.5714285714286
"chr21",43495001,43500000,"*",0.156957796188947,0.528999313892791,-14.9350649350649
"chr21",43505001,43510000,"*",0.0145634709153859,0.188342287003321,48.5714285714286
"chr21",43570001,43575000,"*",0.216185665953097,0.608644466019331,5.24411661397963
"chr21",43575001,43580000,"*",0.096928393801934,0.439050649760049,-5.23194451424838
"chr21",43580001,43585000,"*",0.380959538067354,0.737739440874137,2.00651080201243
"chr21",43585001,43590000,"*",0.558286684371325,0.840281825002087,-2.05278592375366
"chr21",43590001,43595000,"*",0.715042327770254,0.908337370193564,-1.35725787899701
"chr21",43595001,43600000,"*",0.44591050588279,0.780935074181838,2.22657205774407
"chr21",43600001,43605000,"*",0.733443682421651,0.91562341766511,1.52288072018004
"chr21",43605001,43610000,"*",0.157087404921851,0.529133062372612,-7.88098693759072
"chr21",43610001,43615000,"*",0.00792759910935915,0.140327768198274,-11.9047619047619
"chr21",43615001,43620000,"*",0.283210294534068,0.662915385248432,2.18040621266428
"chr21",43620001,43625000,"*",0.44954141705706,0.782433521283172,2.33494363929146
"chr21",43625001,43630000,"*",0.246976234643628,0.63149069486856,4.06402790321074
"chr21",43630001,43635000,"*",0.321196195154529,0.692392042325444,3.61044497735146
"chr21",43635001,43640000,"*",0.327208427331394,0.695136369030856,-3.2051282051282
"chr21",43640001,43645000,"*",0.648684124613938,0.882560929495791,1.29288490789251
"chr21",43645001,43650000,"*",0.749785249909974,0.922471743760347,1.29256965944273
"chr21",43650001,43655000,"*",0.832494603713823,0.954564844904286,0.665634674922599
"chr21",43655001,43660000,"*",0.0289314804021256,0.252970531376795,8.70870870870871
"chr21",43660001,43665000,"*",0.45195277955778,0.785082293128538,2.9915568243941
"chr21",43665001,43670000,"*",0.797650921361345,0.940380006233482,-0.740281224152195
"chr21",43670001,43675000,"*",0.443219088279228,0.779679819705604,1.47699866680648
"chr21",43675001,43680000,"*",0.88066656296873,0.970541767937008,0.326140953368315
"chr21",43680001,43685000,"*",0.849019831044598,0.958581153356581,0.311409852803535
"chr21",43685001,43690000,"*",0.310721713297828,0.687823585209734,2.94866398059614
"chr21",43690001,43695000,"*",0.711819781672197,0.906867173823042,0.609936262715804
"chr21",43695001,43700000,"*",0.781999747711194,0.934941875239743,-0.611169652265542
"chr21",43700001,43705000,"*",0.00133019775019982,0.05797832665555,-12.5188536953243
"chr21",43705001,43710000,"*",0.755193943204927,0.924915230092445,-0.849286140568328
"chr21",43710001,43715000,"*",0.32369319196295,0.693537880242095,2.70729049120878
"chr21",43715001,43720000,"*",0.789230334900281,0.936729748353468,-1.16852613035819
"chr21",43720001,43725000,"*",0.0417965679804144,0.308254689577317,7.78583765112262
"chr21",43725001,43730000,"*",0.0126290403787384,0.177209887949163,12.3056330172895
"chr21",43730001,43735000,"*",0.0498653890383128,0.336747055657386,-6.36734372229555
"chr21",43735001,43740000,"*",0.0500885994453739,0.336959668996152,5.38019272815613
"chr21",43740001,43745000,"*",0.125854021719068,0.486285372492061,4.05716920239743
"chr21",43745001,43750000,"*",0.739487762721945,0.917993814574478,-0.486240430374507
"chr21",43750001,43755000,"*",0.10677093107742,0.45455667787782,-3.52810416005082
"chr21",43755001,43760000,"*",0.471615112813464,0.799056873057692,1.65945165945166
"chr21",43760001,43765000,"*",0.00426917338122565,0.101328016554936,6.2465450525152
"chr21",43765001,43770000,"*",0.618789072870642,0.871444344065783,1.49545468648197
"chr21",43770001,43775000,"*",0.244091521890406,0.629942510605563,-2.84361984096934
"chr21",43775001,43780000,"*",0.000839342377474536,0.0464025249798683,13.9309764309764
"chr21",43780001,43785000,"*",0.667334746288676,0.889864049015438,1.785324136209
"chr21",43785001,43790000,"*",0.00101142149891858,0.0494046049254597,11.8822556346557
"chr21",43790001,43795000,"*",0.00645892415612466,0.125086051838998,-7.59947814742335
"chr21",43795001,43800000,"*",0.345122114153631,0.710664458845936,1.73088518698054
"chr21",43800001,43805000,"*",0.0228341904632032,0.22609064641735,-3.27569339613473
"chr21",43805001,43810000,"*",0.789891031044006,0.936729748353468,-0.741317111126827
"chr21",43810001,43815000,"*",2.98948685170885e-07,0.000175134104729277,24.6997053713077
"chr21",43815001,43820000,"*",0.213160000283738,0.603996292621798,6.25
"chr21",43820001,43825000,"*",0.394371670087183,0.748699119825248,-1.70250529046351
"chr21",43825001,43830000,"*",0.0898881026381822,0.427257174811644,-4.97866287339972
"chr21",43830001,43835000,"*",0.263485616314339,0.64397446128717,3.02453102453103
"chr21",43835001,43840000,"*",0.850988276125109,0.95958027751896,0.73232323232324
"chr21",43840001,43845000,"*",0.618519417609642,0.871444344065783,0.9226652295513
"chr21",43845001,43850000,"*",0.449804890266766,0.782433521283172,-1.84606523147814
"chr21",43850001,43855000,"*",0.412979022276676,0.760176041320942,2.2803937766763
"chr21",43855001,43860000,"*",0.224230304830068,0.615154173101253,4.38361131254532
"chr21",43860001,43865000,"*",2.15275250614675e-07,0.000151338501182116,-21.2848559998819
"chr21",43865001,43870000,"*",0.003261894654751,0.0865433115694303,12.5
"chr21",43870001,43875000,"*",0.117334649114565,0.470543401754361,-4.20687376074025
"chr21",43875001,43880000,"*",0.286442824724314,0.665070944762984,-2.89340101522843
"chr21",43880001,43885000,"*",0.960710662719412,0.995102322258115,0.181767337807603
"chr21",43885001,43890000,"*",0.583481138196299,0.854877165133386,1.24371408045977
"chr21",43890001,43895000,"*",0.0587505373638103,0.351802621522646,7.12349517659252
"chr21",43895001,43900000,"*",0.804492203037873,0.943855171454647,-0.418922770019947
"chr21",43900001,43905000,"*",0.00100957028008443,0.0494046049254597,-9.2654986522911
"chr21",43905001,43910000,"*",0.292503163606515,0.670896326314454,1.77239876104164
"chr21",43910001,43915000,"*",0.0683217485104539,0.3796852901411,6.0615732814903
"chr21",43915001,43920000,"*",0.386284957816951,0.741660502568503,3.89842632331903
"chr21",43920001,43925000,"*",0.015700426770307,0.195445355317751,-7.35049833887043
"chr21",43925001,43930000,"*",0.31174089231202,0.688654759673133,-2.04019719378081
"chr21",43930001,43935000,"*",0.161796395893651,0.536908062434045,2.93601370836294
"chr21",43935001,43940000,"*",0.631597737293411,0.875732679466869,1.8595041322314
"chr21",43940001,43945000,"*",0.0864399571166314,0.4185075058746,-3.38958667625741
"chr21",43945001,43950000,"*",0.0941246623449918,0.433047366678856,3.54004021485684
"chr21",43950001,43955000,"*",0.950299994530463,0.993565061604671,-0.134952766531715
"chr21",43955001,43960000,"*",0.0735310237066221,0.395443525282511,5.27276044517424
"chr21",43960001,43965000,"*",0.110705832093837,0.460872703471089,-2.83777019340159
"chr21",43965001,43970000,"*",0.0912578782687446,0.430024118503174,4.00885070935832
"chr21",43970001,43975000,"*",0.746138825781238,0.92043047819894,-0.805374908480128
"chr21",43975001,43980000,"*",0.118595645716089,0.473978049678287,-5.05900865460267
"chr21",43980001,43985000,"*",0.260916220619872,0.64397446128717,-2.55771360422523
"chr21",43985001,43990000,"*",0.000113249658841395,0.0144753654846365,11.188029925187
"chr21",43990001,43995000,"*",0.0254868007997693,0.238896279496504,-4.7979797979798
"chr21",43995001,44000000,"*",0.330255628093305,0.697015448639231,2.77935337492909
"chr21",44000001,44005000,"*",0.882332995823608,0.971464520068906,-0.293548832711699
"chr21",44010001,44015000,"*",1.09433381468736e-05,0.00349689396238733,18.6262564727383
"chr21",44015001,44020000,"*",0.501221792947491,0.814702706224476,2.56181744029728
"chr21",44020001,44025000,"*",0.863646220713635,0.964963826796014,-0.528755003159886
"chr21",44030001,44035000,"*",0.577792985061052,0.851135329764939,1.12656222496039
"chr21",44035001,44040000,"*",0.238339372440381,0.62870210176128,-2.7012987012987
"chr21",44040001,44045000,"*",0.135137235415202,0.49775797670079,-1.98423867154517
"chr21",44045001,44050000,"*",0.246778347151003,0.63149069486856,2.40090797974506
"chr21",44050001,44055000,"*",0.466023388469309,0.794409413418828,-1.79421768707484
"chr21",44055001,44060000,"*",0.36192154214737,0.720794183865037,-2.2055389920615
"chr21",44060001,44065000,"*",0.37418744875166,0.730704934645603,-1.76442129827258
"chr21",44065001,44070000,"*",0.366031061944669,0.725253203345835,-2.65127349462629
"chr21",44070001,44075000,"*",0.555764131764879,0.839457274778963,-0.966766714515643
"chr21",44075001,44080000,"*",0.816500945800165,0.949594159121394,-0.420979986197378
"chr21",44080001,44085000,"*",0.00613215814267818,0.122523549583789,-12.0400432900433
"chr21",44085001,44090000,"*",4.54577823449878e-10,7.98920524713161e-07,25.2474927208023
"chr21",44090001,44095000,"*",0.830236182679703,0.953264931048188,-0.492843737016291
"chr21",44095001,44100000,"*",0.899162396158355,0.978274976487139,0.313725490196071
"chr21",44100001,44105000,"*",0.541243365034696,0.833320380243959,-5
"chr21",44110001,44115000,"*",0.207662276933544,0.597815645717779,33.3333333333333
"chr21",44115001,44120000,"*",0.131602029248177,0.494721953336436,-11.1111111111111
"chr21",44130001,44135000,"*",0.0335206671800041,0.27433095491901,41.6666666666667
"chr21",44150001,44155000,"*",0.169092754325081,0.549364157378899,17.6113360323887
"chr21",44160001,44165000,"*",0.315334089500785,0.689294204956338,-14.1666666666667
"chr21",44190001,44195000,"*",0.17601212175078,0.557573109411106,-13.1410256410256
"chr21",44195001,44200000,"*",4.50764313196225e-06,0.00166782795882603,-12.3108176739462
"chr21",44200001,44205000,"*",0.969084534345042,0.997143855920606,-0.146198830409361
"chr21",44205001,44210000,"*",0.636026684775862,0.876891075499962,8.33333333333334
"chr21",44210001,44215000,"*",0.316393121312842,0.689689513613096,-8.97233201581028
"chr21",44220001,44225000,"*",0.573705424449029,0.848584192727493,-5.55555555555556
"chr21",44225001,44230000,"*",0.784889231319363,0.935433063904831,-2.834008097166
"chr21",44230001,44235000,"*",0.391930152606072,0.746541038021516,-7.5
"chr21",44250001,44255000,"*",0.0574176304887637,0.34988118038369,-10.196220055375
"chr21",44255001,44260000,"*",0.93650684776368,0.989266186235458,0.18607366327964
"chr21",44265001,44270000,"*",0.216470731507233,0.608796465209651,3.11462596754267
"chr21",44270001,44275000,"*",0.840747168118952,0.956224600353471,-0.476190476190474
"chr21",44275001,44280000,"*",0.133696103333986,0.49624266443396,-3.84455958549222
"chr21",44280001,44285000,"*",0.90534661983351,0.980135408136217,0.456338286552926
"chr21",44285001,44290000,"*",0.128624136415609,0.49000638793337,-7.5
"chr21",44290001,44295000,"*",0.148017719388466,0.518209445866991,5.89756423089757
"chr21",44295001,44300000,"*",0.00179871566125299,0.0665524794663606,-17.5492033739456
"chr21",44300001,44305000,"*",0.058922618746749,0.352232506096815,10.4743267169882
"chr21",44305001,44310000,"*",0.333412331489551,0.700714107734392,3.46200450060585
"chr21",44310001,44315000,"*",0.471294764830904,0.799056873057692,-1.22009569377991
"chr21",44315001,44320000,"*",0.480457965200225,0.804769953623441,-1.62085976039464
"chr21",44320001,44325000,"*",0.474286286343489,0.800391182671296,-1.54834761321909
"chr21",44325001,44330000,"*",0.0489945217599274,0.333803068279593,10.0475341651812
"chr21",44330001,44335000,"*",0.621906070848301,0.872480478559879,-1.43659711075441
"chr21",44335001,44340000,"*",0.0509733461623803,0.338378303608625,11.1070171129125
"chr21",44340001,44345000,"*",0.436846390319912,0.77609274352314,2.56583623723583
"chr21",44345001,44350000,"*",0.0171981630146631,0.202517731981711,-7.31331444759207
"chr21",44350001,44355000,"*",0.196402481650784,0.5840564492407,-6.43758765778401
"chr21",44355001,44360000,"*",0.427718682652999,0.770602564022744,2.07463388813739
"chr21",44360001,44365000,"*",0.00380496215124347,0.0958741359255972,-12.763420513751
"chr21",44365001,44370000,"*",0.046868464436451,0.326870342250248,-4.64352720450281
"chr21",44370001,44375000,"*",0.899475194898869,0.978274976487139,-0.297418630751967
"chr21",44375001,44380000,"*",5.37928711032297e-07,0.000252109255903803,21.2509314456036
"chr21",44380001,44385000,"*",0.741006952438918,0.918906134352725,-1.28205128205128
"chr21",44385001,44390000,"*",0.155482291655797,0.5278986140182,5.13784461152883
"chr21",44390001,44395000,"*",0.389011014081867,0.744148960270891,-3.45765345765345
"chr21",44395001,44400000,"*",0.783057136219065,0.935064153557724,0.733752620545081
"chr21",44400001,44405000,"*",0.0560728762256613,0.348066647233362,6.58385093167703
"chr21",44405001,44410000,"*",0.256978341207034,0.641326175798401,2.92868807838867
"chr21",44410001,44415000,"*",0.356013812450143,0.717333649046864,-2.35253416363951
"chr21",44415001,44420000,"*",0.32932225983322,0.696281349361664,3.45470410915437
"chr21",44420001,44425000,"*",0.515406693988968,0.821139902545839,-2.03729281767956
"chr21",44425001,44430000,"*",0.44519138521601,0.780667357961723,2.87628943603644
"chr21",44430001,44435000,"*",0.906796256952996,0.980735028673778,0.434322033898304
"chr21",44435001,44440000,"*",0.938485134776473,0.989362292817104,-0.219711236660391
"chr21",44440001,44445000,"*",0.871703874908607,0.967947913537752,-0.535665647792272
"chr21",44445001,44450000,"*",0.682330174663696,0.89731413878381,-1.1637239165329
"chr21",44450001,44455000,"*",0.343692780628257,0.710101258669394,-3.0512532734755
"chr21",44455001,44460000,"*",0.000180129426456889,0.0183912978838744,-17.8743961352657
"chr21",44460001,44465000,"*",0.0725907898273663,0.393994416087669,6.04670558798999
"chr21",44465001,44470000,"*",0.342027818341856,0.708443006170669,2.40740740740741
"chr21",44470001,44475000,"*",0.92340320470344,0.987264970792815,-0.240178418253556
"chr21",44475001,44480000,"*",0.0391109313275633,0.298320835947359,-7.71179957926946
"chr21",44480001,44485000,"*",0.694017910523221,0.899803895447492,-1.40807140383949
"chr21",44485001,44490000,"*",0.482003410825359,0.805630998122271,2.93619424054207
"chr21",44490001,44495000,"*",0.277021292691162,0.657441779044399,2.9670410877919
"chr21",44495001,44500000,"*",0.00445011827510235,0.104057820427517,9.81845253202037
"chr21",44500001,44505000,"*",0.713250985758897,0.90753926332761,1.15433397017034
"chr21",44505001,44510000,"*",0.36490090254064,0.723829950581461,-2.615518744551
"chr21",44510001,44515000,"*",0.497897072564693,0.813391173918986,-3.24361836944059
"chr21",44515001,44520000,"*",0.96610140728654,0.996869611821711,0.108303249097474
"chr21",44520001,44525000,"*",0.794475813699363,0.938914438760601,0.788215531722436
"chr21",44525001,44530000,"*",0.552055227090706,0.838580001393186,-1.24769287559986
"chr21",44530001,44535000,"*",0.0202589366937995,0.215788371147592,-5.39598832281759
"chr21",44535001,44540000,"*",0.247262951782024,0.63149069486856,3.70690506766769
"chr21",44540001,44545000,"*",0.773374595532069,0.932147405845657,-1.39146567717996
"chr21",44545001,44550000,"*",6.57447067388494e-05,0.0105726001758958,-14.9025307797538
"chr21",44550001,44555000,"*",0.318278156781185,0.690086245272885,3.41181446496546
"chr21",44555001,44560000,"*",0.961348553080501,0.995102322258115,-0.16919837569559
"chr21",44560001,44565000,"*",0.346719869588232,0.712132491878975,3.63636363636364
"chr21",44565001,44570000,"*",0.218564877589084,0.611668427329323,-5.49515001127905
"chr21",44570001,44575000,"*",0.355354745687864,0.716661338091876,3
"chr21",44575001,44580000,"*",0.592916923395002,0.858788157961811,1.787203622066
"chr21",44580001,44585000,"*",0.84497833338714,0.956933323473326,-0.968309859154926
"chr21",44585001,44590000,"*",0.00516768093485489,0.112125916580339,-15.2774006697439
"chr21",44590001,44595000,"*",0.00276519489052151,0.0797848683834053,13.5535714285714
"chr21",44595001,44600000,"*",0.559828568058384,0.841036444937441,-2.28514323784144
"chr21",44600001,44605000,"*",0.20861071428059,0.59889299567978,4.81555733761027
"chr21",44605001,44610000,"*",0.142763017671142,0.509195339537355,6.98400525854513
"chr21",44610001,44615000,"*",0.124142639966685,0.483770930690575,-5.79641400246657
"chr21",44615001,44620000,"*",0.0823678024050824,0.412425677284707,-6.25280143433438
"chr21",44620001,44625000,"*",0.647697212179358,0.881667092599859,2.06060606060606
"chr21",44625001,44630000,"*",0.89007384633139,0.974332691088251,-0.577507598784199
"chr21",44630001,44635000,"*",0.354991268273116,0.716661338091876,3.86003726129484
"chr21",44635001,44640000,"*",0.818800022234244,0.950018840783418,0.767263427109977
"chr21",44640001,44645000,"*",0.743644645785282,0.919564198347704,-1.06085864599796
"chr21",44645001,44650000,"*",0.00312555689788805,0.0848365443712471,11.0843373493976
"chr21",44650001,44655000,"*",0.14459824483879,0.512878437299429,-4.07454937875518
"chr21",44655001,44660000,"*",0.0570324008326961,0.349248935412764,9.3571961222968
"chr21",44660001,44665000,"*",0.203276782851595,0.592491685882631,-3.72772421852176
"chr21",44665001,44670000,"*",0.0923085160842375,0.430024118503174,-8.73041253597697
"chr21",44670001,44675000,"*",0.851612694265154,0.959673806105444,-1.05908584169454
"chr21",44675001,44680000,"*",0.0594585154139115,0.353519283475954,5.95735785953176
"chr21",44680001,44685000,"*",0.0284025411690821,0.250106810873508,8.66599462365592
"chr21",44685001,44690000,"*",0.27615618148894,0.657441779044399,3.27513475509725
"chr21",44690001,44695000,"*",0.32316097522559,0.693324643484115,-4.70159611380986
"chr21",44695001,44700000,"*",0.0015275985406833,0.0620752470578242,16.1094224924012
"chr21",44700001,44705000,"*",0.0020766316784568,0.0711237353537318,-14.6036812426854
"chr21",44705001,44710000,"*",0.0849252560695622,0.416604126258132,-4.5536272670419
"chr21",44710001,44715000,"*",0.0911650916933315,0.430024118503174,8.4043321299639
"chr21",44715001,44720000,"*",0.0135418962018099,0.183391798846084,-21.7391304347826
"chr21",44720001,44725000,"*",0.604919652975034,0.865225871905288,2.35317187959604
"chr21",44725001,44730000,"*",0.871077512868653,0.967947913537752,0.487371348298504
"chr21",44730001,44735000,"*",0.861254582244593,0.964193070459456,-0.550923168552708
"chr21",44735001,44740000,"*",0.0165599041206901,0.200027707849572,9.14115646258504
"chr21",44740001,44745000,"*",0.861420143863731,0.964193070459456,-0.709677419354837
"chr21",44745001,44750000,"*",0.139985970419262,0.505444977939093,-5.05639097744361
"chr21",44750001,44755000,"*",0.0732380296500954,0.39493532324247,-5.5589794157525
"chr21",44755001,44760000,"*",0.0208979801801374,0.219379780580338,5.41181703610349
"chr21",44760001,44765000,"*",0.163937152419549,0.5398024269365,4.39587527217452
"chr21",44765001,44770000,"*",0.662357884109128,0.887324855197383,-1.37285170320057
"chr21",44770001,44775000,"*",0.618575817796266,0.871444344065783,-1.31652661064426
"chr21",44775001,44780000,"*",0.206839056044609,0.597219688880435,-3.12926912568307
"chr21",44780001,44785000,"*",0.631243955115557,0.875732679466869,2.14874458049454
"chr21",44785001,44790000,"*",0.842834218437791,0.956224600353471,0.456997778483026
"chr21",44790001,44795000,"*",0.684471042132091,0.89731413878381,-2.19473482568003
"chr21",44795001,44800000,"*",0.397148705397137,0.750221917598643,-2.19815227779548
"chr21",44800001,44805000,"*",0.243301735025406,0.62944339640872,-4.69121813031161
"chr21",44805001,44810000,"*",0.901596593734539,0.979178750803925,-0.283969346870505
"chr21",44810001,44815000,"*",0.854055154380814,0.96089875469963,-0.511116790186561
"chr21",44815001,44820000,"*",0.21027717780971,0.601158422123735,6.24602747763164
"chr21",44820001,44825000,"*",0.590161795044111,0.857163370899742,2.15686274509804
"chr21",44825001,44830000,"*",0.387254479280395,0.742404960278478,4.86473070240754
"chr21",44830001,44835000,"*",0.652024148816804,0.884198614356485,1.49466192170818
"chr21",44835001,44840000,"*",0.774995775137343,0.932376160683282,-0.848265823420169
"chr21",44840001,44845000,"*",0.0533549748129456,0.34247405050289,4.90705373058314
"chr21",44845001,44850000,"*",0.000206108737400899,0.0195100563924777,15.4545454545455
"chr21",44850001,44855000,"*",0.0430214854178007,0.313410406722424,7.08169447081695
"chr21",44855001,44860000,"*",0.488379345745171,0.808788410032639,2.30192596009687
"chr21",44860001,44865000,"*",0.208260897373168,0.598803316373566,-3.25065101293198
"chr21",44865001,44870000,"*",0.371061915069387,0.728331098419309,-4.03452388171326
"chr21",44870001,44875000,"*",0.32632242153139,0.695136369030856,3.59684227171546
"chr21",44875001,44880000,"*",0.0186170357406205,0.211776312712884,10.2339655265575
"chr21",44880001,44885000,"*",0.537528820993519,0.831383196705431,3.42750311591193
"chr21",44885001,44890000,"*",0.597943834190603,0.861018439738576,-1.49560117302053
"chr21",44890001,44895000,"*",0.212907304421826,0.603766982688761,-3.53668763102725
"chr21",44895001,44900000,"*",0.0673814344861331,0.376842867492057,-4.59105779716467
"chr21",44900001,44905000,"*",0.000102731135723931,0.0133740719285044,-9.37176680060634
"chr21",44905001,44910000,"*",0.353259111861842,0.714793127756987,3.73608192103027
"chr21",44910001,44915000,"*",0.0258372935516251,0.240632019724272,-15.3318077803204
"chr21",44915001,44920000,"*",5.06490805920471e-06,0.00178031518281045,-18.9028651292802
"chr21",44920001,44925000,"*",0.00247435454481873,0.0769677542038747,13.2916839320435
"chr21",44925001,44930000,"*",0.33609138509127,0.704140436234188,-4.84496124031009
"chr21",44930001,44935000,"*",0.344687885307485,0.710247815711245,-5.63440860215054
"chr21",44935001,44940000,"*",2.7113254040368e-05,0.00657262675530299,-15.0897515253338
"chr21",44940001,44945000,"*",0.139733166760192,0.504791450320734,6.21208830980817
"chr21",44945001,44950000,"*",0.813899644046559,0.948965017551644,-0.791068580542265
"chr21",44950001,44955000,"*",0.0925588102266946,0.430024118503174,-5.21935907730492
"chr21",44955001,44960000,"*",0.418282806865185,0.762911792858145,-1.51749689141523
"chr21",44960001,44965000,"*",0.972820408117654,0.99823784397418,-0.0833333333333242
"chr21",44965001,44970000,"*",0.810998444173454,0.947618246367678,0.934267600934269
"chr21",44970001,44975000,"*",0.345911047633494,0.711299644271615,-2.77963607171529
"chr21",44975001,44980000,"*",0.0150325513360192,0.193197140570777,-5.9366094541974
"chr21",44980001,44985000,"*",0.0505596881950933,0.337545558423733,-10.6438739650962
"chr21",44985001,44990000,"*",0.688631327218513,0.899201468470827,-1.55717491895486
"chr21",44990001,44995000,"*",0.403336407280864,0.754539240937987,2.38818931828051
"chr21",44995001,45000000,"*",0.607767708193743,0.866478805232612,-1.91511387163561
"chr21",45000001,45005000,"*",0.318718674703521,0.690279077655977,-2.39040669721138
"chr21",45005001,45010000,"*",0.0384207983217225,0.29560285599997,-7.18009531694002
"chr21",45010001,45015000,"*",0.103362253741829,0.44951597520908,4.02563181219308
"chr21",45015001,45020000,"*",0.849711430785554,0.958977582023189,0.799086757990874
"chr21",45020001,45025000,"*",0.248565501930566,0.633121550207203,-2.22425032594524
"chr21",45025001,45030000,"*",0.00265815658526055,0.0789739801559383,-7.47800586510264
"chr21",45030001,45035000,"*",0.677297297329407,0.895790274543438,-1.73386622781239
"chr21",45035001,45040000,"*",0.435247232885018,0.775954137231102,2.11375330273954
"chr21",45040001,45045000,"*",0.0714800574954256,0.391358881770126,-5.75396825396826
"chr21",45045001,45050000,"*",0.936567407152996,0.989266186235458,0.350777734471874
"chr21",45050001,45055000,"*",0.0385166736978623,0.29560285599997,-6.7204688475765
"chr21",45055001,45060000,"*",0.133187465390118,0.495481629161935,-4.68158890290038
"chr21",45060001,45065000,"*",0.824391007254875,0.950898369614441,-0.829354109072633
"chr21",45065001,45070000,"*",0.257421285166069,0.641326175798401,3.77385772122615
"chr21",45070001,45075000,"*",9.73341670012255e-06,0.00325837711437436,18.2900432900433
"chr21",45075001,45080000,"*",4.91897714143704e-05,0.00960566925119511,-18.7514977234603
"chr21",45080001,45085000,"*",0.36378854473471,0.722438833187857,3.29763820303686
"chr21",45085001,45090000,"*",0.183971832408013,0.568743175826003,-4.85855410866637
"chr21",45090001,45095000,"*",0.472822871541737,0.79921730871325,-3.47222222222222
"chr21",45095001,45100000,"*",0.000958369628893777,0.0484858237050753,13.365539452496
"chr21",45100001,45105000,"*",0.00904371795271862,0.151676804627281,9.49328795613537
"chr21",45105001,45110000,"*",0.696988746539396,0.90016686487122,-1.7117958294429
"chr21",45110001,45115000,"*",0.0641082227753425,0.365812342622287,9.24268357698028
"chr21",45115001,45120000,"*",0.104480572951668,0.450708885337395,5.83627308570243
"chr21",45120001,45125000,"*",0.32430945687009,0.694243447562952,-2.61896693614756
"chr21",45125001,45130000,"*",0.15393244730607,0.527612036185705,-4.33580495161493
"chr21",45130001,45135000,"*",0.0254560696677058,0.238896279496504,10.8119644088387
"chr21",45135001,45140000,"*",0.121789657922736,0.479556621156264,5.96754057428215
"chr21",45140001,45145000,"*",0.0025655315961148,0.0782086315331068,-12.5343298365675
"chr21",45145001,45150000,"*",0.0488423991828768,0.333803068279593,-6.04198326681251
"chr21",45150001,45155000,"*",0.00953515112042736,0.154808573618024,-13.5533617240934
"chr21",45155001,45160000,"*",0.0371709941339572,0.291317824706488,6.45183645183646
"chr21",45160001,45165000,"*",3.31397497801595e-05,0.0073154278609716,12.8899116078603
"chr21",45165001,45170000,"*",0.005722737262768,0.119030068787438,-11.7280876494024
"chr21",45170001,45175000,"*",0.0435739358281287,0.315148939168462,4.94627054361568
"chr21",45175001,45180000,"*",0.371622800208348,0.728733134020834,1.63289396025968
"chr21",45180001,45185000,"*",0.17407393806658,0.556724263814205,-3.81789556546838
"chr21",45185001,45190000,"*",0.239934197576392,0.62891029416929,4.84563483950112
"chr21",45195001,45200000,"*",0.257650765022299,0.641326175798401,-3.29608938547485
"chr21",45200001,45205000,"*",0.154810493940032,0.527612036185705,-4.1452677916361
"chr21",45205001,45210000,"*",0.654260990450255,0.884510531320248,-1.49086694112475
"chr21",45210001,45215000,"*",0.341851015571068,0.708437412252002,3.65101627373717
"chr21",45215001,45220000,"*",0.0844871085773554,0.416604126258132,5.51657972057324
"chr21",45220001,45225000,"*",0.549097741162331,0.836997254868688,1.42682926829268
"chr21",45225001,45230000,"*",0.183699104472869,0.568722450911957,-4.70781028749622
"chr21",45230001,45235000,"*",0.634222826676212,0.876563345929752,1.28435782108945
"chr21",45235001,45240000,"*",0.457350588724185,0.787945830915872,-2.83291457286433
"chr21",45240001,45245000,"*",0.281884337944471,0.661210175425302,-5.10865421273351
"chr21",45245001,45250000,"*",0.0506999625225255,0.337545558423733,-7.24489795918367
"chr21",45250001,45255000,"*",0.116588835594409,0.468621792011832,6.19234943027672
"chr21",45255001,45260000,"*",0.070903515806205,0.389111409927886,-6.52714402714403
"chr21",45260001,45265000,"*",0.0788310120896097,0.405400157271365,-5.06477078029175
"chr21",45265001,45270000,"*",0.406377861044003,0.757136826965613,1.68630168630168
"chr21",45270001,45275000,"*",0.417859448214597,0.76263394147858,-2.29220728159157
"chr21",45275001,45280000,"*",0.0170681843343122,0.202002248939755,3.34372648102355
"chr21",45280001,45285000,"*",0.151781527842965,0.524126066560091,-2.67137096774194
"chr21",45285001,45290000,"*",0.971677299898887,0.997501667390359,0.132852879085688
"chr21",45290001,45295000,"*",0.875533386956326,0.969507325103692,-0.707920792079209
"chr21",45295001,45300000,"*",0.148798661866689,0.519907849365222,-4.15444015444015
"chr21",45300001,45305000,"*",0.220479496442615,0.612878948197541,4.05166385586772
"chr21",45305001,45310000,"*",0.936098101697746,0.989266186235458,-0.276923076923075
"chr21",45310001,45315000,"*",0.218305043563275,0.611428070219054,-3.51994636272209
"chr21",45315001,45320000,"*",0.0986577748871429,0.441760609844977,7.50440399295361
"chr21",45325001,45330000,"*",0.210844110664131,0.601760646785992,3.85587224580554
"chr21",45330001,45335000,"*",0.843110347717433,0.956224600353471,0.552763819095481
"chr21",45335001,45340000,"*",0.104695250320906,0.450708885337395,6.81794551881888
"chr21",45340001,45345000,"*",0.0711766982142888,0.390305919225,-4.29416105260132
"chr21",45345001,45350000,"*",0.917894415624015,0.98515867843877,0.343596608656849
"chr21",45350001,45355000,"*",0.402665278854935,0.75446079700165,2.55199839784854
"chr21",45355001,45360000,"*",0.155758476175347,0.527956647788183,5.12820512820513
"chr21",45360001,45365000,"*",0.957635312009588,0.994618979526121,-0.151680621283823
"chr21",45365001,45370000,"*",0.0188563914204055,0.212923767589813,-5.96890913964085
"chr21",45370001,45375000,"*",0.100707386409972,0.445188517544522,-5.82339256546058
"chr21",45375001,45380000,"*",0.935827309529606,0.989266186235458,-0.425170068027214
"chr21",45380001,45385000,"*",0.701819059021495,0.902580695006901,0.822695035460996
"chr21",45385001,45390000,"*",0.11017316207995,0.460331351633789,5.52965412555567
"chr21",45390001,45395000,"*",0.355829334419239,0.717167494543362,2.33766233766234
"chr21",45395001,45400000,"*",0.261553502786783,0.64397446128717,-3.31050228310502
"chr21",45400001,45405000,"*",0.0785090888230803,0.405226794732933,7.90671484210033
"chr21",45405001,45410000,"*",0.000560940026336972,0.035923364415354,18.5029069767442
"chr21",45410001,45415000,"*",0.956305944787421,0.994618979526121,-0.194946774400406
"chr21",45415001,45420000,"*",0.822588431058096,0.950898369614441,0.609680228941145
"chr21",45420001,45425000,"*",0.00106144722477543,0.0500803623501426,-9.83105590062112
"chr21",45425001,45430000,"*",0.240759601304117,0.62944339640872,3.24570898407299
"chr21",45430001,45435000,"*",0.219230951786411,0.612557071167914,-5.03795721187025
"chr21",45435001,45440000,"*",0.000493714470764685,0.0336014694298505,17.7499196399871
"chr21",45440001,45445000,"*",0.286144388150824,0.664990098743899,3.23835456578819
"chr21",45445001,45450000,"*",0.372611078885171,0.729450260251392,-1.9666770476487
"chr21",45450001,45455000,"*",0.000844882389391628,0.0464025249798683,-12.2655626496409
"chr21",45455001,45460000,"*",0.246693272103032,0.63149069486856,4.26475777587337
"chr21",45460001,45465000,"*",0.367325552832398,0.725361118770299,2.67934571334589
"chr21",45465001,45470000,"*",0.0485925287963734,0.333803068279593,-6.56988586763232
"chr21",45470001,45475000,"*",0.234603123084456,0.62566766133677,-2.86562140136416
"chr21",45475001,45480000,"*",0.0212206597285772,0.220031324324333,8.36701212436477
"chr21",45480001,45485000,"*",0.253163179390254,0.637441673034916,5.29522291180322
"chr21",45485001,45490000,"*",0.087120237199521,0.420236395196044,4.53679053575086
"chr21",45490001,45495000,"*",0.271821081986519,0.653076625552025,-3.07112849485731
"chr21",45495001,45500000,"*",0.929682554620076,0.988455589682265,-0.162554981832086
"chr21",45500001,45505000,"*",0.554204373647916,0.839282382070339,2.28571428571429
"chr21",45510001,45515000,"*",0.66274025688098,0.887324855197383,1.20165437066846
"chr21",45515001,45520000,"*",0.493983172726809,0.812266781442682,-2.12096833174871
"chr21",45520001,45525000,"*",0.00763328514235275,0.137242952815191,-4.65116279069767
"chr21",45525001,45530000,"*",0.0195700433682992,0.21396174942324,-5.44715447154471
"chr21",45530001,45535000,"*",0.00875139905980809,0.15019043747661,6.16304738436265
"chr21",45535001,45540000,"*",0.265473894000319,0.644656813410102,3.54102826012939
"chr21",45540001,45545000,"*",7.41288879253864e-15,2.60563041057733e-11,41.4757228587016
"chr21",45545001,45550000,"*",0.0722196493649028,0.393569096926564,4.90377761938703
"chr21",45550001,45555000,"*",0.00908285439752144,0.151676804627281,11.8071012188659
"chr21",45555001,45560000,"*",0.000707871317830529,0.0418179442382237,12.611320754717
"chr21",45560001,45565000,"*",0.89172497545624,0.974780269791788,-0.361594926812325
"chr21",45565001,45570000,"*",0.0937240533611622,0.432682410833429,4.82058520167201
"chr21",45570001,45575000,"*",0.284937770775545,0.664161978962893,2.51662462737904
"chr21",45575001,45580000,"*",0.0654998944376521,0.369257624616435,-6.37973320571873
"chr21",45580001,45585000,"*",0.343488760968712,0.710101258669394,-3.26289207868155
"chr21",45585001,45590000,"*",0.193546714262043,0.579239421567544,5.35524167790475
"chr21",45590001,45595000,"*",0.0071220880052897,0.131068792348656,-12.6936026936027
"chr21",45595001,45600000,"*",0.687245377111833,0.898351617905576,1.30500360679389
"chr21",45600001,45605000,"*",0.129656949545686,0.490423938318804,6.38655462184874
"chr21",45605001,45610000,"*",0.156029107989372,0.528364464915842,-3.49220715469105
"chr21",45610001,45615000,"*",0.0500457841392727,0.336959668996152,4.76656249254479
"chr21",45615001,45620000,"*",0.00124999610088845,0.0563299524951656,11.3534919941499
"chr21",45620001,45625000,"*",0.815448328849625,0.94956950144767,-0.973243163775361
"chr21",45625001,45630000,"*",0.515922393026321,0.821139902545839,2.73075083692014
"chr21",45630001,45635000,"*",0.751787575206475,0.923317025454493,1.20113047574187
"chr21",45635001,45640000,"*",0.727622393537957,0.913333121158997,1.92307692307693
"chr21",45640001,45645000,"*",0.639120770097723,0.878769811664989,2.26142017186793
"chr21",45645001,45650000,"*",0.664961165201785,0.888490143914965,2.53537735849056
"chr21",45650001,45655000,"*",0.567754587744356,0.845873614977653,-2.18434016074669
"chr21",45655001,45660000,"*",0.235631548183075,0.626035443585419,-5.0300710770913
"chr21",45660001,45665000,"*",0.456284856892365,0.787541583846545,2.58464719565779
"chr21",45665001,45670000,"*",0.162203912978651,0.536908062434045,-8.04597701149426
"chr21",45670001,45675000,"*",0.672596707325331,0.892816248583285,-1.2227538543328
"chr21",45675001,45680000,"*",0.826101282827406,0.95139287437992,-0.58558558558558
"chr21",45680001,45685000,"*",0.164851063695054,0.541337839170397,-4.64895635673624
"chr21",45685001,45690000,"*",0.0576333437957772,0.34988118038369,8.96969696969697
"chr21",45690001,45695000,"*",0.307109847170373,0.684974780043281,-3.98245614035088
"chr21",45695001,45700000,"*",0.264818814635477,0.64397446128717,3.97435897435898
"chr21",45700001,45705000,"*",0.671506075396207,0.892322017781286,1.69010531626411
"chr21",45705001,45710000,"*",0.453540878269582,0.786121950204739,3.02208804411448
"chr21",45710001,45715000,"*",0.796567635160495,0.939890982742242,-0.949705724986627
"chr21",45715001,45720000,"*",0.270109709535925,0.649853271060081,-4.58210795939664
"chr21",45720001,45725000,"*",0.920293705570961,0.986379745412999,-0.287081339712913
"chr21",45725001,45730000,"*",0.125579339197582,0.486285372492061,-6.80477339769374
"chr21",45730001,45735000,"*",0.499186554845678,0.813391173918986,-1.99218022714578
"chr21",45735001,45740000,"*",0.322384940515614,0.692866442013075,-3.13988095238095
"chr21",45740001,45745000,"*",0.290864904915384,0.669175932604883,3.66723259762309
"chr21",45745001,45750000,"*",0.338073509842748,0.705705969120465,-2.25856697819315
"chr21",45750001,45755000,"*",0.127080826596741,0.487454513118457,5.12889366272825
"chr21",45755001,45760000,"*",0.866689249739977,0.966501495189092,-0.525210084033612
"chr21",45760001,45765000,"*",0.217906746225672,0.611302583626464,-2.35742633973448
"chr21",45765001,45770000,"*",0.873048789591303,0.968829201393348,-0.506699695980173
"chr21",45770001,45775000,"*",0.228119571740006,0.618703931069539,-5.03783783783783
"chr21",45775001,45780000,"*",0.00319109445163875,0.0859379527306857,13.8888888888889
"chr21",45780001,45785000,"*",0.00695371429889873,0.129324369103857,-7.70552147239264
"chr21",45785001,45790000,"*",0.0101141779217796,0.159781282674406,-6.94461131803435
"chr21",45790001,45795000,"*",0.0114235996331724,0.170143867417801,-5.95706172377208
"chr21",45795001,45800000,"*",0.110639647591003,0.460872703471089,-4.00313971742543
"chr21",45800001,45805000,"*",0.776394929844678,0.933087124063725,-0.918285866382751
"chr21",45805001,45810000,"*",0.881448426804035,0.971098956344204,0.455996352029187
"chr21",45810001,45815000,"*",0.0597181589499634,0.354576568765407,-6.99843822548647
"chr21",45815001,45820000,"*",0.224580104224014,0.615154173101253,4.49367088607595
"chr21",45820001,45825000,"*",0.250080302588234,0.635368459412824,-4.13051614439794
"chr21",45825001,45830000,"*",0.0243062898407551,0.231554884234176,-7.18337458745875
"chr21",45830001,45835000,"*",0.0135094803782551,0.183391798846084,-5.76382380506092
"chr21",45835001,45840000,"*",0.534895383798084,0.83104310522117,1.46824130226619
"chr21",45840001,45845000,"*",0.775079129876686,0.932376160683282,0.823401950162517
"chr21",45845001,45850000,"*",0.0168394343195036,0.201217048878871,-7.25357194400347
"chr21",45850001,45855000,"*",0.885552764375359,0.973118689116996,0.397050482132721
"chr21",45855001,45860000,"*",0.0176196760913378,0.205416787598847,-6.37426900584795
"chr21",45860001,45865000,"*",0.842700264421052,0.956224600353471,0.408105826062488
"chr21",45865001,45870000,"*",0.0284260799271598,0.250106810873508,4.36419543847755
"chr21",45870001,45875000,"*",0.321641780994243,0.692751752570322,-3.06849699820946
"chr21",45875001,45880000,"*",0.00700931555283622,0.12981943046813,-6.80457349180081
"chr21",45880001,45885000,"*",0.00272809231833925,0.0797848683834053,13.4950123547177
"chr21",45885001,45890000,"*",0.00258099609042401,0.0782086315331068,10.2005870841487
"chr21",45890001,45895000,"*",0.00419012257983856,0.1008786360831,-10.6084648452151
"chr21",45895001,45900000,"*",0.543650599998706,0.834965672916922,-1.78494623655914
"chr21",45900001,45905000,"*",0.913711761665219,0.983502787643196,0.240888316916621
"chr21",45905001,45910000,"*",0.0961193782681328,0.437641987840009,-4.1192084942085
"chr21",45910001,45915000,"*",0.446566002590468,0.780935074181838,1.8840681786167
"chr21",45915001,45920000,"*",0.70574280440171,0.904534533262356,-1.34388655288976
"chr21",45920001,45925000,"*",0.0563422540244638,0.348066647233362,-4.91073203705913
"chr21",45925001,45930000,"*",0.234241719937803,0.624973260749819,-4.80236274628798
"chr21",45930001,45935000,"*",0.97089939335707,0.997143855920606,-0.0941619585687392
"chr21",45935001,45940000,"*",0.132607711979052,0.495481629161935,-5.76923076923077
"chr21",45940001,45945000,"*",0.0218335276364134,0.221820378511937,5.21008403361345
"chr21",45945001,45950000,"*",0.201093076614861,0.59129693306873,2.98701298701299
"chr21",45950001,45955000,"*",0.444291024879753,0.780520123551686,-2.54512173784304
"chr21",45955001,45960000,"*",0.425090463250326,0.769390603467329,2.81646605331103
"chr21",45960001,45965000,"*",0.835389340124118,0.955701718644841,0.712429804710413
"chr21",45965001,45970000,"*",0.0840952476945693,0.416037713788052,-6.63454410674574
"chr21",45970001,45975000,"*",0.00572292507114568,0.119030068787438,16.9670152855994
"chr21",45975001,45980000,"*",0.0854631561421307,0.416604126258132,9.48378018071397
"chr21",45980001,45985000,"*",0.0180031850827189,0.207820018278348,-12.6712328767123
"chr21",45985001,45990000,"*",0.204827875716034,0.594770741959405,4.11674347158217
"chr21",45990001,45995000,"*",0.600968429778173,0.8639689286995,-1.39462809917356
"chr21",45995001,46000000,"*",0.409173239520016,0.759205475935649,-3.16205533596838
"chr21",46000001,46005000,"*",0.267832104231429,0.647609606513198,2.05571404598087
"chr21",46005001,46010000,"*",0.956125031678641,0.99460772013922,-0.174825174825177
"chr21",46010001,46015000,"*",0.285953474734212,0.664990098743899,-3.27084524418501
"chr21",46015001,46020000,"*",0.400428630542007,0.751873203181172,-4.83091787439613
"chr21",46020001,46025000,"*",0.213359336919253,0.604317541717303,-2.56364922206506
"chr21",46025001,46030000,"*",0.965539579857183,0.996645227615115,-0.181554103122727
"chr21",46030001,46035000,"*",0.80663034639199,0.945212608190631,0.950599968832788
"chr21",46035001,46040000,"*",0.268813391314999,0.648674752896294,-2.15642964347407
"chr21",46040001,46045000,"*",0.358978444832162,0.720005268807446,-2.09354960392305
"chr21",46045001,46050000,"*",0.0106163135891463,0.162249562573371,9.95254585096833
"chr21",46050001,46055000,"*",0.742171448348472,0.919552272698452,0.688895740651019
"chr21",46055001,46060000,"*",0.0769611604295101,0.402586837189295,7.20687268983443
"chr21",46060001,46065000,"*",0.338128141167367,0.705705969120465,3.54056758231762
"chr21",46065001,46070000,"*",0.00076166487336822,0.0438893775391688,13.2637435557144
"chr21",46070001,46075000,"*",0.0910105544713408,0.430024118503174,-5.25274725274726
"chr21",46075001,46080000,"*",0.877657664571447,0.969507325103692,-0.431520513487726
"chr21",46080001,46085000,"*",0.0331724503636212,0.27433095491901,-6.45836145228776
"chr21",46085001,46090000,"*",0.80420827328468,0.943855171454647,-1.54088050314465
"chr21",46090001,46095000,"*",0.661286938269293,0.887324855197383,-1.78571428571429
"chr21",46095001,46100000,"*",5.25728265670504e-07,0.000252109255903803,23.4776228906823
"chr21",46100001,46105000,"*",0.341566698966183,0.708437412252002,4.07142857142857
"chr21",46105001,46110000,"*",0.504847452899569,0.815323471398855,-5.16018586451455
"chr21",46110001,46115000,"*",0.0256231040969339,0.239217027624761,3.5329917436735
"chr21",46115001,46120000,"*",0.585589430145724,0.856019492197991,3.04439746300211
"chr21",46120001,46125000,"*",0.0325824287599054,0.271884130525143,-10.365608678184
"chr21",46125001,46130000,"*",0.0985600518874738,0.441760609844977,-4.06868016270046
"chr21",46130001,46135000,"*",0.943144002176365,0.991224747391217,-0.170830664104205
"chr21",46135001,46140000,"*",0.665642863867676,0.888881401988763,-1.75150519978107
"chr21",46140001,46145000,"*",0.444163784405527,0.780520123551686,5.55555555555556
"chr21",46170001,46175000,"*",0.186607763922762,0.572122650065984,8.33333333333334
"chr21",46220001,46225000,"*",0.497527083561082,0.813391173918986,2.26942628903413
"chr21",46225001,46230000,"*",3.39682635676027e-05,0.0073154278609716,21.0321603842539
"chr21",46230001,46235000,"*",0.252869239168227,0.637386429312526,4.49346405228759
"chr21",46235001,46240000,"*",0.912421264562563,0.983502787643196,-0.173824130879341
"chr21",46240001,46245000,"*",0.0207191165237854,0.219379780580338,-9.38251804330392
"chr21",46245001,46250000,"*",0.922206743258407,0.987201425524325,0.365990990990994
"chr21",46250001,46255000,"*",0.330930058863343,0.697582702791394,-4.31340431340432
"chr21",46255001,46260000,"*",0.50369221694973,0.815164316511133,1.35424687803408
"chr21",46260001,46265000,"*",0.241447892262226,0.62944339640872,2.98468983023956
"chr21",46265001,46270000,"*",0.901038159354324,0.978723464193587,-0.195826862043347
"chr21",46270001,46275000,"*",0.891890781846762,0.974780269791788,0.26842246538139
"chr21",46275001,46280000,"*",0.239186754855771,0.628800559721356,1.49659863945578
"chr21",46280001,46285000,"*",0.0262677754826368,0.241645910143135,6.61589164890706
"chr21",46285001,46290000,"*",0.0282128234921581,0.248992178295977,10.6060606060606
"chr21",46290001,46295000,"*",0.442344826997928,0.778588916824095,-2.98730395817774
"chr21",46295001,46300000,"*",0.108296516450332,0.455896637422743,7.82025819265145
"chr21",46300001,46305000,"*",0.936637736000394,0.989266186235458,-0.180180180180178
"chr21",46305001,46310000,"*",0.240058631955087,0.62900193166018,2.45075101773431
"chr21",46310001,46315000,"*",0.0798498507425914,0.407361720406689,-3.47593582887701
"chr21",46315001,46320000,"*",0.113175202006272,0.46210036301725,6.33738601823708
"chr21",46320001,46325000,"*",0.846754350911766,0.957947069023128,0.626272461715499
"chr21",46325001,46330000,"*",0.000583384673460603,0.0369476959858382,13.2584654150659
"chr21",46330001,46335000,"*",0.96118248202318,0.995102322258115,-0.0905260385805517
"chr21",46335001,46340000,"*",0.302026646168049,0.680746175877327,-1.19335591033705
"chr21",46340001,46345000,"*",0.431882279883552,0.774128614885612,1.61010018401145
"chr21",46345001,46350000,"*",0.895118416187807,0.976607493829206,-0.261013496307605
"chr21",46350001,46355000,"*",0.0413029345825544,0.306609957883166,2.88461538461539
"chr21",46355001,46360000,"*",0.528425031190104,0.827267819319982,-0.936905284731382
"chr21",46360001,46365000,"*",0.266542904712293,0.645951332390653,-1.46209473888564
"chr21",46365001,46370000,"*",0.133466516902147,0.495832342742732,-5.3704536691942
"chr21",46370001,46375000,"*",0.24133939040615,0.62944339640872,-2.10067710067711
"chr21",46375001,46380000,"*",0.00631236456435115,0.123609813056793,-3.81150724781408
"chr21",46380001,46385000,"*",0.744998917593214,0.919638698978103,0.410747455720373
"chr21",46385001,46390000,"*",0.00533627927073207,0.114372083150142,-6.12858861956335
"chr21",46390001,46395000,"*",0.747473725070098,0.920914876838905,-0.507268170426056
"chr21",46395001,46400000,"*",0.77467023774319,0.932376160683282,-0.43858184449268
"chr21",46400001,46405000,"*",0.840824390056936,0.956224600353471,-0.27931488801054
"chr21",46405001,46410000,"*",0.936805660337893,0.989266186235458,0.128450799132429
"chr21",46410001,46415000,"*",0.646255690194068,0.881143813433727,0.789836216133477
"chr21",46415001,46420000,"*",0.913864784853259,0.983502787643196,-0.135581389105155
"chr21",46420001,46425000,"*",0.595273653605857,0.86036393033129,-1.44250082167768
"chr21",46425001,46430000,"*",0.00350295751156785,0.0905359974497132,6.26001876105775
"chr21",46430001,46435000,"*",0.0817527452708193,0.411397136187445,-4.06784825554821
"chr21",46435001,46440000,"*",0.140642166392298,0.505636456824062,-2.73617511520737
"chr21",46440001,46445000,"*",0.133077117019577,0.495481629161935,3.64422423005927
"chr21",46445001,46450000,"*",0.915278442005199,0.983502787643196,-0.251245397444233
"chr21",46450001,46455000,"*",0.00875932850148079,0.15019043747661,8.86030468525438
"chr21",46455001,46460000,"*",0.625150156583995,0.873444481193396,2.72556390977443
"chr21",46460001,46465000,"*",0.0449500207320335,0.320212687140092,-8.22556390977444
"chr21",46465001,46470000,"*",0.066482390752052,0.373001761362271,-6.68756530825496
"chr21",46470001,46475000,"*",0.474651676641056,0.800520111633271,2.41951219512195
"chr21",46475001,46480000,"*",0.805853801764439,0.944905504686022,0.564661595169003
"chr21",46480001,46485000,"*",0.0532351608277472,0.34247405050289,-7.64683592269799
"chr21",46485001,46490000,"*",0.287875946019136,0.66702963101995,-3.75461324094298
"chr21",46490001,46495000,"*",0.362441683931394,0.721394404880435,-2.30851938523812
"chr21",46495001,46500000,"*",0.363781820855053,0.722438833187857,2.35237329042639
"chr21",46500001,46505000,"*",0.73577100105654,0.916514768472463,-1.97568389057751
"chr21",46505001,46510000,"*",0.615709686262615,0.870212926100962,0.690382081686425
"chr21",46510001,46515000,"*",0.0375360198795002,0.292547915468832,-6.4327485380117
"chr21",46515001,46520000,"*",0.0916413739252011,0.430024118503174,7.93127386324193
"chr21",46520001,46525000,"*",0.735114188822592,0.916514768472463,-0.694749802128225
"chr21",46525001,46530000,"*",0.255341780333007,0.639947492242794,-4.45772058823529
"chr21",46530001,46535000,"*",0.439833519052073,0.77609274352314,2.17040358744395
"chr21",46535001,46540000,"*",0.559477429679784,0.841036444937441,-1.48809523809523
"chr21",46540001,46545000,"*",0.123698776595527,0.482937002393282,3.07539682539683
"chr21",46545001,46550000,"*",0.895200382679289,0.976607493829206,0.265005346599101
"chr21",46550001,46555000,"*",0.129364319761075,0.490423938318804,-7.06730769230769
"chr21",46555001,46560000,"*",0.00274107761676319,0.0797848683834053,5.97299343765775
"chr21",46560001,46565000,"*",0.121633074143907,0.479534035797801,4.00761611834276
"chr21",46565001,46570000,"*",0.701478720527512,0.902580695006901,0.929842931937175
"chr21",46575001,46580000,"*",0.0572159756274668,0.349459868515284,5.63045202220459
"chr21",46580001,46585000,"*",0.023208373169542,0.226822473994101,5.33333333333333
"chr21",46585001,46590000,"*",0.370601665679473,0.728331098419309,4.4864864864865
"chr21",46590001,46595000,"*",0.653020758596573,0.884198614356485,1.98227236099919
"chr21",46595001,46600000,"*",0.261137251042846,0.64397446128717,-4.21426366162396
"chr21",46600001,46605000,"*",0.593867120545768,0.859383667648569,-2.8908655490934
"chr21",46605001,46610000,"*",0.0145744244850365,0.188342287003321,-11.5102895012208
"chr21",46610001,46615000,"*",0.87048548270202,0.967947913537752,-0.493506493506501
"chr21",46615001,46620000,"*",0.212843363168391,0.603766982688761,-4.77901545095222
"chr21",46620001,46625000,"*",0.0569600052363285,0.349185225229262,-9.60220625104462
"chr21",46625001,46630000,"*",0.048025264730506,0.331322483862077,7.32658654859794
"chr21",46630001,46635000,"*",0.875558746179472,0.969507325103692,-0.694320811821258
"chr21",46635001,46640000,"*",0.353287539323804,0.714793127756987,4.38011289884384
"chr21",46640001,46645000,"*",0.211235076548861,0.601760646785992,-3.33333333333333
"chr21",46645001,46650000,"*",0.718894570038285,0.910149991203176,0.5776953969725
"chr21",46650001,46655000,"*",0.465573427147064,0.79402746066081,-1.34905951279679
"chr21",46655001,46660000,"*",0.0514130425906775,0.339204220272905,-3.23064874037332
"chr21",46660001,46665000,"*",0.531810152245259,0.829331271136684,1.47792065271847
"chr21",46665001,46670000,"*",0.0142387120666923,0.187449711289976,11.7901706137
"chr21",46670001,46675000,"*",0.865562222373704,0.965857527505896,0.5540780141844
"chr21",46680001,46685000,"*",0.0630549354337649,0.363398170328593,-10.6513008555963
"chr21",46685001,46690000,"*",0.729896176898801,0.913736133185062,3.04347826086957
"chr21",46695001,46700000,"*",0.0306358598235602,0.261498330769894,-14.1139240506329
